{
  "format_version": "1.10.0",
  "animation_controllers": {
    "controller.animation.black_hole": {
      "states": {
        "default": {
          "transitions": [
            {
              "walking": "(1.0)"
            }
          ],
          "on_entry": [
            "/execute @e[type=player,m=c] ~~~ tag @e[type=player,tag=!creative] add creative",
			"/execute @e[type=player,m=s] ~~~ tag @e[type=player,tag=creative] remove creative",
			"/execute @e[type=player,m=a] ~~~ tag @e[type=player,tag=creative] remove creative"
          ]
        },
        "walking": {
          "transitions": [
            {
              "default": "(1.0)"
            }
          ],
          "on_entry": [
            "/execute @e[type=player,m=c] ~~~ tag @e[type=player,tag=!creative] add creative",
			"/execute @e[type=player,m=s] ~~~ tag @e[type=player,tag=creative] remove creative",
			"/execute @e[type=player,m=a] ~~~ tag @e[type=player,tag=creative] remove creative"
          ]
        }
      }
    }
  }
}