{
    "format_version": "1.10.0",
    "animation_controllers": {
        "controller.animation.furnit": {
            "states": {
                "default": {
                    "transitions": [{
                            "facing": "(1.0)"
                        }
                    ],
                    "on_entry": [
                        "/function facing"
                    ]
                },
                "facing": {
                    "transitions": [{
                            "default": "(1.0)"
                        }
                    ],
                    "on_entry": [
                        "/function facing"
                    ]
                }
            }
        },
		"controller.animation.water": {
            "states": {
                "default": {
                    "transitions": [{
                            "water": "query.is_moving"
                        }
                    ],
                    "on_entry": [
                        "/function water"
                    ]
                },
                "water": {
                    "transitions": [{
                            "default": "query.is_moving"
                        }
                    ],
                    "on_entry": [
                        "/function water"
                    ]
                }
            }
        },
        "controller.animation.addon_tick": {
            "states": {
                "default": {
                    "transitions": [{
                            "ticking": "(1.0)"
                        }
                    ],
                    "on_entry": [
                        "/function addon_tick"
                    ]
                },
                "ticking": {
                    "transitions": [{
                            "default": "(1.0)"
                        }
                    ],
                    "on_entry": [
                        "/function addon_tick"
                    ]
                }
            }
        }
    }
}
