{
    "format_version": "1.10.0",
    "animation_controllers": {
        "controller.animation.scp023": {
            "states": {
                "default": {
                    "transitions": [{
                            "walking": "(1.0)"
                        }
                    ],
                    "on_entry": ["/function scp023"]
                },
                "walking": {
                    "transitions": [{
                            "default": "(1.0)"
                        }
                    ],
                    "on_entry": ["/function scp023"]
                }
            }
        },
		"controller.animation.cursing": {
            "states": {
                "default": {
                    "transitions": [{
                            "walking": "(1.0)"
                        }
                    ],
                    "on_entry": [
						"/execute @s ~~~ tag @e[tag=!cursed,r=3,type=!entity:scp023,type=!player] add cursed",
						"/execute @s ~~~ tag @e[type=player,m=c] remove cursed",
						"/execute @s ~~~ tag @e[type=player,m=c] remove ecursed",
						"/execute @s[r=3] ~~~ title @a[tag=cursed] actionbar §lYou looked at the §0§lBlack Shuck",
						"/execute @s[r=3] ~~~ title @a[tag=ecursed] actionbar §lYou looked at the §0§lBlack Shuck",
						"/execute @s ~~~ tag @a[tag=!ecursed,r=3] add ecursed",
						"/effect @s invisibility 10 1 true"
					]
                },
                "walking": {
                    "transitions": [{
                            "default": "(1.0)"
                        }
                    ],
                    "on_entry": [
						"/execute @s ~~~ tag @e[tag=!cursed,r=3,type=!entity:scp023,type=!player] add cursed",
						"/execute @s ~~~ tag @e[type=player,m=c] remove cursed",
						"/execute @s ~~~ tag @e[type=player,m=c] remove ecursed",
						"/execute @s[r=3] ~~~ title @a[tag=cursed] actionbar §lYou looked at the §0§lBlack Shuck",
						"/execute @s[r=3] ~~~ title @a[tag=ecursed] actionbar §lYou looked at the §0§lBlack Shuck",
						"/execute @s ~~~ tag @a[tag=!ecursed,r=3] add ecursed",
						"/effect @s invisibility 10 1 true"
					]
                }
            }
        },
		"controller.animation.scp023.cursed": {
            "states": {
				"default": {
                    "transitions": [{
                            "scp023cursed": "query.is_stunned && query.is_angry"
                        }
                    ],
                    "on_exit": [
						"/title @e[tag=cursed] actionbar §lYou looked at the §0§lBlack Shuck"
                    ]
                },
                "scp023cursed": {
                    "transitions": [{
                            "default": "!query.is_stunned || query.is_angry"
                        }
                    ],
                    "on_entry": [
						"/scoreboard objectives add scp023 dummy SCP023"
                    ]
                }
            }
        }
    }
}