{
    "format_version": "1.10.0",
    "animation_controllers": {
        "controller.animation.scp001_p": {
            "states": {
                "default": {
                    "transitions": [{
                            "des": "(1.0)"
                        }
                    ],
                    "on_entry": [
                        "/execute @s ~~~ execute @e[type=bd:black_hole,c=1,r=3] ~~~ spreadplayers ~ ~ 0 20 @e[type=entity:scp001_p,r=3]"
                    ]
                },
                "des": {
                    "transitions": [{
                            "default": "(1.0)"
                        }
                    ],
                    "on_entry": [
                        "/execute @s ~~~ execute @e[type=bd:black_hole,c=1,r=3] ~~~ spreadplayers ~ ~ 0 20 @e[type=entity:scp001_p,r=3]"
                    ]
                }
            }
        },
		"controller.animation.scp001_p.abi": {
            "states": {
                "default": {
                    "transitions": [{
                            "scp001_pabi": "query.is_onfire"
                        }
                    ],
                    "on_entry": [
                        "@s minecraft:entity_spawned"
                    ]
                },
                "scp001_pabi": {
                    "transitions": [{
                            "default": "!query.is_onfire"
                        }
                    ],
                    "on_entry": [
                        "@s minecraft:remove_ability"
                    ]
                }
            }
        },
        "controller.animation.addon_tick": {
            "states": {
                "default": {
                    "transitions": [{
                            "ticking": "(1.0)"
                        }
                    ],
                    "on_entry": [
                        "/function addon_tick"
                    ]
                },
                "ticking": {
                    "transitions": [{
                            "default": "(1.0)"
                        }
                    ],
                    "on_entry": [
                        "/function addon_tick"
                    ]
                }
            }
        }
    }
}
