{
    "format_version": "1.10.0",
    "animation_controllers": {
        "controller.animation.scp1765": {
            "states": {
                "default": {
                    "transitions": [{
                            "des": "(1.0)"
                        }
                    ],
                    "on_entry": ["/execute @s ~~~ tp @e[type=entity:scp1765_3,c=1,rm=20] @e[type=entity:scp1765_1,c=1]", "/execute @s ~~~ tp @e[type=entity:scp1765_2,c=1,rm=20] @e[type=entity:scp1765_1,c=1]", "/execute @e[type=entity:scp1765_1] ~~~ execute @a[c=1,rm=30] ~~~ spreadplayers ~ ~ 0 1 @e[type=entity:scp1765_1]", "/effect @s clear", "/execute @s ~~~ execute @e[type=minecraft:arrow,c=1,r=3] ~~~ spreadplayers ~ ~ 0 2 @s[r=3]"]
                },
                "des": {
                    "transitions": [{
                            "default": "(1.0)"
                        }
                    ],
                    "on_entry": ["/execute @s ~~~ tp @e[type=entity:scp1765_3,c=1,rm=20] @e[type=entity:scp1765_1,c=1]", "/execute @s ~~~ tp @e[type=entity:scp1765_2,c=1,rm=20] @e[type=entity:scp1765_1,c=1]", "/execute @e[type=entity:scp1765_1] ~~~ execute @a[c=1,rm=30] ~~~ spreadplayers ~ ~ 0 1 @e[type=entity:scp1765_1]", "/effect @s clear", "/execute @s ~~~ execute @e[type=minecraft:arrow,c=1,r=3] ~~~ spreadplayers ~ ~ 0 2 @s[r=3]"]
                }
            }
        }
    }
}
