{
	"format_version": "1.12.0",
	"minecraft:geometry": [
		{
			"description": {
				"identifier": "geometry.cargo_cont_truck",
				"texture_width": 512,
				"texture_height": 512,
				"visible_bounds_width": 15,
				"visible_bounds_height": 6,
				"visible_bounds_offset": [
					0,
					2,
					0
				]
			},
			"bones": [
				{
					"name": "body",
					"pivot": [
						0,
						2,
						0
					],
					"cubes": [
						{
							"origin": [
								-20,
								20,
								-5
							],
							"size": [
								40,
								40,
								104
							],
							"uv": [
								0,
								0
							]
						},
						{
							"origin": [
								-4,
								14,
								-4
							],
							"size": [
								8,
								2,
								8
							],
							"uv": [
								56,
								58
							]
						},
						{
							"origin": [
								-3,
								11,
								-3
							],
							"size": [
								6,
								3,
								6
							],
							"uv": [
								67,
								16
							]
						},
						{
							"origin": [
								-1,
								15,
								-1
							],
							"size": [
								2,
								2,
								2
							],
							"uv": [
								44,
								26
							]
						},
						{
							"origin": [
								-23,
								17,
								-8
							],
							"size": [
								46,
								2,
								110
							],
							"uv": [
								0,
								144
							]
						},
						{
							"origin": [
								-23,
								15,
								99
							],
							"size": [
								46,
								2,
								5
							],
							"uv": [
								0,
								191
							]
						},
						{
							"origin": [
								14,
								14,
								104
							],
							"size": [
								10,
								4,
								1
							],
							"uv": [
								0,
								186
							],
							"mirror": true
						},
						{
							"origin": [
								-24,
								14,
								104
							],
							"size": [
								10,
								4,
								1
							],
							"uv": [
								0,
								186
							]
						},
						{
							"origin": [
								12,
								5,
								79
							],
							"size": [
								4,
								12,
								4
							],
							"uv": [
								80,
								45
							]
						},
						{
							"origin": [
								-16,
								5,
								79
							],
							"size": [
								4,
								12,
								4
							],
							"uv": [
								0,
								80
							]
						},
						{
							"origin": [
								-16,
								5,
								60
							],
							"size": [
								4,
								12,
								4
							],
							"uv": [
								28,
								78
							]
						},
						{
							"origin": [
								12,
								5,
								60
							],
							"size": [
								4,
								12,
								4
							],
							"uv": [
								78,
								68
							]
						}
					]
				},
				{
					"name": "limb",
					"parent": "body",
					"pivot": [
						0,
						0,
						0
					],
					"cubes": [
						{
							"origin": [
								16,
								0,
								-4
							],
							"size": [
								3,
								17,
								3
							],
							"uv": [
								66,
								68
							]
						},
						{
							"origin": [
								-19,
								0,
								-4
							],
							"size": [
								3,
								17,
								3
							],
							"uv": [
								54,
								68
							]
						}
					]
				},
				{
					"name": "container",
					"parent": "body",
					"pivot": [
						0,
						2,
						0
					],
					"cubes": [
						{
							"origin": [
								-20,
								19,
								99
							],
							"size": [
								40,
								2,
								2
							],
							"uv": [
								0,
								8
							]
						},
						{
							"origin": [
								-20,
								19,
								-7
							],
							"size": [
								40,
								2,
								2
							],
							"uv": [
								0,
								12
							]
						},
						{
							"origin": [
								-22,
								19,
								-7
							],
							"size": [
								2,
								2,
								108
							],
							"uv": [
								0,
								256
							]
						},
						{
							"origin": [
								20,
								19,
								-7
							],
							"size": [
								2,
								2,
								108
							],
							"uv": [
								112,
								258
							]
						},
						{
							"origin": [
								-20,
								59,
								99
							],
							"size": [
								40,
								2,
								2
							],
							"uv": [
								0,
								0
							]
						},
						{
							"origin": [
								-20,
								59,
								-7
							],
							"size": [
								40,
								2,
								2
							],
							"uv": [
								0,
								4
							]
						},
						{
							"origin": [
								-22,
								59,
								-7
							],
							"size": [
								2,
								2,
								108
							],
							"uv": [
								202,
								36
							]
						},
						{
							"origin": [
								20,
								59,
								-7
							],
							"size": [
								2,
								2,
								108
							],
							"uv": [
								204,
								148
							]
						},
						{
							"origin": [
								20,
								21,
								99
							],
							"size": [
								2,
								38,
								2
							],
							"uv": [
								24,
								40
							]
						},
						{
							"origin": [
								-22,
								21,
								99
							],
							"size": [
								2,
								38,
								2
							],
							"uv": [
								16,
								40
							]
						},
						{
							"origin": [
								-22,
								21,
								-7
							],
							"size": [
								2,
								38,
								2
							],
							"uv": [
								0,
								40
							]
						},
						{
							"origin": [
								20,
								21,
								-7
							],
							"size": [
								2,
								38,
								2
							],
							"uv": [
								8,
								40
							]
						}
					]
				},
				{
					"name": "leg0",
					"pivot": [
						19.5,
						7.4641,
						81
					],
					"cubes": [
						{
							"origin": [
								17,
								0,
								79
							],
							"size": [
								5,
								3,
								4
							],
							"uv": [
								72,
								151
							]
						},
						{
							"origin": [
								18,
								2.9641,
								76.5
							],
							"size": [
								3,
								9,
								9
							],
							"uv": [
								52,
								40
							]
						},
						{
							"origin": [
								2,
								5.9641,
								79.5
							],
							"size": [
								20,
								3,
								3
							],
							"uv": [
								0,
								34
							]
						},
						{
							"origin": [
								-3,
								4.2641,
								78.5
							],
							"size": [
								6,
								6,
								5
							],
							"uv": [
								67,
								34
							]
						},
						{
							"origin": [
								17,
								11.9282,
								79
							],
							"size": [
								5,
								3,
								4
							],
							"uv": [
								18,
								151
							]
						},
						{
							"origin": [
								17,
								10.83013,
								76.90192
							],
							"size": [
								5,
								3,
								4
							],
							"pivot": [
								21,
								10.83013,
								77.90192
							],
							"rotation": [
								30,
								0,
								0
							],
							"uv": [
								0,
								151
							]
						},
						{
							"origin": [
								17,
								8.83013,
								75.63397
							],
							"size": [
								5,
								3,
								4
							],
							"pivot": [
								21,
								8.83013,
								76.63397
							],
							"rotation": [
								60,
								0,
								0
							],
							"uv": [
								90,
								144
							]
						},
						{
							"origin": [
								17,
								5.4641,
								85.4641
							],
							"size": [
								5,
								4,
								3
							],
							"uv": [
								0,
								179
							]
						},
						{
							"origin": [
								17,
								5.4641,
								73.5359
							],
							"size": [
								5,
								4,
								3
							],
							"uv": [
								64,
								172
							]
						},
						{
							"origin": [
								17,
								2.5,
								75.40192
							],
							"size": [
								5,
								4,
								3
							],
							"pivot": [
								21,
								2.5,
								76.40192
							],
							"rotation": [
								30,
								0,
								0
							],
							"uv": [
								48,
								172
							]
						},
						{
							"origin": [
								17,
								0.86603,
								78.5
							],
							"size": [
								5,
								4,
								3
							],
							"pivot": [
								21,
								0.86603,
								79.5
							],
							"rotation": [
								60,
								0,
								0
							],
							"uv": [
								32,
								172
							]
						},
						{
							"origin": [
								17,
								8.4641,
								85.73205
							],
							"size": [
								5,
								4,
								3
							],
							"pivot": [
								21,
								8.4641,
								86.73205
							],
							"rotation": [
								30,
								0,
								0
							],
							"uv": [
								93,
								178
							]
						},
						{
							"origin": [
								17,
								11.19615,
								84.4641
							],
							"size": [
								5,
								4,
								3
							],
							"pivot": [
								21,
								11.19615,
								85.4641
							],
							"rotation": [
								60,
								0,
								0
							],
							"uv": [
								80,
								174
							]
						},
						{
							"origin": [
								17,
								0.79904,
								81.98205
							],
							"size": [
								5,
								3,
								4
							],
							"pivot": [
								19.5,
								2.29904,
								83.98205
							],
							"rotation": [
								30,
								0,
								0
							],
							"uv": [
								54,
								151
							]
						},
						{
							"origin": [
								17,
								2.98205,
								84.16506
							],
							"size": [
								5,
								3,
								4
							],
							"pivot": [
								19.5,
								4.48205,
								86.16506
							],
							"rotation": [
								60,
								0,
								0
							],
							"uv": [
								36,
								151
							]
						},
						{
							"origin": [
								-22,
								0,
								79
							],
							"size": [
								5,
								3,
								4
							],
							"uv": [
								44,
								97
							]
						},
						{
							"origin": [
								-21,
								2.9641,
								76.5
							],
							"size": [
								3,
								9,
								9
							],
							"uv": [
								52,
								16
							]
						},
						{
							"origin": [
								-22,
								5.9641,
								79.5
							],
							"size": [
								20,
								3,
								3
							],
							"uv": [
								0,
								28
							]
						},
						{
							"origin": [
								-22,
								11.9282,
								79
							],
							"size": [
								5,
								3,
								4
							],
							"uv": [
								0,
								144
							]
						},
						{
							"origin": [
								-22,
								10.83013,
								76.90192
							],
							"size": [
								5,
								3,
								4
							],
							"pivot": [
								-18,
								10.83013,
								77.90192
							],
							"rotation": [
								30,
								0,
								0
							],
							"uv": [
								18,
								144
							]
						},
						{
							"origin": [
								-22,
								8.83013,
								75.63397
							],
							"size": [
								5,
								3,
								4
							],
							"pivot": [
								-18,
								8.83013,
								76.63397
							],
							"rotation": [
								60,
								0,
								0
							],
							"uv": [
								36,
								144
							]
						},
						{
							"origin": [
								-22,
								5.4641,
								85.4641
							],
							"size": [
								5,
								4,
								3
							],
							"uv": [
								48,
								165
							]
						},
						{
							"origin": [
								-22,
								5.4641,
								73.5359
							],
							"size": [
								5,
								4,
								3
							],
							"uv": [
								64,
								165
							]
						},
						{
							"origin": [
								-22,
								2.5,
								75.40192
							],
							"size": [
								5,
								4,
								3
							],
							"pivot": [
								-18,
								2.5,
								76.40192
							],
							"rotation": [
								30,
								0,
								0
							],
							"uv": [
								80,
								166
							]
						},
						{
							"origin": [
								-22,
								0.86603,
								78.5
							],
							"size": [
								5,
								4,
								3
							],
							"pivot": [
								-18,
								0.86603,
								79.5
							],
							"rotation": [
								60,
								0,
								0
							],
							"uv": [
								93,
								170
							]
						},
						{
							"origin": [
								-22,
								8.4641,
								85.73205
							],
							"size": [
								5,
								4,
								3
							],
							"pivot": [
								-18,
								8.4641,
								86.73205
							],
							"rotation": [
								30,
								0,
								0
							],
							"uv": [
								0,
								172
							]
						},
						{
							"origin": [
								-22,
								11.19615,
								84.4641
							],
							"size": [
								5,
								4,
								3
							],
							"pivot": [
								-18,
								11.19615,
								85.4641
							],
							"rotation": [
								60,
								0,
								0
							],
							"uv": [
								16,
								172
							]
						},
						{
							"origin": [
								-22,
								0.79904,
								81.98205
							],
							"size": [
								5,
								3,
								4
							],
							"pivot": [
								-19.5,
								2.29904,
								83.98205
							],
							"rotation": [
								30,
								0,
								0
							],
							"uv": [
								54,
								144
							]
						},
						{
							"origin": [
								-22,
								2.98205,
								84.16506
							],
							"size": [
								5,
								3,
								4
							],
							"pivot": [
								-19.5,
								4.48205,
								86.16506
							],
							"rotation": [
								60,
								0,
								0
							],
							"uv": [
								72,
								144
							]
						}
					]
				},
				{
					"name": "leg1",
					"pivot": [
						19.5,
						7.4641,
						62
					],
					"cubes": [
						{
							"origin": [
								17,
								0,
								60
							],
							"size": [
								5,
								3,
								4
							],
							"uv": [
								30,
								94
							]
						},
						{
							"origin": [
								18,
								2.9641,
								57.5
							],
							"size": [
								3,
								9,
								9
							],
							"uv": [
								32,
								49
							]
						},
						{
							"origin": [
								2,
								5.9641,
								60.5
							],
							"size": [
								20,
								3,
								3
							],
							"uv": [
								0,
								22
							]
						},
						{
							"origin": [
								-3,
								4.2641,
								59.5
							],
							"size": [
								6,
								6,
								5
							],
							"uv": [
								32,
								67
							]
						},
						{
							"origin": [
								-3,
								4.2641,
								64.5
							],
							"size": [
								6,
								6,
								5
							],
							"uv": [
								32,
								67
							]
						},
						{
							"origin": [
								-3,
								4.2641,
								69.5
							],
							"size": [
								6,
								6,
								5
							],
							"uv": [
								32,
								67
							]
						},
						{
							"origin": [
								-3,
								4.2641,
								74.5
							],
							"size": [
								6,
								6,
								5
							],
							"uv": [
								32,
								67
							]
						},
						{
							"origin": [
								17,
								11.9282,
								60
							],
							"size": [
								5,
								3,
								4
							],
							"uv": [
								12,
								92
							]
						},
						{
							"origin": [
								17,
								10.83013,
								57.90192
							],
							"size": [
								5,
								3,
								4
							],
							"pivot": [
								21,
								10.83013,
								58.90192
							],
							"rotation": [
								30,
								0,
								0
							],
							"uv": [
								76,
								91
							]
						},
						{
							"origin": [
								17,
								8.83013,
								56.63397
							],
							"size": [
								5,
								3,
								4
							],
							"pivot": [
								21,
								8.83013,
								57.63397
							],
							"rotation": [
								60,
								0,
								0
							],
							"uv": [
								58,
								91
							]
						},
						{
							"origin": [
								17,
								5.4641,
								66.4641
							],
							"size": [
								5,
								4,
								3
							],
							"uv": [
								32,
								165
							]
						},
						{
							"origin": [
								17,
								5.4641,
								54.5359
							],
							"size": [
								5,
								4,
								3
							],
							"uv": [
								16,
								165
							]
						},
						{
							"origin": [
								17,
								2.5,
								56.40192
							],
							"size": [
								5,
								4,
								3
							],
							"pivot": [
								21,
								2.5,
								57.40192
							],
							"rotation": [
								30,
								0,
								0
							],
							"uv": [
								0,
								165
							]
						},
						{
							"origin": [
								17,
								0.86603,
								59.5
							],
							"size": [
								5,
								4,
								3
							],
							"pivot": [
								21,
								0.86603,
								60.5
							],
							"rotation": [
								60,
								0,
								0
							],
							"uv": [
								93,
								162
							]
						},
						{
							"origin": [
								17,
								8.4641,
								66.73205
							],
							"size": [
								5,
								4,
								3
							],
							"pivot": [
								21,
								8.4641,
								67.73205
							],
							"rotation": [
								30,
								0,
								0
							],
							"uv": [
								80,
								158
							]
						},
						{
							"origin": [
								17,
								11.19615,
								65.4641
							],
							"size": [
								5,
								4,
								3
							],
							"pivot": [
								21,
								11.19615,
								66.4641
							],
							"rotation": [
								60,
								0,
								0
							],
							"uv": [
								64,
								158
							]
						},
						{
							"origin": [
								17,
								0.79904,
								62.98205
							],
							"size": [
								5,
								3,
								4
							],
							"pivot": [
								19.5,
								2.29904,
								64.98205
							],
							"rotation": [
								30,
								0,
								0
							],
							"uv": [
								44,
								88
							]
						},
						{
							"origin": [
								17,
								2.98205,
								65.16506
							],
							"size": [
								5,
								3,
								4
							],
							"pivot": [
								19.5,
								4.48205,
								67.16506
							],
							"rotation": [
								60,
								0,
								0
							],
							"uv": [
								85,
								14
							]
						},
						{
							"origin": [
								-22,
								0,
								60
							],
							"size": [
								5,
								3,
								4
							],
							"uv": [
								74,
								84
							]
						},
						{
							"origin": [
								-21,
								2.9641,
								57.5
							],
							"size": [
								3,
								9,
								9
							],
							"uv": [
								37,
								31
							]
						},
						{
							"origin": [
								-22,
								5.9641,
								60.5
							],
							"size": [
								20,
								3,
								3
							],
							"uv": [
								0,
								16
							]
						},
						{
							"origin": [
								-22,
								11.9282,
								60
							],
							"size": [
								5,
								3,
								4
							],
							"uv": [
								84,
								32
							]
						},
						{
							"origin": [
								-22,
								10.83013,
								57.90192
							],
							"size": [
								5,
								3,
								4
							],
							"pivot": [
								-18,
								10.83013,
								58.90192
							],
							"rotation": [
								30,
								0,
								0
							],
							"uv": [
								84,
								7
							]
						},
						{
							"origin": [
								-22,
								8.83013,
								56.63397
							],
							"size": [
								5,
								3,
								4
							],
							"pivot": [
								-18,
								8.83013,
								57.63397
							],
							"rotation": [
								60,
								0,
								0
							],
							"uv": [
								84,
								0
							]
						},
						{
							"origin": [
								-22,
								5.4641,
								66.4641
							],
							"size": [
								5,
								4,
								3
							],
							"uv": [
								48,
								158
							]
						},
						{
							"origin": [
								-22,
								5.4641,
								54.5359
							],
							"size": [
								5,
								4,
								3
							],
							"uv": [
								32,
								158
							]
						},
						{
							"origin": [
								-22,
								2.5,
								56.40192
							],
							"size": [
								5,
								4,
								3
							],
							"pivot": [
								-18,
								2.5,
								57.40192
							],
							"rotation": [
								30,
								0,
								0
							],
							"uv": [
								16,
								158
							]
						},
						{
							"origin": [
								-22,
								0.86603,
								59.5
							],
							"size": [
								5,
								4,
								3
							],
							"pivot": [
								-18,
								0.86603,
								60.5
							],
							"rotation": [
								60,
								0,
								0
							],
							"uv": [
								0,
								158
							]
						},
						{
							"origin": [
								-22,
								8.4641,
								66.73205
							],
							"size": [
								5,
								4,
								3
							],
							"pivot": [
								-18,
								8.4641,
								67.73205
							],
							"rotation": [
								30,
								0,
								0
							],
							"uv": [
								90,
								151
							]
						},
						{
							"origin": [
								-22,
								11.19615,
								65.4641
							],
							"size": [
								5,
								4,
								3
							],
							"pivot": [
								-18,
								11.19615,
								66.4641
							],
							"rotation": [
								60,
								0,
								0
							],
							"uv": [
								88,
								61
							]
						},
						{
							"origin": [
								-22,
								0.79904,
								62.98205
							],
							"size": [
								5,
								3,
								4
							],
							"pivot": [
								-19.5,
								2.29904,
								64.98205
							],
							"rotation": [
								30,
								0,
								0
							],
							"uv": [
								76,
								25
							]
						},
						{
							"origin": [
								-22,
								2.98205,
								65.16506
							],
							"size": [
								5,
								3,
								4
							],
							"pivot": [
								-19.5,
								4.48205,
								67.16506
							],
							"rotation": [
								60,
								0,
								0
							],
							"uv": [
								43,
								18
							]
						}
					]
				}
			]
		}
	]
}