{
	"format_version": "1.12.0",
	"minecraft:geometry": [
		{
			"description": {
				"identifier": "geometry.golf_cart_street_legal",
				"texture_width": 512,
				"texture_height": 512,
				"visible_bounds_width": 7,
				"visible_bounds_height": 7,
				"visible_bounds_offset": [
					0,
					2.5,
					0
				]
			},
			"bones": [
				{
					"name": "bone",
					"pivot": [
						0,
						1,
						0
					],
					"cubes": [
						{
							"origin": [
								-20,
								5,
								-20
							],
							"size": [
								40,
								2,
								38
							],
							"uv": [
								0,
								56
							]
						},
						{
							"origin": [
								-19,
								7,
								-20
							],
							"size": [
								38,
								2,
								40
							],
							"uv": [
								192,
								0
							]
						},
						{
							"origin": [
								-19,
								14,
								-9
							],
							"size": [
								38,
								2,
								8
							],
							"uv": [
								92,
								121
							]
						},
						{
							"origin": [
								17,
								15,
								-2
							],
							"size": [
								2,
								7,
								2
							],
							"pivot": [
								0,
								17,
								-2
							],
							"rotation": [
								-25,
								0,
								0
							],
							"uv": [
								180,
								239
							]
						},
						{
							"origin": [
								-19,
								15,
								-2
							],
							"size": [
								2,
								7,
								2
							],
							"pivot": [
								0,
								17,
								-2
							],
							"rotation": [
								-25,
								0,
								0
							],
							"uv": [
								172,
								239
							]
						},
						{
							"origin": [
								-3,
								15,
								-2
							],
							"size": [
								2,
								7,
								2
							],
							"pivot": [
								18,
								17,
								-2
							],
							"rotation": [
								-25,
								0,
								0
							],
							"uv": [
								164,
								239
							]
						},
						{
							"origin": [
								1,
								15,
								-2
							],
							"size": [
								2,
								7,
								2
							],
							"pivot": [
								18,
								17,
								-2
							],
							"rotation": [
								-25,
								0,
								0
							],
							"uv": [
								156,
								239
							]
						},
						{
							"origin": [
								-19,
								20.6863,
								-0.07429
							],
							"size": [
								38,
								8,
								2
							],
							"uv": [
								80,
								160
							]
						},
						{
							"origin": [
								-19,
								22.49892,
								20.77094
							],
							"size": [
								38,
								5,
								2
							],
							"uv": [
								0,
								185
							]
						},
						{
							"origin": [
								-16,
								9,
								-9
							],
							"size": [
								32,
								5,
								8
							],
							"uv": [
								80,
								147
							]
						},
						{
							"origin": [
								-16,
								9,
								11
							],
							"size": [
								32,
								5,
								8
							],
							"uv": [
								0,
								147
							]
						},
						{
							"origin": [
								-19,
								14,
								11
							],
							"size": [
								38,
								2,
								8
							],
							"uv": [
								0,
								121
							]
						},
						{
							"origin": [
								-19,
								15,
								18
							],
							"size": [
								38,
								9,
								2
							],
							"pivot": [
								0,
								17,
								18
							],
							"rotation": [
								-25,
								0,
								0
							],
							"uv": [
								0,
								160
							]
						},
						{
							"origin": [
								-21,
								39.47242,
								-19.74089
							],
							"size": [
								42,
								2,
								54
							],
							"pivot": [
								0,
								38.47242,
								5.25911
							],
							"rotation": [
								2.5,
								0,
								0
							],
							"uv": [
								0,
								0
							]
						},
						{
							"origin": [
								18,
								15.4311,
								25.19455
							],
							"size": [
								2,
								25,
								2
							],
							"uv": [
								0,
								212
							]
						},
						{
							"origin": [
								-18,
								15.4311,
								25.19455
							],
							"size": [
								36,
								12,
								2
							],
							"uv": [
								160,
								160
							]
						},
						{
							"origin": [
								-18,
								30.4311,
								25.19455
							],
							"size": [
								36,
								2,
								2
							],
							"uv": [
								160,
								160
							]
						},
						{
							"origin": [
								-18,
								15.4311,
								31.19455
							],
							"size": [
								36,
								7,
								2
							],
							"uv": [
								0,
								192
							]
						},
						{
							"origin": [
								-18,
								15.4311,
								27.19455
							],
							"size": [
								1,
								8,
								4
							],
							"uv": [
								96,
								224
							]
						},
						{
							"origin": [
								17,
								15.4311,
								27.19455
							],
							"size": [
								1,
								8,
								4
							],
							"uv": [
								96,
								212
							]
						},
						{
							"origin": [
								-20,
								15.4311,
								25.19455
							],
							"size": [
								2,
								25,
								2
							],
							"uv": [
								112,
								185
							]
						},
						{
							"origin": [
								5.5,
								12.8,
								-22
							],
							"size": [
								1,
								1,
								7
							],
							"pivot": [
								10.5,
								10,
								-14
							],
							"rotation": [
								50,
								0,
								0
							],
							"uv": [
								87,
								192
							]
						},
						{
							"origin": [
								4.5,
								13.8,
								-15
							],
							"size": [
								2,
								1,
								1
							],
							"pivot": [
								10.5,
								10,
								-14
							],
							"rotation": [
								50,
								0,
								0
							],
							"uv": [
								93,
								198
							]
						},
						{
							"origin": [
								4.5,
								11.8,
								-15
							],
							"size": [
								2,
								2,
								1
							],
							"pivot": [
								10.5,
								10,
								-14
							],
							"rotation": [
								50,
								0,
								0
							],
							"uv": [
								93,
								198
							]
						},
						{
							"origin": [
								6.5,
								11.8,
								-15
							],
							"size": [
								1,
								2,
								1
							],
							"pivot": [
								10.5,
								10,
								-14
							],
							"rotation": [
								50,
								0,
								0
							],
							"uv": [
								93,
								198
							]
						},
						{
							"origin": [
								6.5,
								13.8,
								-15
							],
							"size": [
								1,
								1,
								1
							],
							"pivot": [
								10.5,
								10,
								-14
							],
							"rotation": [
								50,
								0,
								0
							],
							"uv": [
								93,
								198
							]
						},
						{
							"origin": [
								9.5,
								11.8,
								-15
							],
							"size": [
								2,
								2,
								1
							],
							"pivot": [
								10.5,
								10,
								-14
							],
							"rotation": [
								50,
								0,
								0
							],
							"uv": [
								93,
								198
							]
						},
						{
							"origin": [
								9.5,
								13.8,
								-15
							],
							"size": [
								2,
								2,
								1
							],
							"pivot": [
								10.5,
								10,
								-14
							],
							"rotation": [
								50,
								0,
								0
							],
							"uv": [
								93,
								198
							]
						},
						{
							"origin": [
								11.5,
								13.8,
								-15
							],
							"size": [
								1,
								2,
								1
							],
							"pivot": [
								10.5,
								10,
								-14
							],
							"rotation": [
								50,
								0,
								0
							],
							"uv": [
								93,
								198
							]
						},
						{
							"origin": [
								11.5,
								11.8,
								-15
							],
							"size": [
								1,
								2,
								1
							],
							"pivot": [
								10.5,
								10,
								-14
							],
							"rotation": [
								50,
								0,
								0
							],
							"uv": [
								93,
								198
							]
						},
						{
							"origin": [
								9.5,
								12.8,
								-22
							],
							"size": [
								1,
								1,
								7
							],
							"pivot": [
								10.5,
								10,
								-14
							],
							"rotation": [
								50,
								0,
								0
							],
							"uv": [
								87,
								192
							]
						},
						{
							"origin": [
								-20,
								5,
								-22
							],
							"size": [
								40,
								14,
								2
							],
							"uv": [
								184,
								121
							]
						},
						{
							"origin": [
								18,
								18.78356,
								-22.0237
							],
							"size": [
								2,
								21,
								2
							],
							"pivot": [
								0,
								18.78356,
								-21.0237
							],
							"rotation": [
								-12.5,
								0,
								0
							],
							"uv": [
								88,
								212
							]
						},
						{
							"origin": [
								-18,
								18.78356,
								-21.0237
							],
							"size": [
								36,
								19,
								0
							],
							"pivot": [
								0,
								18.78356,
								-21.0237
							],
							"rotation": [
								-12.5,
								0,
								0
							],
							"uv": [
								0,
								262
							]
						},
						{
							"origin": [
								20,
								32.78356,
								-18.5237
							],
							"size": [
								2,
								2,
								2
							],
							"uv": [
								148,
								253
							]
						},
						{
							"origin": [
								22,
								30.78356,
								-18.5237
							],
							"size": [
								4,
								6,
								2
							],
							"uv": [
								0,
								239
							]
						},
						{
							"origin": [
								-26,
								30.78356,
								-18.5237
							],
							"size": [
								4,
								6,
								2
							],
							"uv": [
								106,
								220
							]
						},
						{
							"origin": [
								-22,
								32.78356,
								-18.5237
							],
							"size": [
								2,
								2,
								2
							],
							"uv": [
								140,
								253
							]
						},
						{
							"origin": [
								-18,
								37.78356,
								-22.0237
							],
							"size": [
								36,
								2,
								2
							],
							"pivot": [
								0,
								18.78356,
								-21.0237
							],
							"rotation": [
								-12.5,
								0,
								0
							],
							"uv": [
								0,
								201
							]
						},
						{
							"origin": [
								-20,
								18.78356,
								-22.0237
							],
							"size": [
								2,
								21,
								2
							],
							"pivot": [
								0,
								18.78356,
								-21.0237
							],
							"rotation": [
								-12.5,
								0,
								0
							],
							"uv": [
								80,
								212
							]
						},
						{
							"origin": [
								-20,
								14.38445,
								-33.8335
							],
							"size": [
								40,
								2,
								13
							],
							"pivot": [
								0,
								14.38445,
								-28.8335
							],
							"rotation": [
								20,
								0,
								0
							],
							"uv": [
								0,
								102
							]
						},
						{
							"origin": [
								-20,
								5.26183,
								-35.66646
							],
							"size": [
								40,
								6,
								2
							],
							"pivot": [
								0,
								9.26183,
								-26.66646
							],
							"rotation": [
								-22.5,
								0,
								0
							],
							"uv": [
								244,
								147
							]
						},
						{
							"origin": [
								-20,
								5.01046,
								-36.5121
							],
							"size": [
								40,
								4,
								2
							],
							"inflate": 0.2,
							"uv": [
								252,
								174
							]
						},
						{
							"origin": [
								-7,
								6.01046,
								-37.5121
							],
							"size": [
								14,
								5,
								1
							],
							"uv": [
								124,
								213
							]
						},
						{
							"origin": [
								-7,
								6.01046,
								35.4879
							],
							"size": [
								14,
								5,
								1
							],
							"uv": [
								124,
								205
							]
						},
						{
							"origin": [
								-20,
								11.01046,
								-39.5121
							],
							"size": [
								40,
								3,
								2
							],
							"pivot": [
								0,
								7.01046,
								-35.5121
							],
							"rotation": [
								-52.5,
								0,
								0
							],
							"uv": [
								0,
								180
							]
						},
						{
							"origin": [
								-20,
								9.01046,
								-24.5121
							],
							"size": [
								40,
								4,
								2
							],
							"pivot": [
								0,
								12.01046,
								-22.5121
							],
							"rotation": [
								40,
								0,
								0
							],
							"uv": [
								168,
								174
							]
						},
						{
							"origin": [
								-20,
								11.16175,
								-27.81592
							],
							"size": [
								40,
								4,
								2
							],
							"pivot": [
								0,
								14.16175,
								-25.81592
							],
							"rotation": [
								62.5,
								0,
								0
							],
							"uv": [
								84,
								174
							]
						},
						{
							"origin": [
								-20,
								12.6235,
								-31.70294
							],
							"size": [
								40,
								2,
								5
							],
							"uv": [
								270,
								140
							]
						},
						{
							"origin": [
								-20,
								10.6235,
								-23.70294
							],
							"size": [
								40,
								7,
								2
							],
							"uv": [
								160,
								147
							]
						},
						{
							"origin": [
								-20,
								12.6235,
								-25.70294
							],
							"size": [
								40,
								4,
								2
							],
							"uv": [
								0,
								174
							]
						},
						{
							"origin": [
								-20,
								13.6235,
								-27.70294
							],
							"size": [
								40,
								2,
								2
							],
							"uv": [
								252,
								180
							]
						},
						{
							"origin": [
								-20,
								6.47487,
								16.56066
							],
							"size": [
								40,
								2,
								5
							],
							"pivot": [
								0,
								7.47487,
								19.06066
							],
							"rotation": [
								45,
								0,
								0
							],
							"uv": [
								180,
								140
							]
						},
						{
							"origin": [
								-20,
								10.22679,
								18.95089
							],
							"size": [
								40,
								2,
								5
							],
							"pivot": [
								0,
								11.22679,
								21.45089
							],
							"rotation": [
								70,
								0,
								0
							],
							"uv": [
								90,
								140
							]
						},
						{
							"origin": [
								-20,
								10.22679,
								31.48397
							],
							"size": [
								40,
								2,
								5
							],
							"pivot": [
								0,
								11.22679,
								33.98397
							],
							"rotation": [
								-70,
								0,
								0
							],
							"uv": [
								0,
								140
							]
						},
						{
							"origin": [
								-20,
								5.21957,
								33.77871
							],
							"size": [
								40,
								4,
								2
							],
							"inflate": 0.3,
							"uv": [
								236,
								160
							]
						},
						{
							"origin": [
								-20,
								13.39259,
								22.71743
							],
							"size": [
								40,
								2,
								10
							],
							"uv": [
								106,
								102
							]
						},
						{
							"origin": [
								-15,
								4.39259,
								22.71743
							],
							"size": [
								30,
								9,
								10
							],
							"uv": [
								268,
								121
							]
						},
						{
							"origin": [
								-15,
								5.39259,
								-34.28257
							],
							"size": [
								30,
								7,
								12
							],
							"uv": [
								206,
								102
							]
						},
						{
							"origin": [
								-15,
								4.39259,
								-20.28257
							],
							"size": [
								30,
								3,
								43
							],
							"uv": [
								156,
								56
							]
						},
						{
							"origin": [
								-20,
								14.08564,
								21.2925
							],
							"size": [
								40,
								2,
								2
							],
							"pivot": [
								0,
								15.08564,
								23.7925
							],
							"rotation": [
								47.5,
								0,
								0
							],
							"uv": [
								168,
								180
							]
						},
						{
							"origin": [
								-20,
								11.87381,
								31.16913
							],
							"size": [
								40,
								2,
								2
							],
							"pivot": [
								0,
								12.87381,
								33.66913
							],
							"rotation": [
								-47.5,
								0,
								0
							],
							"uv": [
								84,
								180
							]
						}
					]
				},
				{
					"name": "steer",
					"parent": "bone",
					"pivot": [
						10.5,
						17,
						-19
					],
					"rotation": [
						50,
						0,
						0
					],
					"cubes": [
						{
							"origin": [
								9.5,
								16,
								-24
							],
							"size": [
								2,
								2,
								14
							],
							"uv": [
								80,
								185
							]
						},
						{
							"origin": [
								11.50208,
								16.98954,
								-12
							],
							"size": [
								2,
								1,
								2
							],
							"uv": [
								64,
								258
							]
						},
						{
							"origin": [
								13.50208,
								16.98954,
								-12
							],
							"size": [
								1,
								1,
								2
							],
							"uv": [
								64,
								258
							]
						},
						{
							"origin": [
								6.50208,
								16.98954,
								-12
							],
							"size": [
								1,
								1,
								2
							],
							"uv": [
								64,
								258
							]
						},
						{
							"origin": [
								10.00208,
								14.98954,
								-12
							],
							"size": [
								1,
								1,
								2
							],
							"uv": [
								64,
								258
							]
						},
						{
							"origin": [
								10.00208,
								13.98954,
								-12
							],
							"size": [
								1,
								1,
								2
							],
							"uv": [
								64,
								258
							]
						},
						{
							"origin": [
								10.00208,
								12.98954,
								-12
							],
							"size": [
								1,
								1,
								2
							],
							"uv": [
								64,
								258
							]
						},
						{
							"origin": [
								7.50208,
								16.98954,
								-12
							],
							"size": [
								2,
								1,
								2
							],
							"uv": [
								56,
								258
							]
						},
						{
							"origin": [
								9.5,
								21,
								-12
							],
							"size": [
								2,
								1,
								2
							],
							"pivot": [
								10.5,
								17,
								-11
							],
							"rotation": [
								0,
								0,
								-45
							],
							"uv": [
								8,
								258
							]
						},
						{
							"origin": [
								9.5,
								21,
								-12
							],
							"size": [
								2,
								1,
								2
							],
							"pivot": [
								10.5,
								17,
								-11
							],
							"rotation": [
								0,
								0,
								-67.5
							],
							"uv": [
								220,
								253
							]
						},
						{
							"origin": [
								5.49792,
								15.98954,
								-12
							],
							"size": [
								1,
								2,
								2
							],
							"uv": [
								40,
								258
							]
						},
						{
							"origin": [
								9.5,
								12,
								-12
							],
							"size": [
								2,
								1,
								2
							],
							"pivot": [
								10.5,
								17,
								-11
							],
							"rotation": [
								0,
								0,
								67.5
							],
							"uv": [
								180,
								253
							]
						},
						{
							"origin": [
								9.5,
								12,
								-12
							],
							"size": [
								2,
								1,
								2
							],
							"pivot": [
								10.5,
								17,
								-11
							],
							"rotation": [
								0,
								0,
								45
							],
							"uv": [
								196,
								253
							]
						},
						{
							"origin": [
								9.5,
								12,
								-12
							],
							"size": [
								2,
								1,
								2
							],
							"uv": [
								164,
								253
							]
						},
						{
							"origin": [
								9.5,
								12,
								-12
							],
							"size": [
								2,
								1,
								2
							],
							"pivot": [
								10.5,
								17,
								-11
							],
							"rotation": [
								0,
								0,
								22.5
							],
							"uv": [
								212,
								253
							]
						},
						{
							"origin": [
								9.5,
								12,
								-12
							],
							"size": [
								2,
								1,
								2
							],
							"pivot": [
								10.5,
								17,
								-11
							],
							"rotation": [
								0,
								0,
								-22.5
							],
							"uv": [
								32,
								258
							]
						},
						{
							"origin": [
								14.50208,
								15.98954,
								-12
							],
							"size": [
								1,
								2,
								2
							],
							"uv": [
								48,
								258
							]
						},
						{
							"origin": [
								9.5,
								12,
								-12
							],
							"size": [
								2,
								1,
								2
							],
							"pivot": [
								10.5,
								17,
								-11
							],
							"rotation": [
								0,
								0,
								-67.5
							],
							"uv": [
								0,
								258
							]
						},
						{
							"origin": [
								9.5,
								12,
								-12
							],
							"size": [
								2,
								1,
								2
							],
							"pivot": [
								10.5,
								17,
								-11
							],
							"rotation": [
								0,
								0,
								-45
							],
							"uv": [
								16,
								258
							]
						},
						{
							"origin": [
								9.5,
								21,
								-12
							],
							"size": [
								2,
								1,
								2
							],
							"pivot": [
								10.5,
								17,
								-11
							],
							"rotation": [
								0,
								0,
								67.5
							],
							"uv": [
								172,
								253
							]
						},
						{
							"origin": [
								9.5,
								21,
								-12
							],
							"size": [
								2,
								1,
								2
							],
							"pivot": [
								10.5,
								17,
								-11
							],
							"rotation": [
								0,
								0,
								45
							],
							"uv": [
								188,
								253
							]
						},
						{
							"origin": [
								9.5,
								21,
								-12
							],
							"size": [
								2,
								1,
								2
							],
							"pivot": [
								10.5,
								17,
								-11
							],
							"rotation": [
								0,
								0,
								22.5
							],
							"uv": [
								204,
								253
							]
						},
						{
							"origin": [
								9.5,
								21,
								-12
							],
							"size": [
								2,
								1,
								2
							],
							"uv": [
								156,
								253
							]
						},
						{
							"origin": [
								9.5,
								21,
								-12
							],
							"size": [
								2,
								1,
								2
							],
							"pivot": [
								10.5,
								17,
								-11
							],
							"rotation": [
								0,
								0,
								-22.5
							],
							"uv": [
								24,
								258
							]
						}
					]
				},
				{
					"name": "tire0",
					"pivot": [
						17.5,
						5.59808,
						-28.5
					],
					"cubes": [
						{
							"origin": [
								16,
								0,
								-30
							],
							"size": [
								3,
								2,
								3
							],
							"uv": [
								96,
								248
							]
						},
						{
							"origin": [
								16,
								9.19615,
								-30
							],
							"size": [
								3,
								2,
								3
							],
							"uv": [
								84,
								248
							]
						},
						{
							"origin": [
								16,
								8.33013,
								-27.76795
							],
							"size": [
								3,
								2,
								3
							],
							"pivot": [
								18,
								9.33013,
								-25.76795
							],
							"rotation": [
								-30,
								0,
								0
							],
							"uv": [
								72,
								248
							]
						},
						{
							"origin": [
								16,
								6.4641,
								-26.26795
							],
							"size": [
								3,
								2,
								3
							],
							"pivot": [
								18,
								7.4641,
								-24.26795
							],
							"rotation": [
								-60,
								0,
								0
							],
							"uv": [
								60,
								248
							]
						},
						{
							"origin": [
								16,
								4.09808,
								-34.09808
							],
							"size": [
								3,
								3,
								2
							],
							"uv": [
								130,
								253
							]
						},
						{
							"origin": [
								15,
								4.59808,
								-29.50192
							],
							"size": [
								4,
								2,
								2
							],
							"uv": [
								120,
								248
							]
						},
						{
							"origin": [
								17,
								1.59808,
								-32.50192
							],
							"size": [
								1,
								8,
								8
							],
							"uv": [
								62,
								212
							]
						},
						{
							"origin": [
								16,
								4.09808,
								-24.90192
							],
							"size": [
								3,
								3,
								2
							],
							"uv": [
								120,
								253
							]
						},
						{
							"origin": [
								16,
								6.39711,
								-33.48205
							],
							"size": [
								3,
								3,
								2
							],
							"pivot": [
								18,
								7.89711,
								-32.48205
							],
							"rotation": [
								-30,
								0,
								0
							],
							"uv": [
								110,
								253
							]
						},
						{
							"origin": [
								16,
								1.79904,
								-25.51795
							],
							"size": [
								3,
								3,
								2
							],
							"pivot": [
								18,
								3.29904,
								-24.51795
							],
							"rotation": [
								-30,
								0,
								0
							],
							"uv": [
								100,
								253
							]
						},
						{
							"origin": [
								16,
								8.08013,
								-31.79904
							],
							"size": [
								3,
								3,
								2
							],
							"pivot": [
								18,
								9.58013,
								-30.79904
							],
							"rotation": [
								-60,
								0,
								0
							],
							"uv": [
								90,
								253
							]
						},
						{
							"origin": [
								16,
								0.11603,
								-27.20096
							],
							"size": [
								3,
								3,
								2
							],
							"pivot": [
								18,
								1.61603,
								-26.20096
							],
							"rotation": [
								-60,
								0,
								0
							],
							"uv": [
								80,
								253
							]
						},
						{
							"origin": [
								16,
								0.86603,
								-32.23205
							],
							"size": [
								3,
								2,
								3
							],
							"pivot": [
								18,
								1.86603,
								-31.23205
							],
							"rotation": [
								-30,
								0,
								0
							],
							"uv": [
								48,
								248
							]
						},
						{
							"origin": [
								16,
								2.73205,
								-33.73205
							],
							"size": [
								3,
								2,
								3
							],
							"pivot": [
								18,
								3.73205,
								-32.73205
							],
							"rotation": [
								-60,
								0,
								0
							],
							"uv": [
								36,
								248
							]
						}
					]
				},
				{
					"name": "leg1",
					"pivot": [
						-17.5,
						5.59808,
						27.5
					],
					"cubes": [
						{
							"origin": [
								-19,
								0,
								26
							],
							"size": [
								3,
								2,
								3
							],
							"uv": [
								24,
								248
							]
						},
						{
							"origin": [
								-19,
								9.19615,
								26
							],
							"size": [
								3,
								2,
								3
							],
							"uv": [
								12,
								248
							]
						},
						{
							"origin": [
								-19,
								8.33013,
								28.23205
							],
							"size": [
								3,
								2,
								3
							],
							"pivot": [
								-17,
								9.33013,
								30.23205
							],
							"rotation": [
								-30,
								0,
								0
							],
							"uv": [
								0,
								248
							]
						},
						{
							"origin": [
								-19,
								6.4641,
								29.73205
							],
							"size": [
								3,
								2,
								3
							],
							"pivot": [
								-17,
								7.4641,
								31.73205
							],
							"rotation": [
								-60,
								0,
								0
							],
							"uv": [
								212,
								239
							]
						},
						{
							"origin": [
								-19,
								4.09808,
								21.90192
							],
							"size": [
								3,
								3,
								2
							],
							"uv": [
								70,
								253
							]
						},
						{
							"origin": [
								-19,
								4.59808,
								26.49808
							],
							"size": [
								7,
								2,
								2
							],
							"uv": [
								106,
								216
							]
						},
						{
							"origin": [
								-18,
								1.59808,
								23.49808
							],
							"size": [
								1,
								8,
								8
							],
							"uv": [
								44,
								212
							]
						},
						{
							"origin": [
								-19,
								4.09808,
								31.09808
							],
							"size": [
								3,
								3,
								2
							],
							"uv": [
								60,
								253
							]
						},
						{
							"origin": [
								-19,
								6.39711,
								22.51795
							],
							"size": [
								3,
								3,
								2
							],
							"pivot": [
								-17,
								7.89711,
								23.51795
							],
							"rotation": [
								-30,
								0,
								0
							],
							"uv": [
								50,
								253
							]
						},
						{
							"origin": [
								-19,
								1.79904,
								30.48205
							],
							"size": [
								3,
								3,
								2
							],
							"pivot": [
								-17,
								3.29904,
								31.48205
							],
							"rotation": [
								-30,
								0,
								0
							],
							"uv": [
								40,
								253
							]
						},
						{
							"origin": [
								-19,
								8.08013,
								24.20096
							],
							"size": [
								3,
								3,
								2
							],
							"pivot": [
								-17,
								9.58013,
								25.20096
							],
							"rotation": [
								-60,
								0,
								0
							],
							"uv": [
								30,
								253
							]
						},
						{
							"origin": [
								-19,
								0.11603,
								28.79904
							],
							"size": [
								3,
								3,
								2
							],
							"pivot": [
								-17,
								1.61603,
								29.79904
							],
							"rotation": [
								-60,
								0,
								0
							],
							"uv": [
								20,
								253
							]
						},
						{
							"origin": [
								-19,
								0.86603,
								23.76795
							],
							"size": [
								3,
								2,
								3
							],
							"pivot": [
								-17,
								1.86603,
								24.76795
							],
							"rotation": [
								-30,
								0,
								0
							],
							"uv": [
								200,
								239
							]
						},
						{
							"origin": [
								-19,
								2.73205,
								22.26795
							],
							"size": [
								3,
								2,
								3
							],
							"pivot": [
								-17,
								3.73205,
								23.26795
							],
							"rotation": [
								-60,
								0,
								0
							],
							"uv": [
								188,
								239
							]
						},
						{
							"origin": [
								16,
								0,
								26
							],
							"size": [
								3,
								2,
								3
							],
							"uv": [
								84,
								239
							]
						},
						{
							"origin": [
								16,
								9.19615,
								26
							],
							"size": [
								3,
								2,
								3
							],
							"uv": [
								96,
								239
							]
						},
						{
							"origin": [
								16,
								8.33013,
								28.23205
							],
							"size": [
								3,
								2,
								3
							],
							"pivot": [
								18,
								9.33013,
								30.23205
							],
							"rotation": [
								-30,
								0,
								0
							],
							"uv": [
								108,
								239
							]
						},
						{
							"origin": [
								16,
								6.4641,
								29.73205
							],
							"size": [
								3,
								2,
								3
							],
							"pivot": [
								18,
								7.4641,
								31.73205
							],
							"rotation": [
								-60,
								0,
								0
							],
							"uv": [
								120,
								239
							]
						},
						{
							"origin": [
								16,
								4.09808,
								21.90192
							],
							"size": [
								3,
								3,
								2
							],
							"uv": [
								192,
								248
							]
						},
						{
							"origin": [
								12,
								4.59808,
								26.49808
							],
							"size": [
								7,
								2,
								2
							],
							"uv": [
								106,
								212
							]
						},
						{
							"origin": [
								17,
								1.59808,
								23.49808
							],
							"size": [
								1,
								8,
								8
							],
							"uv": [
								26,
								212
							]
						},
						{
							"origin": [
								16,
								4.09808,
								31.09808
							],
							"size": [
								3,
								3,
								2
							],
							"uv": [
								202,
								248
							]
						},
						{
							"origin": [
								16,
								6.39711,
								22.51795
							],
							"size": [
								3,
								3,
								2
							],
							"pivot": [
								18,
								7.89711,
								23.51795
							],
							"rotation": [
								-30,
								0,
								0
							],
							"uv": [
								212,
								248
							]
						},
						{
							"origin": [
								16,
								1.79904,
								30.48205
							],
							"size": [
								3,
								3,
								2
							],
							"pivot": [
								18,
								3.29904,
								31.48205
							],
							"rotation": [
								-30,
								0,
								0
							],
							"uv": [
								222,
								248
							]
						},
						{
							"origin": [
								16,
								8.08013,
								24.20096
							],
							"size": [
								3,
								3,
								2
							],
							"pivot": [
								18,
								9.58013,
								25.20096
							],
							"rotation": [
								-60,
								0,
								0
							],
							"uv": [
								0,
								253
							]
						},
						{
							"origin": [
								16,
								0.11603,
								28.79904
							],
							"size": [
								3,
								3,
								2
							],
							"pivot": [
								18,
								1.61603,
								29.79904
							],
							"rotation": [
								-60,
								0,
								0
							],
							"uv": [
								10,
								253
							]
						},
						{
							"origin": [
								16,
								0.86603,
								23.76795
							],
							"size": [
								3,
								2,
								3
							],
							"pivot": [
								18,
								1.86603,
								24.76795
							],
							"rotation": [
								-30,
								0,
								0
							],
							"uv": [
								132,
								239
							]
						},
						{
							"origin": [
								16,
								2.73205,
								22.26795
							],
							"size": [
								3,
								2,
								3
							],
							"pivot": [
								18,
								3.73205,
								23.26795
							],
							"rotation": [
								-60,
								0,
								0
							],
							"uv": [
								144,
								239
							]
						}
					]
				},
				{
					"name": "tire1",
					"pivot": [
						-17.5,
						5.59808,
						-28.5
					],
					"cubes": [
						{
							"origin": [
								-19,
								0,
								-30
							],
							"size": [
								3,
								2,
								3
							],
							"uv": [
								72,
								239
							]
						},
						{
							"origin": [
								-19,
								9.19615,
								-30
							],
							"size": [
								3,
								2,
								3
							],
							"uv": [
								60,
								239
							]
						},
						{
							"origin": [
								-19,
								8.33013,
								-27.76795
							],
							"size": [
								3,
								2,
								3
							],
							"pivot": [
								-17,
								9.33013,
								-25.76795
							],
							"rotation": [
								-30,
								0,
								0
							],
							"uv": [
								48,
								239
							]
						},
						{
							"origin": [
								-19,
								6.4641,
								-26.26795
							],
							"size": [
								3,
								2,
								3
							],
							"pivot": [
								-17,
								7.4641,
								-24.26795
							],
							"rotation": [
								-60,
								0,
								0
							],
							"uv": [
								36,
								239
							]
						},
						{
							"origin": [
								-19,
								4.09808,
								-34.09808
							],
							"size": [
								3,
								3,
								2
							],
							"uv": [
								182,
								248
							]
						},
						{
							"origin": [
								-19,
								4.59808,
								-29.50192
							],
							"size": [
								4,
								2,
								2
							],
							"uv": [
								108,
								248
							]
						},
						{
							"origin": [
								-18,
								1.59808,
								-32.50192
							],
							"size": [
								1,
								8,
								8
							],
							"uv": [
								8,
								212
							]
						},
						{
							"origin": [
								-19,
								4.09808,
								-24.90192
							],
							"size": [
								3,
								3,
								2
							],
							"uv": [
								172,
								248
							]
						},
						{
							"origin": [
								-19,
								6.39711,
								-33.48205
							],
							"size": [
								3,
								3,
								2
							],
							"pivot": [
								-17,
								7.89711,
								-32.48205
							],
							"rotation": [
								-30,
								0,
								0
							],
							"uv": [
								162,
								248
							]
						},
						{
							"origin": [
								-19,
								1.79904,
								-25.51795
							],
							"size": [
								3,
								3,
								2
							],
							"pivot": [
								-17,
								3.29904,
								-24.51795
							],
							"rotation": [
								-30,
								0,
								0
							],
							"uv": [
								152,
								248
							]
						},
						{
							"origin": [
								-19,
								8.08013,
								-31.79904
							],
							"size": [
								3,
								3,
								2
							],
							"pivot": [
								-17,
								9.58013,
								-30.79904
							],
							"rotation": [
								-60,
								0,
								0
							],
							"uv": [
								142,
								248
							]
						},
						{
							"origin": [
								-19,
								0.11603,
								-27.20096
							],
							"size": [
								3,
								3,
								2
							],
							"pivot": [
								-17,
								1.61603,
								-26.20096
							],
							"rotation": [
								-60,
								0,
								0
							],
							"uv": [
								132,
								248
							]
						},
						{
							"origin": [
								-19,
								0.86603,
								-32.23205
							],
							"size": [
								3,
								2,
								3
							],
							"pivot": [
								-17,
								1.86603,
								-31.23205
							],
							"rotation": [
								-30,
								0,
								0
							],
							"uv": [
								24,
								239
							]
						},
						{
							"origin": [
								-19,
								2.73205,
								-33.73205
							],
							"size": [
								3,
								2,
								3
							],
							"pivot": [
								-17,
								3.73205,
								-32.73205
							],
							"rotation": [
								-60,
								0,
								0
							],
							"uv": [
								12,
								239
							]
						}
					]
				}
			]
		}
	]
}