﻿{
	"format_version": "1.13.0",
	"minecraft:scatter_feature": {
		"description": {
			"identifier": "minecraft:surface_rock_great_patch_feature"
		},
		"iterations": 1,
		"x": {
			"distribution": "gaussian",
			"extent": [ -2, 2 ]
		},
		"y": {
			"distribution": "gaussian",
			"extent": [ 0, 0 ]
		},
		"z": {
			"distribution": "gaussian",
			"extent": [ -2, 2 ]
		},
		"coordinate_eval_order": "zyx",
		"places_feature": "minecraft:surface_rock_great_feature",
		"project_input_to_floor": true
	}
}