{
	"format_version": "1.16.100",
	"minecraft:item": {
		"description": {
			"identifier": "simple_vehicles:gas_nozzle",
			"category": "equipment"
		},
		"components": {
			"minecraft:stacked_by_data": true,
			"minecraft:icon": {
				"texture": "gas_nozzle"
			},
			"minecraft:hand_equipped": true,
			"minecraft:damage": 2,
			"minecraft:use_duration": 200,
			"minecraft:can_destroy_in_creative": false,
			"minecraft:creative_category": {
				"parent": "itemGroup.name.tools"
			},
			"minecraft:max_stack_size": 1
		},
		"events": {}
	}
}