{
	"format_version": "1.10.0",
	"minecraft:client_entity": {
		"description": {
			"identifier": "eu:ballerina_capuchina",
			"min_engine_version": "1.8.0",
			"materials": {
				"default": "entity_alphatest"
			},
			"textures": {
				"default": "textures/entity/ballerinacapuchina"
			},
			"geometry": {
				"default": "geometry.ballerina_capuchina"
			},
			"scripts": {
				"animate": [
					"controller_look_at_target",
					"controller_base",
					"controller_attack"
					//"controller_riding"
				]
			},
			"animations": {
				"walk": "animation.ballerina_capuchina.walk",
				"idle": "animation.ballerina_capuchina.idle",
				"attack": "animation.ballerina_capuchina.attack",
				"look_at_target_default": "animation.humanoid.look_at_target.default",
				"look_at_target_gliding": "animation.humanoid.look_at_target.gliding",
				"look_at_target_swimming": "animation.humanoid.look_at_target.swimming",
				"controller_look_at_target": "controller.animation.humanoid.look_at_target",
				"controller_attack": "controller.animation.ballerina_capuchina.attack",
				"controller_base": "controller.animation.ballerina_capuchina.general"
			},
			"render_controllers": [
				"controller.render.default"
			],
			"spawn_egg": {
				"base_color": "#f3eae3",
				"overlay_color": "#d69b94"
			}
		}
	}
}