{
	"format_version": "1.10.0",
	"minecraft:client_entity": {
		"description": {
			"identifier": "eu:brrbrr_patapin",
			"materials": {
				"default": "entity_alphatest"
			},
			"textures": {
				"default": "textures/entity/brrbrrpatapin"
			},
			"geometry": {
				"default": "geometry.brrbrr_patapin"
			},
			"scripts": {
				"animate": [
					"controller_look_at_target",
					"controller_base",
					"controller_attack"
					//"controller_riding"
				]
			},
			"animations": {
				"walk": "animation.brrbrr_patapin.walk",
				"idle": "animation.brrbrr_patapin.idle",
				"attack": "animation.brrbrr_patapin.attack",
				"look_at_target_default": "animation.humanoid.look_at_target.default",
				"look_at_target_gliding": "animation.humanoid.look_at_target.gliding",
				"look_at_target_swimming": "animation.humanoid.look_at_target.swimming",
				"controller_look_at_target": "controller.animation.humanoid.look_at_target",
				"controller_attack": "controller.animation.brrbrr_patapin.attack",
				"controller_base": "controller.animation.brrbrr_patapin.general"
			},
			"render_controllers": [
				"controller.render.default"
			],
			"spawn_egg": {
				"base_color": "#d7a67c",
				"overlay_color": "#425333"
			}
		}
	}
}