{
	"format_version": "1.10.0",
	"minecraft:client_entity": {
		"description": {
			"identifier": "eu:lirililarila",
			"min_engine_version": "1.8.0",
			"materials": {
				"default": "entity_alphatest"
			},
			"textures": {
				"default": "textures/entity/lirililarila"
			},
			"geometry": {
				"default": "geometry.lirililarila"
			},
			"scripts": {
				"animate": [
					"controller_look_at_target",
					"controller_base",
					"controller_attack"
					//"controller_riding"
				]
			},
			"animations": {
				"walk": "animation.lirililarila.walk",
				"idle": "animation.lirililarila.idle",
				"attack": "animation.lirililarila.attack",
				"look_at_target_default": "animation.humanoid.look_at_target.default",
				"look_at_target_gliding": "animation.humanoid.look_at_target.gliding",
				"look_at_target_swimming": "animation.humanoid.look_at_target.swimming",
				"controller_look_at_target": "controller.animation.humanoid.look_at_target",
				"controller_attack": "controller.animation.lirililarila.attack",
				"controller_base": "controller.animation.lirililarila.general"
			},
			"render_controllers": [
				"controller.render.default"
			],
			"spawn_egg": {
				"base_color": "#616100",
				"overlay_color": "#736b6b"
			}
		}
	}
}