{
	"format_version": "1.10.0",
	"minecraft:client_entity": {
		"description": {
			"identifier": "eu:tripi_tropi_tropa_tripa",
			"min_engine_version": "1.8.0",
			"materials": {
				"default": "entity_alphatest"
			},
			"textures": {
				"default": "textures/entity/tripitropitropatripa"
			},
			"geometry": {
				"default": "geometry.tripi_tropi_tropa_tripa"
			},
			"scripts": {
				"animate": [
					"controller_look_at_target",
					"controller_base",
					"controller_attack"
					//"controller_riding"
				]
			},
			"animations": {
				"walk": "animation.tripi_tropi_tropa_tripa.walk",
				"idle": "animation.tripi_tropi_tropa_tripa.idle",
				"attack": "animation.tripi_tropi_tropa_tripa.attack",
				"look_at_target_default": "animation.humanoid.look_at_target.default",
				"look_at_target_gliding": "animation.humanoid.look_at_target.gliding",
				"look_at_target_swimming": "animation.humanoid.look_at_target.swimming",
				"controller_look_at_target": "controller.animation.humanoid.look_at_target",
				"controller_attack": "controller.animation.tripi_tropi_tropa_tripa.attack",
				"controller_base": "controller.animation.tripi_tropi_tropa_tripa.general"
			},
			"render_controllers": [
				"controller.render.default"
			],
			"spawn_egg": {
				"base_color": "#4b5935",
				"overlay_color": "#a4844e"
			}
		}
	}
}