{
	"format_version": "1.16.100",
	"minecraft:item": {
		"description": {
			"identifier": "dragonmounts:enchant_dragon_hoe",
			"category": "equipment"
		},
		"components": {
			"minecraft:max_stack_size": 1,
			"minecraft:damage": 7,
			"minecraft:allow_off_hand": false,
			"minecraft:hand_equipped": true,
			"minecraft:can_destroy_in_creative": true,
			"minecraft:render_offsets": "tools",
			"tag:minecraft:is_hoe": {},
			"minecraft:icon": {
				"texture": "enchant_dragon_hoe"
			},
			"minecraft:durability": {
				"max_durability": 2068
			},
			"minecraft:creative_category": {
				"parent": "itemGroup.name.hoe"
			},
			"minecraft:display_name": {
				"value": "item.dragonmounts:enchant_dragon_hoe.name"
			},
			"minecraft:enchantable": {
				"value": 32,
				"slot": "hoe"
			},
			"minecraft:weapon": {
				"on_hurt_entity": {
					"event": "attack",
					"target": "self"
				}
			},
			"minecraft:repairable": {
				"repair_items": [
					{
						"items": [
							"dragonmounts:enchant_dragonscales"
						],
						"repair_amount": "query.max_durability * 0.25"
					},
					{
						"items": [
							"dragonmounts:enchant_dragon_hoe"
						],
						"repair_amount": "context.other->query.remaining_durability + query.max_durability * 0.05"
					}
				]
			},
			"minecraft:digger": {
				"use_efficiency": true,
				"destroy_speeds": [
					{
						"block": "minecraft:nether_wart_block",
						"speed": 16,
						"on_dig": {
							"event": "dig"
						}
					},
					{
						"block": "minecraft:hay_block",
						"speed": 16,
						"on_dig": {
							"event": "dig"
						}
					},
					{
						"block": "minecraft:target",
						"speed": 16,
						"on_dig": {
							"event": "dig"
						}
					},
					{
						"block": "minecraft:shroomlight",
						"speed": 16,
						"on_dig": {
							"event": "dig"
						}
					},
					{
						"block": "minecraft:leaves",
						"speed": 16,
						"on_dig": {
							"event": "dig"
						}
					},
					{
						"block": "minecraft:leaves2",
						"speed": 16,
						"on_dig": {
							"event": "dig"
						}
					},
					{
						"block": "minecraft:warped_wart_block",
						"speed": 16,
						"on_dig": {
							"event": "dig"
						}
					},
					{
						"block": "minecraft:sculk_catalyst",
						"speed": 16,
						"on_dig": {
							"event": "dig"
						}
					},
					{
						"block": "minecraft:sculk_shrieker",
						"speed": 16,
						"on_dig": {
							"event": "dig"
						}
					},
					{
						"block": "minecraft:sculk_sensor",
						"speed": 16,
						"on_dig": {
							"event": "dig"
						}
					},
					{
						"block": "minecraft:dried_kelp_block",
						"speed": 16,
						"on_dig": {
							"event": "dig"
						}
					},
					{
						"block": "minecraft:sculk_vein",
						"speed": 16,
						"on_dig": {
							"event": "dig"
						}
					},
					{
						"block": "minecraft:moss_block",
						"speed": 16,
						"on_dig": {
							"event": "dig"
						}
					},
					{
						"block": "minecraft:sculk",
						"speed": 16,
						"on_dig": {
							"event": "dig"
						}
					},
					{
						"block": "minecraft:sponge",
						"speed": 16,
						"on_dig": {
							"event": "dig"
						}
					}

				],
				"on_dig": {
					"event": "dig"
				}
			}
		},
		"events": {
			"attack": {
				"damage": {
					"type": "none",
					"amount": 1,
					"target": "self"
				}
			},
			"dig": {
				"damage": {
					"type": "none",
					"amount": 1,
					"target": "self"
				}
			},
			"on_tool_used": {
				"damage": {
					"type": "none",
					"amount": 1,
					"target": "self"
				}
			}
		}
	}
}