{
	"format_version": "1.10.0",
	"animation_controllers": {
		"controller.animation.m249_ammo": {
			"states": {
                                                                                                               
				"default": {
					"transitions": [
						{
							"ammo_100": "query.mark_variant == 100 && query.variant == 22"
						},
						{
							"ammo_99": "query.mark_variant == 99 && query.variant == 22"
						},
						{
							"ammo_98": "query.mark_variant == 98 && query.variant == 22"
						},
						{
							"ammo_97": "query.mark_variant == 97 && query.variant == 22"
						},
						{
							"ammo_96": "query.mark_variant == 96 && query.variant == 22"
						},
						{
							"ammo_95": "query.mark_variant == 95 && query.variant == 22"
						},
						{
							"ammo_94": "query.mark_variant == 94 && query.variant == 22"
						},
						{
							"ammo_93": "query.mark_variant == 93 && query.variant == 22"
						},
						{
							"ammo_92": "query.mark_variant == 92 && query.variant == 22"
						},
						{
							"ammo_91": "query.mark_variant == 91 && query.variant == 22"
						},
						{
							"ammo_90": "query.mark_variant == 90 && query.variant == 22"
						},
						{
							"ammo_89": "query.mark_variant == 89 && query.variant == 22"
						},
						{
							"ammo_88": "query.mark_variant == 88 && query.variant == 22"
						},
						{
							"ammo_87": "query.mark_variant == 87 && query.variant == 22"
						},
						{
							"ammo_86": "query.mark_variant == 86 && query.variant == 22"
						},
						{
							"ammo_85": "query.mark_variant == 85 && query.variant == 22"
						},
						{
							"ammo_84": "query.mark_variant == 84 && query.variant == 22"
						},
						{
							"ammo_83": "query.mark_variant == 83 && query.variant == 22"
						},
						{
							"ammo_82": "query.mark_variant == 82 && query.variant == 22"
						},
						{
							"ammo_81": "query.mark_variant == 81 && query.variant == 22"
						},
						{
							"ammo_80": "query.mark_variant == 80 && query.variant == 22"
						},
						{
							"ammo_79": "query.mark_variant == 79 && query.variant == 22"
						},
						{
							"ammo_78": "query.mark_variant == 78 && query.variant == 22"
						},
						{
							"ammo_77": "query.mark_variant == 77 && query.variant == 22"
						},
						{
							"ammo_76": "query.mark_variant == 76 && query.variant == 22"
						},
						{
							"ammo_75": "query.mark_variant == 75 && query.variant == 22"
						},
						{
							"ammo_74": "query.mark_variant == 74 && query.variant == 22"
						},
						{
							"ammo_73": "query.mark_variant == 73 && query.variant == 22"
						},
						{
							"ammo_72": "query.mark_variant == 72 && query.variant == 22"
						},
						{
							"ammo_71": "query.mark_variant == 71 && query.variant == 22"
						},
						{
							"ammo_70": "query.mark_variant == 70 && query.variant == 22"
						},
						{
							"ammo_69": "query.mark_variant == 69 && query.variant == 22"
						},
						{
							"ammo_68": "query.mark_variant == 68 && query.variant == 22"
						},
						{
							"ammo_67": "query.mark_variant == 67 && query.variant == 22"
						},
						{
							"ammo_66": "query.mark_variant == 66 && query.variant == 22"
						},
						{
							"ammo_65": "query.mark_variant == 65 && query.variant == 22"
						},
						{
							"ammo_64": "query.mark_variant == 64 && query.variant == 22"
						},
						{
							"ammo_63": "query.mark_variant == 63 && query.variant == 22"
						},
						{
							"ammo_62": "query.mark_variant == 62 && query.variant == 22"
						},
						{
							"ammo_61": "query.mark_variant == 61 && query.variant == 22"
						},
						{
							"ammo_60": "query.mark_variant == 60 && query.variant == 22"
						},
						{
							"ammo_59": "query.mark_variant == 59 && query.variant == 22"
						},
						{
							"ammo_58": "query.mark_variant == 58 && query.variant == 22"
						},
						{
							"ammo_57": "query.mark_variant == 57 && query.variant == 22"
						},
						{
							"ammo_56": "query.mark_variant == 56 && query.variant == 22"
						},
						{
							"ammo_55": "query.mark_variant == 55 && query.variant == 22"
						},
						{
							"ammo_54": "query.mark_variant == 54 && query.variant == 22"
						},
						{
							"ammo_53": "query.mark_variant == 53 && query.variant == 22"
						},
						{
							"ammo_52": "query.mark_variant == 52 && query.variant == 22"
						},
						{
							"ammo_51": "query.mark_variant == 51 && query.variant == 22"
						},
						{
							"ammo_50": "query.mark_variant == 50 && query.variant == 22"
						},
						{
							"ammo_49": "query.mark_variant == 49 && query.variant == 22"
						},
						{
							"ammo_48": "query.mark_variant == 48 && query.variant == 22"
						},
						{
							"ammo_47": "query.mark_variant == 47 && query.variant == 22"
						},
						{
							"ammo_46": "query.mark_variant == 46 && query.variant == 22"
						},
						{
							"ammo_45": "query.mark_variant == 45 && query.variant == 22"
						},
						{
							"ammo_44": "query.mark_variant == 44 && query.variant == 22"
						},
						{
							"ammo_43": "query.mark_variant == 43 && query.variant == 22"
						},
						{
							"ammo_42": "query.mark_variant == 42 && query.variant == 22"
						},
						{
							"ammo_41": "query.mark_variant == 41 && query.variant == 22"
						},
						{
							"ammo_40": "query.mark_variant == 40 && query.variant == 22"
						},
						{
							"ammo_39": "query.mark_variant == 39 && query.variant == 22"
						},
						{
							"ammo_38": "query.mark_variant == 38 && query.variant == 22"
						},
						{
							"ammo_37": "query.mark_variant == 37 && query.variant == 22"
						},
						{
							"ammo_36": "query.mark_variant == 36 && query.variant == 22"
						},
						{
							"ammo_35": "query.mark_variant == 35 && query.variant == 22"
						},
						{
							"ammo_34": "query.mark_variant == 34 && query.variant == 22"
						},
						{
							"ammo_33": "query.mark_variant == 33 && query.variant == 22"
						},
						{
							"ammo_32": "query.mark_variant == 32 && query.variant == 22"
						},
						{
							"ammo_31": "query.mark_variant == 31 && query.variant == 22"
						},
						{
							"ammo_30": "query.mark_variant == 30 && query.variant == 22"
						},
						{
							"ammo_29": "query.mark_variant == 29 && query.variant == 22"
						},
						{
							"ammo_28": "query.mark_variant == 28 && query.variant == 22"
						},
						{
							"ammo_27": "query.mark_variant == 27 && query.variant == 22"
						},
						{
							"ammo_26": "query.mark_variant == 26 && query.variant == 22"
						},
						{
							"ammo_25": "query.mark_variant == 25 && query.variant == 22"
						},
						{
							"ammo_24": "query.mark_variant == 24 && query.variant == 22"
						},
						{
							"ammo_23": "query.mark_variant == 23 && query.variant == 22"
						},
						{
							"ammo_22": "query.mark_variant == 22 && query.variant == 22"
						},
						{
							"ammo_21": "query.mark_variant == 21 && query.variant == 22"
						},
						{
							"ammo_20": "query.mark_variant == 20 && query.variant == 22"
						},
						{
							"ammo_19": "query.mark_variant == 19 && query.variant == 22"
						},
						{
							"ammo_18": "query.mark_variant == 18 && query.variant == 22"
						},
						{
							"ammo_17": "query.mark_variant == 17 && query.variant == 22"
						},
						{
							"ammo_16": "query.mark_variant == 16 && query.variant == 22"
						},
						{
							"ammo_15": "query.mark_variant == 15 && query.variant == 22"
						},
						{
							"ammo_14": "query.mark_variant == 14 && query.variant == 22"
						},
						{
							"ammo_13": "query.mark_variant == 13 && query.variant == 22"
						},
						{
							"ammo_12": "query.mark_variant == 12 && query.variant == 22"
						},
						{
							"ammo_11": "query.mark_variant == 11 && query.variant == 22"
						},
						{
							"ammo_10": "query.mark_variant == 10 && query.variant == 22"
						},
						{
							"ammo_9": "query.mark_variant == 9 && query.variant == 22"
						},
						{
							"ammo_8": "query.mark_variant == 8 && query.variant == 22"
						},
						{
							"ammo_7": "query.mark_variant == 7 && query.variant == 22"
						},
						{
							"ammo_6": "query.mark_variant == 6 && query.variant == 22"
						},
						{
							"ammo_5": "query.mark_variant == 5 && query.variant == 22"
						},
						{
							"ammo_4": "query.mark_variant == 4 && query.variant == 22"
						},
						{
							"ammo_3": "query.mark_variant == 3 && query.variant == 22"
						},
						{
							"ammo_2": "query.mark_variant == 2 && query.variant == 22"
						},
						{
							"ammo_1": "query.mark_variant == 1 && query.variant == 22"
						},
						{
							"ammo_0": "query.mark_variant == 0 && query.variant == 22"
						}
					],
					"on_entry": [
						"@s mm"
					]
				},
				"ammo_100": {
					"transitions": [
						{
							"default": "(1.0)"
						}
					],
					"on_entry": [
	"/title @s actionbar §l100§r/100"
					]
				},
				"ammo_99": {
					"transitions": [
						{
							"default": "(1.0)"
						}
					],
					"on_entry": [
	"/title @s actionbar §l99§r/100"
					]
				},
				"ammo_98": {
					"transitions": [
						{
							"default": "(1.0)"
						}
					],
					"on_entry": [
	"/title @s actionbar §l98§r/100"
					]
				},
				"ammo_97": {
					"transitions": [
						{
							"default": "(1.0)"
						}
					],
					"on_entry": [
	"/title @s actionbar §l97§r/100"
					]
				},
				"ammo_96": {
					"transitions": [
						{
							"default": "(1.0)"
						}
					],
					"on_entry": [
	"/title @s actionbar §l96§r/100"
					]
				},
				"ammo_95": {
					"transitions": [
						{
							"default": "(1.0)"
						}
					],
					"on_entry": [
	"/title @s actionbar §l95§r/100"
					]
				},
				"ammo_94": {
					"transitions": [
						{
							"default": "(1.0)"
						}
					],
					"on_entry": [
	"/title @s actionbar §l94§r/100"
					]
				},
				"ammo_93": {
					"transitions": [
						{
							"default": "(1.0)"
						}
					],
					"on_entry": [
	"/title @s actionbar §l93§r/100"
					]
				},
				"ammo_92": {
					"transitions": [
						{
							"default": "(1.0)"
						}
					],
					"on_entry": [
	"/title @s actionbar §l92§r/100"
					]
				},
				"ammo_91": {
					"transitions": [
						{
							"default": "(1.0)"
						}
					],
					"on_entry": [
	"/title @s actionbar §l91§r/100"
					]
				},
				"ammo_90": {
					"transitions": [
						{
							"default": "(1.0)"
						}
					],
					"on_entry": [
	"/title @s actionbar §l90§r/100"
					]
				},
				"ammo_89": {
					"transitions": [
						{
							"default": "(1.0)"
						}
					],
					"on_entry": [
	"/title @s actionbar §l89§r/100"
					]
				},
				"ammo_88": {
					"transitions": [
						{
							"default": "(1.0)"
						}
					],
					"on_entry": [
	"/title @s actionbar §l88§r/100"
					]
				},
				"ammo_87": {
					"transitions": [
						{
							"default": "(1.0)"
						}
					],
					"on_entry": [
	"/title @s actionbar §l87§r/100"
					]
				},
				"ammo_86": {
					"transitions": [
						{
							"default": "(1.0)"
						}
					],
					"on_entry": [
	"/title @s actionbar §l86§r/100"
					]
				},
				"ammo_85": {
					"transitions": [
						{
							"default": "(1.0)"
						}
					],
					"on_entry": [
	"/title @s actionbar §l85§r/100"
					]
				},
				"ammo_84": {
					"transitions": [
						{
							"default": "(1.0)"
						}
					],
					"on_entry": [
	"/title @s actionbar §l84§r/100"
					]
				},
				"ammo_83": {
					"transitions": [
						{
							"default": "(1.0)"
						}
					],
					"on_entry": [
	"/title @s actionbar §l83§r/100"
					]
				},
				"ammo_82": {
					"transitions": [
						{
							"default": "(1.0)"
						}
					],
					"on_entry": [
	"/title @s actionbar §l82§r/100"
					]
				},
				"ammo_81": {
					"transitions": [
						{
							"default": "(1.0)"
						}
					],
					"on_entry": [
	"/title @s actionbar §l81§r/100"
					]
				},
				"ammo_80": {
					"transitions": [
						{
							"default": "(1.0)"
						}
					],
					"on_entry": [
	"/title @s actionbar §l80§r/100"
					]
				},
				"ammo_79": {
					"transitions": [
						{
							"default": "(1.0)"
						}
					],
					"on_entry": [
	"/title @s actionbar §l79§r/100"
					]
				},
				"ammo_78": {
					"transitions": [
						{
							"default": "(1.0)"
						}
					],
					"on_entry": [
	"/title @s actionbar §l78§r/100"
					]
				},
				"ammo_77": {
					"transitions": [
						{
							"default": "(1.0)"
						}
					],
					"on_entry": [
	"/title @s actionbar §l77§r/100"
					]
				},
				"ammo_76": {
					"transitions": [
						{
							"default": "(1.0)"
						}
					],
					"on_entry": [
	"/title @s actionbar §l76§r/100"
					]
				},
				"ammo_75": {
					"transitions": [
						{
							"default": "(1.0)"
						}
					],
					"on_entry": [
	"/title @s actionbar §l75§r/100"
					]
				},
				"ammo_74": {
					"transitions": [
						{
							"default": "(1.0)"
						}
					],
					"on_entry": [
	"/title @s actionbar §l74§r/100"
					]
				},
				"ammo_73": {
					"transitions": [
						{
							"default": "(1.0)"
						}
					],
					"on_entry": [
	"/title @s actionbar §l73§r/100"
					]
				},
				"ammo_72": {
					"transitions": [
						{
							"default": "(1.0)"
						}
					],
					"on_entry": [
	"/title @s actionbar §l72§r/100"
					]
				},
				"ammo_71": {
					"transitions": [
						{
							"default": "(1.0)"
						}
					],
					"on_entry": [
	"/title @s actionbar §l71§r/100"
					]
				},
				"ammo_70": {
					"transitions": [
						{
							"default": "(1.0)"
						}
					],
					"on_entry": [
	"/title @s actionbar §l70§r/100"
					]
				},
				"ammo_69": {
					"transitions": [
						{
							"default": "(1.0)"
						}
					],
					"on_entry": [
	"/title @s actionbar §l69§r/100"
					]
				},
				"ammo_68": {
					"transitions": [
						{
							"default": "(1.0)"
						}
					],
					"on_entry": [
	"/title @s actionbar §l68§r/100"
					]
				},
				"ammo_67": {
					"transitions": [
						{
							"default": "(1.0)"
						}
					],
					"on_entry": [
	"/title @s actionbar §l67§r/100"
					]
				},
				"ammo_66": {
					"transitions": [
						{
							"default": "(1.0)"
						}
					],
					"on_entry": [
	"/title @s actionbar §l66§r/100"
					]
				},
				"ammo_65": {
					"transitions": [
						{
							"default": "(1.0)"
						}
					],
					"on_entry": [
	"/title @s actionbar §l65§r/100"
					]
				},
				"ammo_64": {
					"transitions": [
						{
							"default": "(1.0)"
						}
					],
					"on_entry": [
	"/title @s actionbar §l64§r/100"
					]
				},
				"ammo_63": {
					"transitions": [
						{
							"default": "(1.0)"
						}
					],
					"on_entry": [
	"/title @s actionbar §l63§r/100"
					]
				},
				"ammo_62": {
					"transitions": [
						{
							"default": "(1.0)"
						}
					],
					"on_entry": [
	"/title @s actionbar §l62§r/100"
					]
				},
				"ammo_61": {
					"transitions": [
						{
							"default": "(1.0)"
						}
					],
					"on_entry": [
	"/title @s actionbar §l61§r/100"
					]
				},
				"ammo_60": {
					"transitions": [
						{
							"default": "(1.0)"
						}
					],
					"on_entry": [
	"/title @s actionbar §l60§r/100"
					]
				},
				"ammo_59": {
					"transitions": [
						{
							"default": "(1.0)"
						}
					],
					"on_entry": [
	"/title @s actionbar §l59§r/100"
					]
				},
				"ammo_58": {
					"transitions": [
						{
							"default": "(1.0)"
						}
					],
					"on_entry": [
	"/title @s actionbar §l58§r/100"
					]
				},
				"ammo_57": {
					"transitions": [
						{
							"default": "(1.0)"
						}
					],
					"on_entry": [
	"/title @s actionbar §l57§r/100"
					]
				},
				"ammo_56": {
					"transitions": [
						{
							"default": "(1.0)"
						}
					],
					"on_entry": [
	"/title @s actionbar §l56§r/100"
					]
				},
				"ammo_55": {
					"transitions": [
						{
							"default": "(1.0)"
						}
					],
					"on_entry": [
	"/title @s actionbar §l55§r/100"
					]
				},
				"ammo_54": {
					"transitions": [
						{
							"default": "(1.0)"
						}
					],
					"on_entry": [
	"/title @s actionbar §l54§r/100"
					]
				},
				"ammo_53": {
					"transitions": [
						{
							"default": "(1.0)"
						}
					],
					"on_entry": [
	"/title @s actionbar §l53§r/100"
					]
				},
				"ammo_52": {
					"transitions": [
						{
							"default": "(1.0)"
						}
					],
					"on_entry": [
	"/title @s actionbar §l52§r/100"
					]
				},
				"ammo_51": {
					"transitions": [
						{
							"default": "(1.0)"
						}
					],
					"on_entry": [
	"/title @s actionbar §l51§r/100"
					]
				},
				"ammo_50": {
					"transitions": [
						{
							"default": "(1.0)"
						}
					],
					"on_entry": [
	"/title @s actionbar §l50§r/100"
					]
				},
				"ammo_49": {
					"transitions": [
						{
							"default": "(1.0)"
						}
					],
					"on_entry": [
	"/title @s actionbar §l49§r/100"
					]
				},
				"ammo_48": {
					"transitions": [
						{
							"default": "(1.0)"
						}
					],
					"on_entry": [
	"/title @s actionbar §l48§r/100"
					]
				},
				"ammo_47": {
					"transitions": [
						{
							"default": "(1.0)"
						}
					],
					"on_entry": [
	"/title @s actionbar §l47§r/100"
					]
				},
				"ammo_46": {
					"transitions": [
						{
							"default": "(1.0)"
						}
					],
					"on_entry": [
	"/title @s actionbar §l46§r/100"
					]
				},
				"ammo_45": {
					"transitions": [
						{
							"default": "(1.0)"
						}
					],
					"on_entry": [
	"/title @s actionbar §l45§r/100"
					]
				},
				"ammo_44": {
					"transitions": [
						{
							"default": "(1.0)"
						}
					],
					"on_entry": [
	"/title @s actionbar §l44§r/100"
					]
				},
				"ammo_43": {
					"transitions": [
						{
							"default": "(1.0)"
						}
					],
					"on_entry": [
	"/title @s actionbar §l43§r/100"
					]
				},
				"ammo_42": {
					"transitions": [
						{
							"default": "(1.0)"
						}
					],
					"on_entry": [
	"/title @s actionbar §l42§r/100"
					]
				},
				"ammo_41": {
					"transitions": [
						{
							"default": "(1.0)"
						}
					],
					"on_entry": [
	"/title @s actionbar §l41§r/100"
					]
				},
				"ammo_40": {
					"transitions": [
						{
							"default": "(1.0)"
						}
					],
					"on_entry": [
	"/title @s actionbar §l40§r/100"
					]
				},
				"ammo_39": {
					"transitions": [
						{
							"default": "(1.0)"
						}
					],
					"on_entry": [
	"/title @s actionbar §l39§r/100"
					]
				},
				"ammo_38": {
					"transitions": [
						{
							"default": "(1.0)"
						}
					],
					"on_entry": [
	"/title @s actionbar §l38§r/100"
					]
				},
				"ammo_37": {
					"transitions": [
						{
							"default": "(1.0)"
						}
					],
					"on_entry": [
	"/title @s actionbar §l37§r/100"
					]
				},
				"ammo_36": {
					"transitions": [
						{
							"default": "(1.0)"
						}
					],
					"on_entry": [
	"/title @s actionbar §l36§r/100"
					]
				},
				"ammo_35": {
					"transitions": [
						{
							"default": "(1.0)"
						}
					],
					"on_entry": [
	"/title @s actionbar §l35§r/100"
					]
				},
				"ammo_34": {
					"transitions": [
						{
							"default": "(1.0)"
						}
					],
					"on_entry": [
	"/title @s actionbar §l34§r/100"
					]
				},
				"ammo_33": {
					"transitions": [
						{
							"default": "(1.0)"
						}
					],
					"on_entry": [
	"/title @s actionbar §l33§r/100"
					]
				},
				"ammo_32": {
					"transitions": [
						{
							"default": "(1.0)"
						}
					],
					"on_entry": [
	"/title @s actionbar §l32§r/100"
					]
				},
				"ammo_31": {
					"transitions": [
						{
							"default": "(1.0)"
						}
					],
					"on_entry": [
	"/title @s actionbar §l31§r/100"
					]
				},
				"ammo_30": {
					"transitions": [
						{
							"default": "(1.0)"
						}
					],
					"on_entry": [
	"/title @s actionbar §l30§r/100"
					]
				},
				"ammo_29": {
					"transitions": [
						{
							"default": "(1.0)"
						}
					],
					"on_entry": [
	"/title @s actionbar §l29§r/100"
					]
				},
				"ammo_28": {
					"transitions": [
						{
							"default": "(1.0)"
						}
					],
					"on_entry": [
	"/title @s actionbar §l28§r/100"
					]
                },
				"ammo_27": {
					"transitions": [
						{
							"default": "(1.0)"
						}
					],
					"on_entry": [
	"/title @s actionbar §l27§r/100"
					]
                },
				"ammo_26": {
					"transitions": [
						{
							"default": "(1.0)"
						}
					],
					"on_entry": [
	"/title @s actionbar §l26§r/100"
					]
				},
				"ammo_25": {
					"transitions": [
						{
							"default": "(1.0)"
						}
					],
					"on_entry": [
	"/title @s actionbar §l25§r/100"
					]
				},
				"ammo_24": {
					"transitions": [
						{
							"default": "(1.0)"
						}
					],
					"on_entry": [
	"/title @s actionbar §l24§r/100"
					]
				},
				"ammo_23": {
					"transitions": [
						{
							"default": "(1.0)"
						}
					],
					"on_entry": [
	"/title @s actionbar §l23§r/100"
					]
				},
				"ammo_22": {
					"transitions": [
						{
							"default": "(1.0)"
						}
					],
					"on_entry": [
	"/title @s actionbar §l22§r/100"
					]
				},
				"ammo_21": {
					"transitions": [
						{
							"default": "(1.0)"
						}
					],
					"on_entry": [
	"/title @s actionbar §l21§r/100"
					]
				},
				"ammo_20": {
					"transitions": [
						{
							"default": "(1.0)"
						}
					],
					"on_entry": [
	"/title @s actionbar §l20§r/100"
					]
				},
				"ammo_19": {
					"transitions": [
						{
							"default": "(1.0)"
						}
					],
					"on_entry": [
	"/title @s actionbar §l19§r/100"
					]
				},
				"ammo_18": {
					"transitions": [
						{
							"default": "(1.0)"
						}
					],
					"on_entry": [
	"/title @s actionbar §l18§r/100"
					]
				},
				"ammo_17": {
					"transitions": [
						{
							"default": "(1.0)"
						}
					],
					"on_entry": [
	"/title @s actionbar §l17§r/100"
					]
				},
				"ammo_16": {
					"transitions": [
						{
							"default": "(1.0)"
						}
					],
					"on_entry": [
	"/title @s actionbar §l16§r/100"
					]
				},
				"ammo_15": {
					"transitions": [
						{
							"default": "(1.0)"
						}
					],
					"on_entry": [
	"/title @s actionbar §l15§r/100"
					]
				},
				"ammo_14": {
					"transitions": [
						{
							"default": "(1.0)"
						}
					],
					"on_entry": [
	"/title @s actionbar §l14§r/100"
					]
				},
				"ammo_13": {
					"transitions": [
						{
							"default": "(1.0)"
						}
					],
					"on_entry": [
	"/title @s actionbar §l13§r/100"
					]
				},
				"ammo_12": {
					"transitions": [
						{
							"default": "(1.0)"
						}
					],
					"on_entry": [
	"/title @s actionbar §l12§r/100"
					]
				},
				"ammo_11": {
					"transitions": [
						{
							"default": "(1.0)"
						}
					],
					"on_entry": [
	"/title @s actionbar §l11§r/100"
					]
				},
				"ammo_10": {
					"transitions": [
						{
							"default": "(1.0)"
						}
					],
					"on_entry": [
	"/title @s actionbar §l10§r/100"
					]
				},
				"ammo_9": {
					"transitions": [
						{
							"default": "(1.0)"
						}
					],
					"on_entry": [
	"/title @s actionbar §l9§r/100"
					]
				},
				"ammo_8": {
					"transitions": [
						{
							"default": "(1.0)"
						}
					],
					"on_entry": [
	"/title @s actionbar §l8§r/100"
					]
				},
				"ammo_7": {
					"transitions": [
						{
							"default": "(1.0)"
						}
					],
					"on_entry": [
	"/title @s actionbar §l7§r/100"
					]
				},
				"ammo_6": {
					"transitions": [
						{
							"default": "(1.0)"
						}
					],
					"on_entry": [
	"/title @s actionbar §l6§r/100"
					]
				},
				"ammo_5": {
					"transitions": [
						{
							"default": "(1.0)"
						}
					],
					"on_entry": [
	"/title @s actionbar §l5§r/100"
					]
				},
				"ammo_4": {
					"transitions": [
						{
							"default": "(1.0)"
						}
					],
					"on_entry": [
	"/title @s actionbar §l4§r/100"
					]
				},
				"ammo_3": {
					"transitions": [
						{
							"default": "(1.0)"
						}
					],
					"on_entry": [
	"/title @s actionbar §l3§r/100"
					]
				},
				"ammo_2": {
					"transitions": [
						{
							"default": "(1.0)"
						}
					],
					"on_entry": [
	"/title @s actionbar §l2§r/100"
					]
				},
				"ammo_1": {
					"transitions": [
						{
							"default": "(1.0)"
						}
					],
					"on_entry": [
	"/title @s actionbar §l1§r/100"
					]
				},
				"ammo_0": {
					"transitions": [
						{
							"default": "(1.0)"
						}
					],
					"on_entry": [
	"/title @s actionbar §l§rLong tap the screen or hold right click to reload"
					]
				}
			}
		}
	}
}