{
	"format_version": "1.16.100",
	"minecraft:item": {
		"description": {
			"identifier": "dragonmounts:ender_dragon_axe",
			"category": "equipment"
		},
		"components": {
			"minecraft:max_stack_size": 1,
			"minecraft:damage": 9,
			"minecraft:allow_off_hand": false,
			"minecraft:hand_equipped": true,
			"minecraft:can_destroy_in_creative": true,
			"minecraft:render_offsets": "tools",
			"tag:minecraft:is_axe": {},
			"minecraft:icon": {
				"texture": "ender_dragon_axe"
			},
			"minecraft:durability": {
				"max_durability": 2678
			},
			"minecraft:creative_category": {
				"parent": "itemGroup.name.axe"
			},
			"minecraft:display_name": {
				"value": "item.dragonmounts:ender_dragon_axe.name"
			},
			"minecraft:enchantable": {
				"value": 32,
				"slot": "axe"
			},
			"minecraft:weapon": {
				"on_hurt_entity": {
					"event": "attack",
					"target": "self"
				}
			},
			"minecraft:repairable": {
				"repair_items": [
					{
						"items": [
							"dragonmounts:ender_dragonscales"
						],
						"repair_amount": "query.max_durability * 0.25"
					},
					{
						"items": [
							"dragonmounts:ender_dragon_axe"
						],
						"repair_amount": "context.other->query.remaining_durability + query.max_durability * 0.05"
					}
				]
			},
			"minecraft:digger": {
				"use_efficiency": true,
				"destroy_speeds": [
					{
						"block": {
							"tags": "q.any_tag('wood', 'pumpkin', 'plant')"
						},
						"speed": 16,
						"on_dig": {
							"event": "dig"
						}
					},
					{
						"block": "minecraft:chest",
						"speed": 16,
						"on_dig": {
							"event": "dig"
						}
					},
					{
						"block": "minecraft:trapdoor",
						"speed": 16,
						"on_dig": {
							"event": "dig"
						}
					},
					{
						"block": "minecraft:spruce_trapdoor",
						"speed": 16,
						"on_dig": {
							"event": "dig"
						}
					},
					{
						"block": "minecraft:birch_fence_gate",
						"speed": 16,
						"on_dig": {
							"event": "dig"
						}
					},
					{
						"block": "minecraft:jungle_fence_gate",
						"speed": 16,
						"on_dig": {
							"event": "dig"
						}
					},
					{
						"block": "minecraft:acacia_fence_gate",
						"speed": 16,
						"on_dig": {
							"event": "dig"
						}
					},
					{
						"block": "minecraft:dark_oak_fence_gate",
						"speed": 16,
						"on_dig": {
							"event": "dig"
						}
					},
					{
						"block": "minecraft:warped_fence_gate",
						"speed": 16,
						"on_dig": {
							"event": "dig"
						}
					},
					{
						"block": "minecraft:crimson_fence_gate",
						"speed": 16,
						"on_dig": {
							"event": "dig"
						}
					},
					{
						"block": "minecraft:jukebox",
						"speed": 16,
						"on_dig": {
							"event": "dig"
						}
					},
					{
						"block": "minecraft:log",
						"speed": 16,
						"on_dig": {
							"event": "dig"
						}
					},
					{
						"block": "minecraft:log2",
						"speed": 16,
						"on_dig": {
							"event": "dig"
						}
					},
					{
						"block": "minecraft:crimson_stem",
						"speed": 16,
						"on_dig": {
							"event": "dig"
						}
					},
					{
						"block": "minecraft:warped_stem",
						"speed": 16,
						"on_dig": {
							"event": "dig"
						}
					},
					{
						"block": "minecraft:stripped_spruce_log",
						"speed": 16,
						"on_dig": {
							"event": "dig"
						}
					},
					{
						"block": "minecraft:stripped_birch_log",
						"speed": 16,
						"on_dig": {
							"event": "dig"
						}
					},
					{
						"block": "minecraft:stripped_jungle_log",
						"speed": 16,
						"on_dig": {
							"event": "dig"
						}
					},
					{
						"block": "minecraft:stripped_acacia_log",
						"speed": 16,
						"on_dig": {
							"event": "dig"
						}
					},
					{
						"block": "minecraft:stripped_dark_oak_log",
						"speed": 16,
						"on_dig": {
							"event": "dig"
						}
					},
					{
						"block": "minecraft:stripped_oak_log",
						"speed": 16,
						"on_dig": {
							"event": "dig"
						}
					},
					{
						"block": "minecraft:stripped_crimson_stem",
						"speed": 16,
						"on_dig": {
							"event": "dig"
						}
					},
					{
						"block": "minecraft:stripped_warped_stem",
						"speed": 16,
						"on_dig": {
							"event": "dig"
						}
					},
					{
						"block": "minecraft:planks",
						"speed": 16,
						"on_dig": {
							"event": "dig"
						}
					},
					{
						"block": "minecraft:crimson_planks",
						"speed": 16,
						"on_dig": {
							"event": "dig"
						}
					},
					{
						"block": "minecraft:warped_planks",
						"speed": 16,
						"on_dig": {
							"event": "dig"
						}
					},
					{
						"block": "minecraft:wooden_slab",
						"speed": 16,
						"on_dig": {
							"event": "dig"
						}
					},
					{
						"block": "minecraft:double_wooden_slab",
						"speed": 16,
						"on_dig": {
							"event": "dig"
						}
					},
					{
						"block": "minecraft:oak_stairs",
						"speed": 16,
						"on_dig": {
							"event": "dig"
						}
					},
					{
						"block": "minecraft:spruce_stairs",
						"speed": 16,
						"on_dig": {
							"event": "dig"
						}
					},
					{
						"block": "minecraft:jungle_stairs",
						"speed": 16,
						"on_dig": {
							"event": "dig"
						}
					},
					{
						"block": "minecraft:acacia_stairs",
						"speed": 16,
						"on_dig": {
							"event": "dig"
						}
					},
					{
						"block": "minecraft:dark_oak_stairs",
						"speed": 16,
						"on_dig": {
							"event": "dig"
						}
					},
					{
						"block": "minecraft:crimson_stairs",
						"speed": 16,
						"on_dig": {
							"event": "dig"
						}
					},
					{
						"block": "minecraft:warped_stairs",
						"speed": 16,
						"on_dig": {
							"event": "dig"
						}
					},
					{
						"block": "minecraft:mangrove_stairs",
						"speed": 16,
						"on_dig": {
							"event": "dig"
						}
					},
					{
						"block": "minecraft:campfire",
						"speed": 16,
						"on_dig": {
							"event": "dig"
						}
					},
					{
						"block": "minecraft:soul_campfire",
						"speed": 16,
						"on_dig": {
							"event": "dig"
						}
					},
					{
						"block": "minecraft:bookshelf",
						"speed": 16,
						"on_dig": {
							"event": "dig"
						}
					},
					{
						"block": "minecraft:standing_banner",
						"speed": 16,
						"on_dig": {
							"event": "dig"
						}
					},
					{
						"block": "minecraft:wall_banner",
						"speed": 16,
						"on_dig": {
							"event": "dig"
						}
					},
					{
						"block": "minecraft:lit_pumpkin",
						"speed": 16,
						"on_dig": {
							"event": "dig"
						}
					},
					{
						"block": "minecraft:pumpkin",
						"speed": 16,
						"on_dig": {
							"event": "dig"
						}
					},
					{
						"block": "minecraft:carved_pumpkin",
						"speed": 16,
						"on_dig": {
							"event": "dig"
						}
					},
					{
						"block": "minecraft:standing_sign",
						"speed": 16,
						"on_dig": {
							"event": "dig"
						}
					},
					{
						"block": "minecraft:crimson_standing_sign",
						"speed": 16,
						"on_dig": {
							"event": "dig"
						}
					},
					{
						"block": "minecraft:warped_standing_sign",
						"speed": 16,
						"on_dig": {
							"event": "dig"
						}
					},
					{
						"block": "minecraft:wall_sign",
						"speed": 16,
						"on_dig": {
							"event": "dig"
						}
					},
					{
						"block": "minecraft:noteblock",
						"speed": 16,
						"on_dig": {
							"event": "dig"
						}
					},
					{
						"block": "minecraft:wooden_pressure_plate",
						"speed": 16,
						"on_dig": {
							"event": "dig"
						}
					},
					{
						"block": "minecraft:beehive",
						"speed": 16,
						"on_dig": {
							"event": "dig"
						}
					},
					{
						"block": "minecraft:bee_nest",
						"speed": 16,
						"on_dig": {
							"event": "dig"
						}
					},
					{
						"block": "minecraft:ladder",
						"speed": 16,
						"on_dig": {
							"event": "dig"
						}
					},
					{
						"block": "minecraft:composter",
						"speed": 16,
						"on_dig": {
							"event": "dig"
						}
					},
					{
						"block": "minecraft:bamboo",
						"speed": 16,
						"on_dig": {
							"event": "dig"
						}
					},
					{
						"block": "minecraft:bamboo_sapling",
						"speed": 16,
						"on_dig": {
							"event": "dig"
						}
					},
					{
						"block": "minecraft:daylight_detector",
						"speed": 16,
						"on_dig": {
							"event": "dig"
						}
					},
					{
						"block": "minecraft:daylight_detector_inverted",
						"speed": 16,
						"on_dig": {
							"event": "dig"
						}
					},
					{
						"block": "minecraft:brown_mushroom_block",
						"speed": 16,
						"on_dig": {
							"event": "dig"
						}
					},
					{
						"block": "minecraft:red_mushroom_block",
						"speed": 16,
						"on_dig": {
							"event": "dig"
						}
					},
					{
						"block": "minecraft:vine",
						"speed": 16,
						"on_dig": {
							"event": "dig"
						}
					},
					{
						"block": "minecraft:cocoa",
						"speed": 16,
						"on_dig": {
							"event": "dig"
						}
					},
					{
						"block": "minecraft:birch_trapdoor",
						"speed": 16,
						"on_dig": {
							"event": "dig"
						}
					},
					{
						"block": "minecraft:jungle_trapdoor",
						"speed": 16,
						"on_dig": {
							"event": "dig"
						}
					},
					{
						"block": "minecraft:acacia_trapdoor",
						"speed": 16,
						"on_dig": {
							"event": "dig"
						}
					},
					{
						"block": "minecraft:dark_oak_trapdoor",
						"speed": 16,
						"on_dig": {
							"event": "dig"
						}
					},
					{
						"block": "minecraft:spruce_door",
						"speed": 16,
						"on_dig": {
							"event": "dig"
						}
					},
					{
						"block": "minecraft:wooden_door",
						"speed": 16,
						"on_dig": {
							"event": "dig"
						}
					},
					{
						"block": "minecraft:crimson_planks",
						"speed": 16,
						"on_dig": {
							"event": "dig"
						}
					},
					{
						"block": "minecraft:birch_door",
						"speed": 16,
						"on_dig": {
							"event": "dig"
						}
					},
					{
						"block": "minecraft:jungle_door",
						"speed": 16,
						"on_dig": {
							"event": "dig"
						}
					},
					{
						"block": "minecraft:acacia_door",
						"speed": 16,
						"on_dig": {
							"event": "dig"
						}
					},
					{
						"block": "minecraft:trapped_chest",
						"speed": 16,
						"on_dig": {
							"event": "dig"
						}
					},
					{
						"block": "minecraft:lectern",
						"speed": 16,
						"on_dig": {
							"event": "dig"
						}
					},
					{
						"block": "minecraft:smithing_table",
						"speed": 16,
						"on_dig": {
							"event": "dig"
						}
					},
					{
						"block": "minecraft:loom",
						"speed": 16,
						"on_dig": {
							"event": "dig"
						}
					},
					{
						"block": "minecraft:cartography_table",
						"speed": 16,
						"on_dig": {
							"event": "dig"
						}
					},
					{
						"block": "minecraft:fletching_table",
						"speed": 16,
						"on_dig": {
							"event": "dig"
						}
					},
					{
						"block": "minecraft:barrel",
						"speed": 16,
						"on_dig": {
							"event": "dig"
						}
					},
					{
						"block": "minecraft:fence",
						"speed": 16,
						"on_dig": {
							"event": "dig"
						}
					},
					{
						"block": "minecraft:warped_fence",
						"speed": 16,
						"on_dig": {
							"event": "dig"
						}
					},
					{
						"block": "minecraft:crimson_fence",
						"speed": 16,
						"on_dig": {
							"event": "dig"
						}
					},
					{
						"block": "minecraft:fence_gate",
						"speed": 16,
						"on_dig": {
							"event": "dig"
						}
					},
					{
						"block": "minecraft:spruce_fence_gate",
						"speed": 16,
						"on_dig": {
							"event": "dig"
						}
					},
					{
						"block": "minecraft:dark_oak_door",
						"speed": 16,
						"on_dig": {
							"event": "dig"
						}
					},
					{
						"block": "minecraft:bookshelf",
						"speed": 16,
						"on_dig": {
							"event": "dig"
						}
					},
					{
						"block": "minecraft:melon_block",
						"speed": 16,
						"on_dig": {
							"event": "dig"
						}
					},
					{
						"block": "minecraft:warped_stem",
						"speed": 16,
						"on_dig": {
							"event": "dig"
						}
					},
					{
						"block": "minecraft:crimson_stem",
						"speed": 16,
						"on_dig": {
							"event": "dig"
						}
					},
					{
						"block": "minecraft:warped_stem",
						"speed": 16,
						"on_dig": {
							"event": "dig"
						}
					},
					{
						"block": "minecraft:crimson_stem",
						"speed": 16,
						"on_dig": {
							"event": "dig"
						}
					},
					{
						"block": "minecraft:crafting_table",
						"speed": 16,
						"on_dig": {
							"event": "dig"
						}
					},
					{
						"block": "minecraft:crimson_planks",
						"speed": 16,
						"on_dig": {
							"event": "dig"
						}
					},
					{
						"block": "minecraft:warped_planks",
						"speed": 16,
						"on_dig": {
							"event": "dig"
						}
					},
					{
						"block": "minecraft:warped_stairs",
						"speed": 16,
						"on_dig": {
							"event": "dig"
						}
					},
					{
						"block": "minecraft:warped_trapdoor",
						"speed": 16,
						"on_dig": {
							"event": "dig"
						}
					},
					{
						"block": "minecraft:crimson_stairs",
						"speed": 16,
						"on_dig": {
							"event": "dig"
						}
					},
					{
						"block": "minecraft:crimson_trapdoor",
						"speed": 16,
						"on_dig": {
							"event": "dig"
						}
					},
					{
						"block": "minecraft:crimson_door",
						"speed": 16,
						"on_dig": {
							"event": "dig"
						}
					},
					{
						"block": "minecraft:crimson_double_slab",
						"speed": 16,
						"on_dig": {
							"event": "dig"
						}
					},
					{
						"block": "minecraft:warped_door",
						"speed": 16,
						"on_dig": {
							"event": "dig"
						}
					},
					{
						"block": "minecraft:warped_double_slab",
						"speed": 16,
						"on_dig": {
							"event": "dig"
						}
					},
					{
						"block": "minecraft:crafting_table",
						"speed": 16,
						"on_dig": {
							"event": "dig"
						}
					}
				],
				"on_dig": {
					"event": "dig"
				}
			}
		},
		"events": {
			"attack": {
				"damage": {
					"type": "none",
					"amount": 1,
					"target": "self"
				}
			},
			"dig": {
				"damage": {
					"type": "none",
					"amount": 1,
					"target": "self"
				}
			},
			"on_tool_used": {
				"damage": {
					"type": "none",
					"amount": 1,
					"target": "self"
				}
			}
		}
	}
}