{
	"format_version": "1.12.0",
	"minecraft:geometry": [
		{
			"description": {
				"identifier": "geometry.ae86_inflated",
				"texture_width": 512,
				"texture_height": 512,
				"visible_bounds_width": 8,
				"visible_bounds_height": 5,
				"visible_bounds_offset": [
					0,
					0.5,
					0
				]
			},
			"bones": [
				{
					"name": "body",
					"pivot": [
						0,
						0,
						11
					],
					"cubes": [
						{
							"origin": [
								-16,
								4,
								-29
							],
							"size": [
								32,
								2,
								34
							],
							"uv": [
								0,
								75
							]
						},
						{
							"origin": [
								15,
								23.80761,
								-26.10002
							],
							"size": [
								2,
								1,
								21
							],
							"pivot": [
								0,
								24.30761,
								-17.60002
							],
							"rotation": [
								45,
								0,
								0
							],
							"uv": [
								136,
								182
							]
						},
						{
							"origin": [
								15.01,
								22.82175,
								-24.10002
							],
							"size": [
								2,
								1,
								19
							],
							"inflate": -0.02,
							"pivot": [
								0.01,
								23.32175,
								-17.60002
							],
							"rotation": [
								45,
								0,
								0
							],
							"uv": [
								191,
								183
							]
						},
						{
							"origin": [
								-17.01,
								22.82175,
								-24.10002
							],
							"size": [
								2,
								1,
								19
							],
							"inflate": -0.019,
							"pivot": [
								-32.01,
								23.32175,
								-17.60002
							],
							"rotation": [
								45,
								0,
								0
							],
							"uv": [
								191,
								208
							]
						},
						{
							"origin": [
								-15,
								23.80761,
								-6.10002
							],
							"size": [
								30,
								1,
								1
							],
							"pivot": [
								0,
								24.30761,
								-17.60002
							],
							"rotation": [
								45,
								0,
								0
							],
							"uv": [
								3,
								212
							]
						},
						{
							"origin": [
								-2,
								29,
								-10
							],
							"size": [
								4,
								3,
								1
							],
							"uv": [
								40,
								317
							]
						},
						{
							"origin": [
								-4,
								27,
								-9
							],
							"size": [
								8,
								3,
								1
							],
							"uv": [
								0,
								298
							]
						},
						{
							"origin": [
								-17,
								23.80761,
								-26.10002
							],
							"size": [
								2,
								1,
								21
							],
							"pivot": [
								0,
								24.30761,
								-17.60002
							],
							"rotation": [
								45,
								0,
								0
							],
							"uv": [
								82,
								182
							]
						},
						{
							"origin": [
								16.5,
								36.03604,
								-4.74819
							],
							"size": [
								0,
								1,
								26
							],
							"pivot": [
								33.499,
								13.53604,
								-9.24819
							],
							"rotation": [
								-30,
								0,
								0
							],
							"uv": [
								44,
								428
							]
						},
						{
							"origin": [
								-16.5,
								36.03604,
								-4.74819
							],
							"size": [
								0,
								1,
								26
							],
							"pivot": [
								33.499,
								13.53604,
								-9.24819
							],
							"rotation": [
								-30,
								0,
								0
							],
							"uv": [
								44,
								428
							]
						},
						{
							"origin": [
								-17,
								15.30259,
								-46.7541
							],
							"size": [
								34,
								1,
								18
							],
							"pivot": [
								-1,
								15.30259,
								-46.2541
							],
							"rotation": [
								10,
								0,
								0
							],
							"uv": [
								116,
								111
							]
						},
						{
							"origin": [
								-12,
								15.30259,
								-58.7541
							],
							"size": [
								24,
								1,
								12
							],
							"pivot": [
								-1,
								15.30259,
								-46.2541
							],
							"rotation": [
								10,
								0,
								0
							],
							"uv": [
								0,
								178
							]
						},
						{
							"origin": [
								-17,
								15.30259,
								-52.7541
							],
							"size": [
								5,
								1,
								6
							],
							"pivot": [
								-1,
								15.30259,
								-46.2541
							],
							"rotation": [
								10,
								0,
								0
							],
							"uv": [
								166,
								283
							]
						},
						{
							"origin": [
								12,
								15.30259,
								-52.7541
							],
							"size": [
								5,
								1,
								6
							],
							"pivot": [
								-1,
								15.30259,
								-46.2541
							],
							"rotation": [
								10,
								0,
								0
							],
							"uv": [
								144,
								283
							]
						},
						{
							"origin": [
								-17,
								32.5,
								-9.11474
							],
							"size": [
								34,
								1,
								16
							],
							"uv": [
								220,
								111
							]
						},
						{
							"origin": [
								-16.5,
								19,
								6.88526
							],
							"size": [
								0,
								13,
								22
							],
							"uv": [
								96,
								420
							]
						},
						{
							"origin": [
								16.5,
								19,
								6.88526
							],
							"size": [
								0,
								13,
								22
							],
							"uv": [
								96,
								420
							]
						},
						{
							"origin": [
								-17,
								31.5,
								-9.11474
							],
							"size": [
								1,
								1,
								14
							],
							"uv": [
								105,
								230
							]
						},
						{
							"origin": [
								16,
								31.5,
								-9.11474
							],
							"size": [
								1,
								1,
								14
							],
							"uv": [
								73,
								230
							]
						},
						{
							"origin": [
								-17,
								18.5,
								4.88526
							],
							"size": [
								1,
								14,
								2
							],
							"inflate": -0.01,
							"uv": [
								30,
								292
							]
						},
						{
							"origin": [
								-17,
								18.5,
								-15.11474
							],
							"size": [
								1,
								9,
								1
							],
							"inflate": -0.02,
							"uv": [
								0,
								418
							]
						},
						{
							"origin": [
								16,
								18.5,
								-15.11474
							],
							"size": [
								1,
								9,
								1
							],
							"inflate": -0.02,
							"uv": [
								0,
								418
							]
						},
						{
							"origin": [
								16,
								18.5,
								4.88526
							],
							"size": [
								1,
								14,
								2
							],
							"inflate": -0.01,
							"uv": [
								24,
								292
							]
						},
						{
							"origin": [
								-17,
								4,
								31
							],
							"size": [
								34,
								15,
								1
							],
							"uv": [
								160,
								162
							]
						},
						{
							"origin": [
								15,
								11.31699,
								18.69263
							],
							"size": [
								2,
								29,
								1
							],
							"inflate": 0.03,
							"pivot": [
								0,
								25.81699,
								19.19263
							],
							"rotation": [
								60,
								0,
								0
							],
							"uv": [
								86,
								253
							]
						},
						{
							"origin": [
								-14.97,
								15.35097,
								-19.51423
							],
							"size": [
								30,
								21,
								1
							],
							"inflate": 0.03,
							"pivot": [
								-1.97,
								22.85097,
								-19.01423
							],
							"rotation": [
								-45,
								0,
								0
							],
							"uv": [
								0,
								475
							]
						},
						{
							"origin": [
								-15,
								15.31699,
								18.69263
							],
							"size": [
								30,
								21,
								1
							],
							"inflate": 0.03,
							"pivot": [
								-2,
								25.81699,
								19.19263
							],
							"rotation": [
								60,
								0,
								0
							],
							"uv": [
								0,
								475
							]
						},
						{
							"origin": [
								15,
								10.31699,
								18.69263
							],
							"size": [
								2,
								29,
								1
							],
							"inflate": -0.01,
							"pivot": [
								0,
								24.81699,
								19.19263
							],
							"rotation": [
								60,
								0,
								0
							],
							"uv": [
								116,
								253
							]
						},
						{
							"origin": [
								-17,
								11.31699,
								18.69263
							],
							"size": [
								2,
								29,
								1
							],
							"inflate": 0.03,
							"pivot": [
								0,
								25.81699,
								19.19263
							],
							"rotation": [
								60,
								0,
								0
							],
							"uv": [
								80,
								253
							]
						},
						{
							"origin": [
								-17,
								10.31699,
								18.69263
							],
							"size": [
								2,
								29,
								1
							],
							"inflate": -0.01,
							"pivot": [
								0,
								24.81699,
								19.19263
							],
							"rotation": [
								60,
								0,
								0
							],
							"uv": [
								122,
								253
							]
						},
						{
							"origin": [
								-15,
								36.31699,
								18.69263
							],
							"size": [
								30,
								4,
								1
							],
							"pivot": [
								0,
								25.81699,
								19.19263
							],
							"rotation": [
								60,
								0,
								0
							],
							"uv": [
								0,
								215
							]
						},
						{
							"origin": [
								-15,
								11.31699,
								18.69263
							],
							"size": [
								30,
								4,
								1
							],
							"pivot": [
								0,
								25.81699,
								19.19263
							],
							"rotation": [
								60,
								0,
								0
							],
							"uv": [
								0,
								215
							]
						},
						{
							"origin": [
								16,
								4,
								-29
							],
							"size": [
								1,
								15,
								15
							],
							"uv": [
								162,
								372
							]
						},
						{
							"origin": [
								16,
								4,
								-14
							],
							"size": [
								1,
								2,
								19
							],
							"uv": [
								194,
								382
							]
						},
						{
							"origin": [
								16,
								4,
								5
							],
							"size": [
								1,
								15,
								26
							],
							"uv": [
								234,
								393
							]
						},
						{
							"origin": [
								-17,
								4,
								5
							],
							"size": [
								1,
								15,
								26
							],
							"uv": [
								234,
								393
							],
							"mirror": true
						},
						{
							"origin": [
								-17,
								4,
								-29
							],
							"size": [
								1,
								15,
								15
							],
							"uv": [
								162,
								372
							],
							"mirror": true
						},
						{
							"origin": [
								-17,
								4,
								-14
							],
							"size": [
								1,
								2,
								19
							],
							"uv": [
								194,
								382
							],
							"mirror": true
						},
						{
							"origin": [
								17,
								18,
								-22
							],
							"size": [
								1,
								2,
								1
							],
							"uv": [
								118,
								317
							]
						},
						{
							"origin": [
								-18,
								18,
								-22
							],
							"size": [
								1,
								2,
								1
							],
							"uv": [
								110,
								320
							]
						},
						{
							"origin": [
								15.84422,
								18,
								-29.50309
							],
							"size": [
								6,
								4,
								1
							],
							"pivot": [
								0,
								19.5,
								-20.8895
							],
							"rotation": [
								0,
								-25,
								0
							],
							"uv": [
								0,
								308
							]
						},
						{
							"origin": [
								-21.84422,
								18,
								-29.50309
							],
							"size": [
								6,
								4,
								1
							],
							"pivot": [
								0,
								19.5,
								-20.8895
							],
							"rotation": [
								0,
								25,
								0
							],
							"uv": [
								68,
								302
							]
						},
						{
							"origin": [
								-16,
								4,
								24
							],
							"size": [
								32,
								10,
								7
							],
							"uv": [
								84,
								386
							]
						},
						{
							"origin": [
								-16,
								6,
								-3
							],
							"size": [
								32,
								6,
								8
							],
							"uv": [
								0,
								162
							]
						},
						{
							"origin": [
								-2,
								6,
								-13
							],
							"size": [
								4,
								7,
								18
							],
							"uv": [
								0,
								430
							]
						},
						{
							"origin": [
								0,
								13,
								-5
							],
							"size": [
								1,
								4,
								1
							],
							"uv": [
								0,
								455
							]
						},
						{
							"origin": [
								-2,
								12.61698,
								4.17861
							],
							"size": [
								4,
								3,
								1
							],
							"pivot": [
								-1.5,
								12.61698,
								4.67861
							],
							"rotation": [
								50,
								0,
								0
							],
							"uv": [
								0,
								461
							]
						},
						{
							"origin": [
								-2,
								12.92836,
								-0.29813
							],
							"size": [
								4,
								2,
								3
							],
							"uv": [
								0,
								465
							]
						},
						{
							"origin": [
								-1,
								13,
								-4
							],
							"size": [
								1,
								1,
								4
							],
							"pivot": [
								-0.5,
								13.42836,
								0.70187
							],
							"rotation": [
								-25,
								0,
								0
							],
							"uv": [
								0,
								470
							]
						},
						{
							"origin": [
								-14,
								12,
								3
							],
							"size": [
								12,
								9,
								2
							],
							"uv": [
								24,
								269
							]
						},
						{
							"origin": [
								2,
								12,
								3
							],
							"size": [
								12,
								9,
								2
							],
							"uv": [
								24,
								269
							]
						},
						{
							"origin": [
								-13,
								21,
								3
							],
							"size": [
								10,
								1,
								2
							],
							"uv": [
								0,
								292
							]
						},
						{
							"origin": [
								3,
								21,
								3
							],
							"size": [
								10,
								1,
								2
							],
							"uv": [
								0,
								292
							]
						},
						{
							"origin": [
								-11,
								22,
								3
							],
							"size": [
								6,
								1,
								2
							],
							"uv": [
								94,
								308
							]
						},
						{
							"origin": [
								5,
								22,
								3
							],
							"size": [
								6,
								1,
								2
							],
							"uv": [
								94,
								308
							]
						},
						{
							"origin": [
								-17,
								4,
								-53
							],
							"size": [
								34,
								11,
								5
							],
							"uv": [
								0,
								323
							]
						},
						{
							"origin": [
								-14,
								4,
								-48
							],
							"size": [
								28,
								11,
								14
							],
							"uv": [
								0,
								339
							]
						},
						{
							"origin": [
								-17,
								4,
								-34
							],
							"size": [
								34,
								11,
								5
							],
							"uv": [
								0,
								323
							]
						},
						{
							"origin": [
								-18,
								4,
								-48
							],
							"size": [
								4,
								10,
								14
							],
							"inflate": -0.01,
							"uv": [
								36,
								229
							]
						},
						{
							"origin": [
								-18,
								4,
								10
							],
							"size": [
								4,
								11,
								14
							],
							"inflate": 0.1,
							"uv": [
								72,
								204
							]
						},
						{
							"origin": [
								14,
								4,
								10
							],
							"size": [
								4,
								11,
								14
							],
							"inflate": 0.1,
							"uv": [
								108,
								204
							]
						},
						{
							"origin": [
								14,
								4,
								-48
							],
							"size": [
								4,
								10,
								14
							],
							"inflate": -0.01,
							"uv": [
								0,
								229
							]
						},
						{
							"origin": [
								-14,
								4,
								10
							],
							"size": [
								28,
								10,
								14
							],
							"uv": [
								0,
								379
							]
						},
						{
							"origin": [
								-16,
								4,
								5
							],
							"size": [
								32,
								10,
								5
							],
							"uv": [
								0,
								403
							]
						},
						{
							"origin": [
								-17,
								4,
								-59
							],
							"size": [
								34,
								10,
								6
							],
							"uv": [
								168,
								146
							]
						},
						{
							"origin": [
								-17,
								15,
								-31
							],
							"size": [
								34,
								4,
								2
							],
							"uv": [
								0,
								204
							]
						},
						{
							"origin": [
								-16,
								15,
								-29
							],
							"size": [
								32,
								4,
								10
							],
							"uv": [
								84,
								146
							]
						},
						{
							"origin": [
								-16,
								15,
								-25
							],
							"size": [
								32,
								4,
								10
							],
							"uv": [
								84,
								146
							]
						},
						{
							"origin": [
								-17,
								18.32624,
								-29.19361
							],
							"size": [
								34,
								1,
								6
							],
							"uv": [
								230,
								169
							]
						},
						{
							"origin": [
								-16,
								15.69782,
								-37.95171
							],
							"size": [
								32,
								4,
								10
							],
							"pivot": [
								-36,
								3.69782,
								-26.95171
							],
							"rotation": [
								-72.5,
								0,
								0
							],
							"uv": [
								0,
								146
							]
						},
						{
							"origin": [
								-17,
								15,
								-36
							],
							"size": [
								34,
								3,
								5
							],
							"uv": [
								80,
								169
							]
						},
						{
							"origin": [
								-17,
								15,
								-41
							],
							"size": [
								34,
								2,
								5
							],
							"uv": [
								0,
								191
							]
						},
						{
							"origin": [
								-17,
								14,
								-48
							],
							"size": [
								34,
								1,
								14
							],
							"uv": [
								0,
								364
							]
						},
						{
							"origin": [
								-17,
								15,
								-47
							],
							"size": [
								34,
								1,
								6
							],
							"uv": [
								80,
								162
							]
						}
					],
					"locators": {
						"smoke0": [
							-13,
							10,
							33
						]
					}
				},
				{
					"name": "wiper0",
					"parent": "body",
					"pivot": [
						10.5,
						19.71142,
						-23.61043
					],
					"cubes": [
						{
							"origin": [
								2,
								24.80761,
								-26.10002
							],
							"size": [
								9,
								1,
								2
							],
							"pivot": [
								1,
								24.30761,
								-17.60002
							],
							"rotation": [
								45,
								0,
								0
							],
							"uv": [
								136,
								182
							]
						}
					]
				},
				{
					"name": "wiper0A",
					"parent": "wiper0",
					"pivot": [
						1,
						24.30761,
						-17.60002
					],
					"cubes": [
						{
							"origin": [
								2,
								24.80761,
								-26.10002
							],
							"size": [
								9,
								1,
								2
							],
							"pivot": [
								1,
								24.30761,
								-17.60002
							],
							"rotation": [
								45,
								0,
								0
							],
							"uv": [
								136,
								182
							]
						}
					]
				},
				{
					"name": "wiper1",
					"parent": "body",
					"pivot": [
						-2.5,
						19.71142,
						-23.61043
					],
					"cubes": [
						{
							"origin": [
								-11,
								24.80761,
								-26.10002
							],
							"size": [
								9,
								1,
								2
							],
							"pivot": [
								0,
								24.30761,
								-17.60002
							],
							"rotation": [
								45,
								0,
								0
							],
							"uv": [
								136,
								182
							]
						}
					]
				},
				{
					"name": "wiper1A",
					"parent": "wiper1",
					"pivot": [
						0,
						24.30761,
						-17.60002
					],
					"cubes": [
						{
							"origin": [
								-11,
								24.80761,
								-26.10002
							],
							"size": [
								9,
								1,
								2
							],
							"pivot": [
								0,
								24.30761,
								-17.60002
							],
							"rotation": [
								45,
								0,
								0
							],
							"uv": [
								136,
								182
							]
						}
					]
				},
				{
					"name": "door0",
					"parent": "body",
					"pivot": [
						16.5,
						17.20835,
						-14
					],
					"cubes": [
						{
							"origin": [
								16.5,
								21.52886,
								-13.834
							],
							"size": [
								0,
								1,
								8
							],
							"pivot": [
								33.009,
								24.02886,
								-18.334
							],
							"rotation": [
								45,
								0,
								0
							],
							"uv": [
								64,
								497
							]
						},
						{
							"origin": [
								16,
								6,
								-14
							],
							"size": [
								1,
								13,
								19
							],
							"uv": [
								194,
								403
							]
						},
						{
							"origin": [
								16.5,
								19,
								-21.11474
							],
							"size": [
								0,
								13,
								28
							],
							"uv": [
								62,
								456
							]
						}
					]
				},
				{
					"name": "door1",
					"parent": "body",
					"pivot": [
						-16.5,
						17.20835,
						-14
					],
					"cubes": [
						{
							"origin": [
								-16.5,
								21.52886,
								-13.834
							],
							"size": [
								0,
								1,
								8
							],
							"pivot": [
								0.009,
								24.02886,
								-18.334
							],
							"rotation": [
								45,
								0,
								0
							],
							"uv": [
								64,
								497
							]
						},
						{
							"origin": [
								-16.5,
								19,
								-21.11474
							],
							"size": [
								0,
								13,
								28
							],
							"uv": [
								62,
								456
							]
						},
						{
							"origin": [
								-17,
								6,
								-14
							],
							"size": [
								1,
								13,
								19
							],
							"uv": [
								194,
								403
							],
							"mirror": true
						}
					]
				},
				{
					"name": "steer",
					"parent": "body",
					"pivot": [
						8,
						14.29547,
						-14.9678
					],
					"rotation": [
						5,
						0,
						0
					],
					"cubes": [
						{
							"origin": [
								7,
								10.91086,
								-10.9678
							],
							"size": [
								2,
								4,
								2
							],
							"pivot": [
								8,
								14.29547,
								-9.9678
							],
							"rotation": [
								-90,
								0,
								0
							],
							"uv": [
								50,
								317
							]
						},
						{
							"origin": [
								7,
								6.91086,
								-10.9678
							],
							"size": [
								2,
								4,
								2
							],
							"pivot": [
								8,
								14.29547,
								-9.9678
							],
							"rotation": [
								-90,
								0,
								0
							],
							"uv": [
								50,
								317
							]
						},
						{
							"origin": [
								6,
								13.91086,
								-11.9678
							],
							"size": [
								1,
								1,
								1
							],
							"pivot": [
								8,
								14.29547,
								-9.9678
							],
							"rotation": [
								-90,
								0,
								0
							],
							"uv": [
								118,
								320
							]
						},
						{
							"origin": [
								5,
								13.91086,
								-12.9678
							],
							"size": [
								1,
								1,
								1
							],
							"pivot": [
								8,
								14.29547,
								-9.9678
							],
							"rotation": [
								-90,
								0,
								0
							],
							"uv": [
								126,
								319
							]
						},
						{
							"origin": [
								6,
								13.91086,
								-13.9678
							],
							"size": [
								4,
								1,
								1
							],
							"pivot": [
								8,
								14.29547,
								-9.9678
							],
							"rotation": [
								-90,
								0,
								0
							],
							"uv": [
								82,
								321
							]
						},
						{
							"origin": [
								10,
								13.91086,
								-12.9678
							],
							"size": [
								1,
								1,
								1
							],
							"pivot": [
								8,
								14.29547,
								-9.9678
							],
							"rotation": [
								-90,
								0,
								0
							],
							"uv": [
								126,
								317
							]
						},
						{
							"origin": [
								9,
								13.91086,
								-11.9678
							],
							"size": [
								1,
								1,
								1
							],
							"pivot": [
								8,
								14.29547,
								-9.9678
							],
							"rotation": [
								-90,
								0,
								0
							],
							"uv": [
								122,
								321
							]
						},
						{
							"origin": [
								11,
								13.91086,
								-11.9678
							],
							"size": [
								1,
								1,
								4
							],
							"pivot": [
								8,
								14.29547,
								-9.9678
							],
							"rotation": [
								-90,
								0,
								0
							],
							"uv": [
								110,
								308
							]
						},
						{
							"origin": [
								10,
								13.91086,
								-7.9678
							],
							"size": [
								1,
								1,
								1
							],
							"pivot": [
								8,
								14.29547,
								-9.9678
							],
							"rotation": [
								-90,
								0,
								0
							],
							"uv": [
								126,
								321
							]
						},
						{
							"origin": [
								9,
								13.91086,
								-8.9678
							],
							"size": [
								1,
								1,
								1
							],
							"pivot": [
								8,
								14.29547,
								-9.9678
							],
							"rotation": [
								-90,
								0,
								0
							],
							"uv": [
								122,
								319
							]
						},
						{
							"origin": [
								6,
								13.91086,
								-6.9678
							],
							"size": [
								4,
								1,
								1
							],
							"pivot": [
								8,
								14.29547,
								-9.9678
							],
							"rotation": [
								-90,
								0,
								0
							],
							"uv": [
								92,
								317
							]
						},
						{
							"origin": [
								5,
								13.91086,
								-7.9678
							],
							"size": [
								1,
								1,
								1
							],
							"pivot": [
								8,
								14.29547,
								-9.9678
							],
							"rotation": [
								-90,
								0,
								0
							],
							"uv": [
								130,
								317
							]
						},
						{
							"origin": [
								6,
								13.91086,
								-8.9678
							],
							"size": [
								1,
								1,
								1
							],
							"pivot": [
								8,
								14.29547,
								-9.9678
							],
							"rotation": [
								-90,
								0,
								0
							],
							"uv": [
								122,
								317
							]
						},
						{
							"origin": [
								4,
								13.91086,
								-11.9678
							],
							"size": [
								1,
								1,
								4
							],
							"pivot": [
								8,
								14.29547,
								-9.9678
							],
							"rotation": [
								-90,
								0,
								0
							],
							"uv": [
								120,
								308
							]
						}
					]
				},
				{
					"name": "lights",
					"parent": "body",
					"pivot": [
						0,
						14.80259,
						-52.7541
					],
					"rotation": [
						-30,
						0,
						0
					],
					"cubes": [
						{
							"origin": [
								12,
								15.30259,
								-58.7541
							],
							"size": [
								5,
								1,
								6
							],
							"inflate": -0.01,
							"pivot": [
								-1,
								15.30259,
								-46.2541
							],
							"rotation": [
								10,
								0,
								0
							],
							"uv": [
								188,
								283
							]
						},
						{
							"origin": [
								-16,
								10.32772,
								-56.00715
							],
							"size": [
								3,
								3,
								1
							],
							"pivot": [
								-14.5,
								12.82772,
								-56.50715
							],
							"rotation": [
								45,
								0,
								0
							],
							"uv": [
								82,
								317
							]
						},
						{
							"origin": [
								13,
								10.32772,
								-56.00715
							],
							"size": [
								3,
								3,
								1
							],
							"pivot": [
								-14.5,
								12.82772,
								-56.50715
							],
							"rotation": [
								45,
								0,
								0
							],
							"uv": [
								74,
								317
							]
						},
						{
							"origin": [
								-16,
								10.32772,
								-55.00715
							],
							"size": [
								3,
								2,
								1
							],
							"pivot": [
								-14.5,
								12.82772,
								-56.50715
							],
							"rotation": [
								45,
								0,
								0
							],
							"uv": [
								110,
								317
							]
						},
						{
							"origin": [
								13,
								10.32772,
								-55.00715
							],
							"size": [
								3,
								2,
								1
							],
							"pivot": [
								-14.5,
								12.82772,
								-56.50715
							],
							"rotation": [
								45,
								0,
								0
							],
							"uv": [
								102,
								317
							]
						},
						{
							"origin": [
								-16,
								10.32772,
								-54.00715
							],
							"size": [
								3,
								2,
								1
							],
							"pivot": [
								-14.5,
								12.82772,
								-56.50715
							],
							"rotation": [
								45,
								0,
								0
							],
							"uv": [
								102,
								320
							]
						},
						{
							"origin": [
								13,
								10.32772,
								-54.00715
							],
							"size": [
								3,
								2,
								1
							],
							"pivot": [
								-14.5,
								12.82772,
								-56.50715
							],
							"rotation": [
								45,
								0,
								0
							],
							"uv": [
								92,
								319
							]
						},
						{
							"origin": [
								-17,
								15.30259,
								-58.7541
							],
							"size": [
								5,
								1,
								6
							],
							"inflate": -0.01,
							"pivot": [
								-1,
								15.30259,
								-46.2541
							],
							"rotation": [
								10,
								0,
								0
							],
							"uv": [
								210,
								283
							]
						}
					]
				},
				{
					"name": "lens",
					"parent": "lights",
					"pivot": [
						-14.5,
						12.82772,
						-56.50715
					],
					"cubes": [
						{
							"origin": [
								13,
								10.32772,
								-57.00715
							],
							"size": [
								3,
								4,
								1
							],
							"pivot": [
								-14.5,
								12.82772,
								-56.50715
							],
							"rotation": [
								45,
								0,
								0
							],
							"uv": [
								58,
								317
							]
						},
						{
							"origin": [
								-16,
								10.32772,
								-57.00715
							],
							"size": [
								3,
								4,
								1
							],
							"pivot": [
								-14.5,
								12.82772,
								-56.50715
							],
							"rotation": [
								45,
								0,
								0
							],
							"uv": [
								66,
								317
							]
						}
					]
				},
				{
					"name": "leg0",
					"pivot": [
						16,
						6,
						-41
					]
				},
				{
					"name": "tire0",
					"parent": "leg0",
					"pivot": [
						-16,
						6.09415,
						-41
					],
					"cubes": [
						{
							"origin": [
								-18,
								0,
								-43
							],
							"size": [
								4,
								1,
								4
							],
							"uv": [
								52,
								297
							]
						},
						{
							"origin": [
								-18,
								1,
								-43
							],
							"size": [
								4,
								1,
								4
							],
							"uv": [
								52,
								297
							]
						},
						{
							"origin": [
								-18,
								1.93301,
								-45.48205
							],
							"size": [
								4,
								1,
								3
							],
							"pivot": [
								-16,
								1.43301,
								-44.48205
							],
							"rotation": [
								-30,
								0,
								0
							],
							"uv": [
								53,
								298
							]
						},
						{
							"origin": [
								-18,
								0.93301,
								-45.48205
							],
							"size": [
								4,
								1,
								3
							],
							"pivot": [
								-16,
								1.43301,
								-44.48205
							],
							"rotation": [
								-30,
								0,
								0
							],
							"uv": [
								53,
								298
							]
						},
						{
							"origin": [
								-18,
								2.98205,
								-47.16506
							],
							"size": [
								4,
								1,
								3
							],
							"pivot": [
								-16,
								3.48205,
								-46.16506
							],
							"rotation": [
								-60,
								0,
								0
							],
							"uv": [
								53,
								298
							]
						},
						{
							"origin": [
								-18,
								4.09808,
								-46.09808
							],
							"size": [
								4,
								4,
								1
							],
							"uv": [
								10,
								317
							]
						},
						{
							"origin": [
								-18,
								3.98205,
								-47.16506
							],
							"size": [
								4,
								1,
								3
							],
							"pivot": [
								-16,
								3.48205,
								-46.16506
							],
							"rotation": [
								-60,
								0,
								0
							],
							"uv": [
								53,
								298
							]
						},
						{
							"origin": [
								-18,
								4.09808,
								-47.09808
							],
							"size": [
								4,
								4,
								1
							],
							"uv": [
								10,
								317
							]
						},
						{
							"origin": [
								-18,
								50.33717,
								-58.20577
							],
							"size": [
								4,
								1,
								3
							],
							"pivot": [
								0,
								39.33717,
								-15.20577
							],
							"rotation": [
								60,
								0,
								0
							],
							"uv": [
								53,
								303
							]
						},
						{
							"origin": [
								-18,
								49.33717,
								-58.20577
							],
							"size": [
								4,
								1,
								3
							],
							"pivot": [
								0,
								39.33717,
								-15.20577
							],
							"rotation": [
								60,
								0,
								0
							],
							"uv": [
								53,
								303
							]
						},
						{
							"origin": [
								-18,
								32.80385,
								-45.35898
							],
							"size": [
								4,
								1,
								3
							],
							"pivot": [
								0,
								21.80385,
								-2.35898
							],
							"rotation": [
								30,
								0,
								0
							],
							"uv": [
								53,
								303
							]
						},
						{
							"origin": [
								-18,
								31.80385,
								-45.35898
							],
							"size": [
								4,
								1,
								3
							],
							"pivot": [
								0,
								21.80385,
								-2.35898
							],
							"rotation": [
								30,
								0,
								0
							],
							"uv": [
								53,
								303
							]
						},
						{
							"origin": [
								-18,
								10.19615,
								-43
							],
							"size": [
								4,
								1,
								4
							],
							"uv": [
								52,
								302
							]
						},
						{
							"origin": [
								-18,
								11.19615,
								-43
							],
							"size": [
								4,
								1,
								4
							],
							"uv": [
								52,
								302
							]
						},
						{
							"origin": [
								-18,
								9.51314,
								-38.45096
							],
							"size": [
								4,
								3,
								1
							],
							"pivot": [
								-16,
								11.01314,
								-37.95096
							],
							"rotation": [
								60,
								0,
								0
							],
							"uv": [
								0,
								317
							]
						},
						{
							"origin": [
								-18,
								9.51314,
								-39.45096
							],
							"size": [
								4,
								3,
								1
							],
							"pivot": [
								-16,
								11.01314,
								-37.95096
							],
							"rotation": [
								60,
								0,
								0
							],
							"uv": [
								0,
								317
							]
						},
						{
							"origin": [
								-18,
								7.64711,
								-36.58494
							],
							"size": [
								4,
								3,
								1
							],
							"pivot": [
								-16,
								9.14711,
								-36.08494
							],
							"rotation": [
								30,
								0,
								0
							],
							"uv": [
								0,
								317
							]
						},
						{
							"origin": [
								-18,
								7.64711,
								-37.58494
							],
							"size": [
								4,
								3,
								1
							],
							"pivot": [
								-16,
								9.14711,
								-36.08494
							],
							"rotation": [
								30,
								0,
								0
							],
							"uv": [
								0,
								317
							]
						},
						{
							"origin": [
								-18,
								2.98205,
								-37.83494
							],
							"size": [
								4,
								1,
								3
							],
							"pivot": [
								-16,
								3.48205,
								-35.83494
							],
							"rotation": [
								60,
								0,
								0
							],
							"uv": [
								53,
								297
							]
						},
						{
							"origin": [
								-18,
								4.09808,
								-36.90192
							],
							"size": [
								4,
								4,
								1
							],
							"uv": [
								0,
								317
							]
						},
						{
							"origin": [
								-18,
								4.09808,
								-35.90192
							],
							"size": [
								4,
								4,
								1
							],
							"uv": [
								0,
								317
							]
						},
						{
							"origin": [
								-18,
								3.98205,
								-37.83494
							],
							"size": [
								4,
								1,
								3
							],
							"pivot": [
								-16,
								3.48205,
								-35.83494
							],
							"rotation": [
								60,
								0,
								0
							],
							"uv": [
								53,
								297
							]
						},
						{
							"origin": [
								-18,
								1.93301,
								-39.51795
							],
							"size": [
								4,
								1,
								3
							],
							"pivot": [
								-16,
								1.43301,
								-37.51795
							],
							"rotation": [
								30,
								0,
								0
							],
							"uv": [
								53,
								297
							]
						},
						{
							"origin": [
								-18,
								0.93301,
								-39.51795
							],
							"size": [
								4,
								1,
								3
							],
							"pivot": [
								-16,
								1.43301,
								-37.51795
							],
							"rotation": [
								30,
								0,
								0
							],
							"uv": [
								53,
								297
							]
						},
						{
							"origin": [
								-18,
								2,
								-45
							],
							"size": [
								4,
								8,
								8
							],
							"inflate": -0.001,
							"uv": [
								0,
								253
							]
						}
					]
				},
				{
					"name": "tire1",
					"parent": "leg0",
					"pivot": [
						16,
						6.09415,
						-41
					],
					"cubes": [
						{
							"origin": [
								14,
								0,
								-43
							],
							"size": [
								4,
								1,
								4
							],
							"uv": [
								52,
								297
							]
						},
						{
							"origin": [
								14,
								1,
								-43
							],
							"size": [
								4,
								1,
								4
							],
							"uv": [
								52,
								297
							]
						},
						{
							"origin": [
								14,
								0.93301,
								-45.48205
							],
							"size": [
								4,
								1,
								3
							],
							"pivot": [
								16,
								1.43301,
								-44.48205
							],
							"rotation": [
								-30,
								0,
								0
							],
							"uv": [
								53,
								298
							]
						},
						{
							"origin": [
								14,
								1.93301,
								-45.48205
							],
							"size": [
								4,
								1,
								3
							],
							"pivot": [
								16,
								1.43301,
								-44.48205
							],
							"rotation": [
								-30,
								0,
								0
							],
							"uv": [
								53,
								298
							]
						},
						{
							"origin": [
								14,
								2.98205,
								-47.16506
							],
							"size": [
								4,
								1,
								3
							],
							"pivot": [
								16,
								3.48205,
								-46.16506
							],
							"rotation": [
								-60,
								0,
								0
							],
							"uv": [
								53,
								298
							]
						},
						{
							"origin": [
								14,
								3.98205,
								-47.16506
							],
							"size": [
								4,
								1,
								3
							],
							"pivot": [
								16,
								3.48205,
								-46.16506
							],
							"rotation": [
								-60,
								0,
								0
							],
							"uv": [
								53,
								298
							]
						},
						{
							"origin": [
								14,
								1.93301,
								-39.51795
							],
							"size": [
								4,
								1,
								3
							],
							"pivot": [
								16,
								1.43301,
								-37.51795
							],
							"rotation": [
								30,
								0,
								0
							],
							"uv": [
								53,
								297
							]
						},
						{
							"origin": [
								14,
								0.93301,
								-39.51795
							],
							"size": [
								4,
								1,
								3
							],
							"pivot": [
								16,
								1.43301,
								-37.51795
							],
							"rotation": [
								30,
								0,
								0
							],
							"uv": [
								53,
								297
							]
						},
						{
							"origin": [
								14,
								3.98205,
								-37.83494
							],
							"size": [
								4,
								1,
								3
							],
							"pivot": [
								16,
								3.48205,
								-35.83494
							],
							"rotation": [
								60,
								0,
								0
							],
							"uv": [
								53,
								297
							]
						},
						{
							"origin": [
								14,
								2.98205,
								-37.83494
							],
							"size": [
								4,
								1,
								3
							],
							"pivot": [
								16,
								3.48205,
								-35.83494
							],
							"rotation": [
								60,
								0,
								0
							],
							"uv": [
								53,
								297
							]
						},
						{
							"origin": [
								14,
								11.19615,
								-43
							],
							"size": [
								4,
								1,
								4
							],
							"uv": [
								52,
								302
							]
						},
						{
							"origin": [
								14,
								10.19615,
								-43
							],
							"size": [
								4,
								1,
								4
							],
							"uv": [
								52,
								302
							]
						},
						{
							"origin": [
								14,
								32.80385,
								-45.35898
							],
							"size": [
								4,
								1,
								3
							],
							"pivot": [
								32,
								21.80385,
								-2.35898
							],
							"rotation": [
								30,
								0,
								0
							],
							"uv": [
								53,
								303
							]
						},
						{
							"origin": [
								14,
								31.80385,
								-45.35898
							],
							"size": [
								4,
								1,
								3
							],
							"pivot": [
								32,
								21.80385,
								-2.35898
							],
							"rotation": [
								30,
								0,
								0
							],
							"uv": [
								53,
								303
							]
						},
						{
							"origin": [
								14,
								50.33717,
								-58.20577
							],
							"size": [
								4,
								1,
								3
							],
							"pivot": [
								32,
								39.33717,
								-15.20577
							],
							"rotation": [
								60,
								0,
								0
							],
							"uv": [
								53,
								303
							]
						},
						{
							"origin": [
								14,
								49.33717,
								-58.20577
							],
							"size": [
								4,
								1,
								3
							],
							"pivot": [
								32,
								39.33717,
								-15.20577
							],
							"rotation": [
								60,
								0,
								0
							],
							"uv": [
								53,
								303
							]
						},
						{
							"origin": [
								14,
								2,
								-45
							],
							"size": [
								4,
								8,
								8
							],
							"inflate": -0.001,
							"uv": [
								24,
								253
							]
						},
						{
							"origin": [
								14,
								4.09808,
								-47.09808
							],
							"size": [
								4,
								4,
								1
							],
							"uv": [
								10,
								317
							]
						},
						{
							"origin": [
								14,
								4.09808,
								-46.09808
							],
							"size": [
								4,
								4,
								1
							],
							"uv": [
								10,
								317
							]
						},
						{
							"origin": [
								14,
								4.09808,
								-35.90192
							],
							"size": [
								4,
								4,
								1
							],
							"uv": [
								0,
								317
							]
						},
						{
							"origin": [
								14,
								4.09808,
								-36.90192
							],
							"size": [
								4,
								4,
								1
							],
							"uv": [
								0,
								317
							]
						},
						{
							"origin": [
								14,
								7.64711,
								-36.58494
							],
							"size": [
								4,
								3,
								1
							],
							"pivot": [
								16,
								9.14711,
								-36.08494
							],
							"rotation": [
								30,
								0,
								0
							],
							"uv": [
								0,
								317
							]
						},
						{
							"origin": [
								14,
								7.64711,
								-37.58494
							],
							"size": [
								4,
								3,
								1
							],
							"pivot": [
								16,
								9.14711,
								-36.08494
							],
							"rotation": [
								30,
								0,
								0
							],
							"uv": [
								0,
								317
							]
						},
						{
							"origin": [
								14,
								9.51314,
								-38.45096
							],
							"size": [
								4,
								3,
								1
							],
							"pivot": [
								16,
								11.01314,
								-37.95096
							],
							"rotation": [
								60,
								0,
								0
							],
							"uv": [
								0,
								317
							]
						},
						{
							"origin": [
								14,
								9.51314,
								-39.45096
							],
							"size": [
								4,
								3,
								1
							],
							"pivot": [
								16,
								11.01314,
								-37.95096
							],
							"rotation": [
								60,
								0,
								0
							],
							"uv": [
								0,
								317
							]
						}
					]
				},
				{
					"name": "leg1",
					"pivot": [
						16,
						6,
						17
					],
					"cubes": [
						{
							"origin": [
								-18,
								0,
								15
							],
							"size": [
								4,
								1,
								4
							],
							"uv": [
								52,
								297
							]
						},
						{
							"origin": [
								14,
								0,
								15
							],
							"size": [
								4,
								1,
								4
							],
							"uv": [
								52,
								297
							]
						},
						{
							"origin": [
								-18,
								1,
								15
							],
							"size": [
								4,
								1,
								4
							],
							"uv": [
								52,
								297
							]
						},
						{
							"origin": [
								14,
								1,
								15
							],
							"size": [
								4,
								1,
								4
							],
							"uv": [
								52,
								297
							]
						},
						{
							"origin": [
								-18,
								0.93301,
								12.51795
							],
							"size": [
								4,
								1,
								3
							],
							"pivot": [
								-16,
								1.43301,
								13.51795
							],
							"rotation": [
								-30,
								0,
								0
							],
							"uv": [
								53,
								298
							]
						},
						{
							"origin": [
								14,
								0.93301,
								12.51795
							],
							"size": [
								4,
								1,
								3
							],
							"pivot": [
								16,
								1.43301,
								13.51795
							],
							"rotation": [
								-30,
								0,
								0
							],
							"uv": [
								53,
								298
							]
						},
						{
							"origin": [
								-18,
								1.93301,
								12.51795
							],
							"size": [
								4,
								1,
								3
							],
							"pivot": [
								-16,
								1.43301,
								13.51795
							],
							"rotation": [
								-30,
								0,
								0
							],
							"uv": [
								53,
								298
							]
						},
						{
							"origin": [
								14,
								1.93301,
								12.51795
							],
							"size": [
								4,
								1,
								3
							],
							"pivot": [
								16,
								1.43301,
								13.51795
							],
							"rotation": [
								-30,
								0,
								0
							],
							"uv": [
								53,
								298
							]
						},
						{
							"origin": [
								-18,
								2.98205,
								10.83494
							],
							"size": [
								4,
								1,
								3
							],
							"pivot": [
								-16,
								3.48205,
								11.83494
							],
							"rotation": [
								-60,
								0,
								0
							],
							"uv": [
								53,
								298
							]
						},
						{
							"origin": [
								14,
								2.98205,
								10.83494
							],
							"size": [
								4,
								1,
								3
							],
							"pivot": [
								16,
								3.48205,
								11.83494
							],
							"rotation": [
								-60,
								0,
								0
							],
							"uv": [
								53,
								298
							]
						},
						{
							"origin": [
								-18,
								3.98205,
								10.83494
							],
							"size": [
								4,
								1,
								3
							],
							"pivot": [
								-16,
								3.48205,
								11.83494
							],
							"rotation": [
								-60,
								0,
								0
							],
							"uv": [
								53,
								298
							]
						},
						{
							"origin": [
								14,
								3.98205,
								10.83494
							],
							"size": [
								4,
								1,
								3
							],
							"pivot": [
								16,
								3.48205,
								11.83494
							],
							"rotation": [
								-60,
								0,
								0
							],
							"uv": [
								53,
								298
							]
						},
						{
							"origin": [
								-18,
								1.93301,
								18.48205
							],
							"size": [
								4,
								1,
								3
							],
							"pivot": [
								-16,
								1.43301,
								20.48205
							],
							"rotation": [
								30,
								0,
								0
							],
							"uv": [
								53,
								297
							]
						},
						{
							"origin": [
								14,
								1.93301,
								18.48205
							],
							"size": [
								4,
								1,
								3
							],
							"pivot": [
								16,
								1.43301,
								20.48205
							],
							"rotation": [
								30,
								0,
								0
							],
							"uv": [
								53,
								297
							]
						},
						{
							"origin": [
								-18,
								0.93301,
								18.48205
							],
							"size": [
								4,
								1,
								3
							],
							"pivot": [
								-16,
								1.43301,
								20.48205
							],
							"rotation": [
								30,
								0,
								0
							],
							"uv": [
								53,
								297
							]
						},
						{
							"origin": [
								14,
								0.93301,
								18.48205
							],
							"size": [
								4,
								1,
								3
							],
							"pivot": [
								16,
								1.43301,
								20.48205
							],
							"rotation": [
								30,
								0,
								0
							],
							"uv": [
								53,
								297
							]
						},
						{
							"origin": [
								-18,
								3.98205,
								20.16506
							],
							"size": [
								4,
								1,
								3
							],
							"pivot": [
								-16,
								3.48205,
								22.16506
							],
							"rotation": [
								60,
								0,
								0
							],
							"uv": [
								53,
								297
							]
						},
						{
							"origin": [
								14,
								3.98205,
								20.16506
							],
							"size": [
								4,
								1,
								3
							],
							"pivot": [
								16,
								3.48205,
								22.16506
							],
							"rotation": [
								60,
								0,
								0
							],
							"uv": [
								53,
								297
							]
						},
						{
							"origin": [
								-18,
								2.98205,
								20.16506
							],
							"size": [
								4,
								1,
								3
							],
							"pivot": [
								-16,
								3.48205,
								22.16506
							],
							"rotation": [
								60,
								0,
								0
							],
							"uv": [
								53,
								297
							]
						},
						{
							"origin": [
								14,
								2.98205,
								20.16506
							],
							"size": [
								4,
								1,
								3
							],
							"pivot": [
								16,
								3.48205,
								22.16506
							],
							"rotation": [
								60,
								0,
								0
							],
							"uv": [
								53,
								297
							]
						},
						{
							"origin": [
								-18,
								11.19615,
								15
							],
							"size": [
								4,
								1,
								4
							],
							"uv": [
								52,
								302
							]
						},
						{
							"origin": [
								14,
								11.19615,
								15
							],
							"size": [
								4,
								1,
								4
							],
							"uv": [
								52,
								302
							]
						},
						{
							"origin": [
								-18,
								10.19615,
								15
							],
							"size": [
								4,
								1,
								4
							],
							"uv": [
								52,
								302
							]
						},
						{
							"origin": [
								14,
								10.19615,
								15
							],
							"size": [
								4,
								1,
								4
							],
							"uv": [
								52,
								302
							]
						},
						{
							"origin": [
								-18,
								32.80385,
								12.64102
							],
							"size": [
								4,
								1,
								3
							],
							"pivot": [
								0,
								21.80385,
								55.64102
							],
							"rotation": [
								30,
								0,
								0
							],
							"uv": [
								53,
								303
							]
						},
						{
							"origin": [
								14,
								32.80385,
								12.64102
							],
							"size": [
								4,
								1,
								3
							],
							"pivot": [
								32,
								21.80385,
								55.64102
							],
							"rotation": [
								30,
								0,
								0
							],
							"uv": [
								53,
								303
							]
						},
						{
							"origin": [
								-18,
								31.80385,
								12.64102
							],
							"size": [
								4,
								1,
								3
							],
							"pivot": [
								0,
								21.80385,
								55.64102
							],
							"rotation": [
								30,
								0,
								0
							],
							"uv": [
								53,
								303
							]
						},
						{
							"origin": [
								14,
								31.80385,
								12.64102
							],
							"size": [
								4,
								1,
								3
							],
							"pivot": [
								32,
								21.80385,
								55.64102
							],
							"rotation": [
								30,
								0,
								0
							],
							"uv": [
								53,
								303
							]
						},
						{
							"origin": [
								-18,
								50.33717,
								-0.20577
							],
							"size": [
								4,
								1,
								3
							],
							"pivot": [
								0,
								39.33717,
								42.79423
							],
							"rotation": [
								60,
								0,
								0
							],
							"uv": [
								53,
								303
							]
						},
						{
							"origin": [
								14,
								50.33717,
								-0.20577
							],
							"size": [
								4,
								1,
								3
							],
							"pivot": [
								32,
								39.33717,
								42.79423
							],
							"rotation": [
								60,
								0,
								0
							],
							"uv": [
								53,
								303
							]
						},
						{
							"origin": [
								-18,
								49.33717,
								-0.20577
							],
							"size": [
								4,
								1,
								3
							],
							"pivot": [
								0,
								39.33717,
								42.79423
							],
							"rotation": [
								60,
								0,
								0
							],
							"uv": [
								53,
								303
							]
						},
						{
							"origin": [
								14,
								49.33717,
								-0.20577
							],
							"size": [
								4,
								1,
								3
							],
							"pivot": [
								32,
								39.33717,
								42.79423
							],
							"rotation": [
								60,
								0,
								0
							],
							"uv": [
								53,
								303
							]
						},
						{
							"origin": [
								14,
								2,
								13
							],
							"size": [
								4,
								8,
								8
							],
							"inflate": -0.001,
							"uv": [
								24,
								253
							]
						},
						{
							"origin": [
								-18,
								2,
								13
							],
							"size": [
								4,
								8,
								8
							],
							"inflate": -0.001,
							"uv": [
								0,
								253
							]
						},
						{
							"origin": [
								-18,
								4.09808,
								10.90192
							],
							"size": [
								4,
								4,
								1
							],
							"uv": [
								10,
								317
							]
						},
						{
							"origin": [
								14,
								4.09808,
								10.90192
							],
							"size": [
								4,
								4,
								1
							],
							"uv": [
								10,
								317
							]
						},
						{
							"origin": [
								-18,
								4.09808,
								11.90192
							],
							"size": [
								4,
								4,
								1
							],
							"uv": [
								10,
								317
							]
						},
						{
							"origin": [
								14,
								4.09808,
								11.90192
							],
							"size": [
								4,
								4,
								1
							],
							"uv": [
								10,
								317
							]
						},
						{
							"origin": [
								-18,
								4.09808,
								22.09808
							],
							"size": [
								4,
								4,
								1
							],
							"uv": [
								0,
								317
							]
						},
						{
							"origin": [
								14,
								4.09808,
								22.09808
							],
							"size": [
								4,
								4,
								1
							],
							"uv": [
								0,
								317
							]
						},
						{
							"origin": [
								-18,
								4.09808,
								21.09808
							],
							"size": [
								4,
								4,
								1
							],
							"uv": [
								0,
								317
							]
						},
						{
							"origin": [
								14,
								4.09808,
								21.09808
							],
							"size": [
								4,
								4,
								1
							],
							"uv": [
								0,
								317
							]
						},
						{
							"origin": [
								-18,
								7.64711,
								21.41506
							],
							"size": [
								4,
								3,
								1
							],
							"pivot": [
								-16,
								9.14711,
								21.91506
							],
							"rotation": [
								30,
								0,
								0
							],
							"uv": [
								0,
								317
							]
						},
						{
							"origin": [
								14,
								7.64711,
								21.41506
							],
							"size": [
								4,
								3,
								1
							],
							"pivot": [
								16,
								9.14711,
								21.91506
							],
							"rotation": [
								30,
								0,
								0
							],
							"uv": [
								0,
								317
							]
						},
						{
							"origin": [
								-18,
								7.64711,
								20.41506
							],
							"size": [
								4,
								3,
								1
							],
							"pivot": [
								-16,
								9.14711,
								21.91506
							],
							"rotation": [
								30,
								0,
								0
							],
							"uv": [
								0,
								317
							]
						},
						{
							"origin": [
								14,
								7.64711,
								20.41506
							],
							"size": [
								4,
								3,
								1
							],
							"pivot": [
								16,
								9.14711,
								21.91506
							],
							"rotation": [
								30,
								0,
								0
							],
							"uv": [
								0,
								317
							]
						},
						{
							"origin": [
								-18,
								9.51314,
								19.54904
							],
							"size": [
								4,
								3,
								1
							],
							"pivot": [
								-16,
								11.01314,
								20.04904
							],
							"rotation": [
								60,
								0,
								0
							],
							"uv": [
								0,
								317
							]
						},
						{
							"origin": [
								14,
								9.51314,
								19.54904
							],
							"size": [
								4,
								3,
								1
							],
							"pivot": [
								16,
								11.01314,
								20.04904
							],
							"rotation": [
								60,
								0,
								0
							],
							"uv": [
								0,
								317
							]
						},
						{
							"origin": [
								-18,
								9.51314,
								18.54904
							],
							"size": [
								4,
								3,
								1
							],
							"pivot": [
								-16,
								11.01314,
								20.04904
							],
							"rotation": [
								60,
								0,
								0
							],
							"uv": [
								0,
								317
							]
						},
						{
							"origin": [
								14,
								9.51314,
								18.54904
							],
							"size": [
								4,
								3,
								1
							],
							"pivot": [
								16,
								11.01314,
								20.04904
							],
							"rotation": [
								60,
								0,
								0
							],
							"uv": [
								0,
								317
							]
						}
					]
				}
			]
		}
	]
}