{
	"format_version": "1.16.0",
	"minecraft:entity": {
		"description": {
			"identifier": "simple_vehicles:modern_jeep_ph",
			"is_spawnable": true,
			"is_summonable": true,
			"is_experimental": false,
			"scripts": {
				"animate": [
					"command",
					"durability",
					"fuel",
					"move"
				]
			},
			"animations": {
				"command": "controller.animation.vehicle.command",
				"move": "controller.animation.vehicle.move",
				"durability": "controller.animation.vehicle.durability",
				"fuel": "controller.animation.simple_vehicles.fuel"
			}
		},
		"component_groups": {
			"simple_vehicles:door_close": {
				"minecraft:interact": {
					"interactions": [
						{
							"interact_text": "Fuel It Up!!",
							"on_interact": {
								"event": "simple_vehicles:refuel",
								"filters": {
									"all_of": [
										{
											"test": "is_family",
											"subject": "other",
											"value": "player"
										},
										{
											"test": "has_equipment",
											"subject": "other",
											"value": "simple_vehicles:gas_nozzle"
										}
									]
								}
							},
							"use_item": false
						},
						{
							"interact_text": "Fuel It Up!!",
							"on_interact": {
								"event": "simple_vehicles:refuel",
								"filters": {
									"all_of": [
										{
											"test": "is_family",
											"subject": "other",
											"value": "player"
										},
										{
											"test": "has_equipment",
											"subject": "other",
											"value": "simple_vehicles:jerry_can"
										}
									]
								}
							},
							"use_item": true
						},
						{
							"on_interact": {
								"filters": {
									"all_of": [
										{
											"test": "has_equipment",
											"subject": "other",
											"domain": "hand",
											"value": "simple_vehicles:key_jeepmode"
										}
									]
								},
								"event": "simple_vehicles:door_open"
							},
							"use_item": false,
							"interact_text": "Open Door"
						},
						{
							"on_interact": {
								"filters": {
									"all_of": [
										{
											"test": "has_equipment",
											"subject": "other",
											"domain": "hand",
											"value": "barrier"
										},
										{
											"test": "is_family",
											"subject": "other",
											"value": "player"
										},
										{
											"test": "has_ability",
											"subject": "other",
											"value": "instabuild"
										}
									]
								},
								"event": "simple_vehicles:remove_vehicle"
							},
							"use_item": false,
							"interact_text": "Remove Vehicle?"
						}
					]
				},
				"minecraft:mark_variant": {
					"value": 0
				}
			},
			"simple_vehicles:door_open": {
				"minecraft:interact": {
					"interactions": [
						{
							"interact_text": "Fuel It Up!!",
							"on_interact": {
								"event": "simple_vehicles:refuel",
								"filters": {
									"all_of": [
										{
											"test": "is_family",
											"subject": "other",
											"value": "player"
										},
										{
											"test": "has_equipment",
											"subject": "other",
											"value": "simple_vehicles:jerry_can"
										}
									]
								}
							},
							"use_item": true
						},
						{
							"on_interact": {
								"filters": {
									"all_of": [
										{
											"test": "has_equipment",
											"subject": "other",
											"domain": "hand",
											"value": "simple_vehicles:key_jeepmode"
										}
									]
								},
								"event": "simple_vehicles:door_close"
							},
							"use_item": false,
							"interact_text": "Close Door"
						}
					]
				},
				"minecraft:is_tamed": {},
				"minecraft:rideable": {
					"seat_count": 5,
					"crouching_skip_interact": false,
					"family_types": [
						"player"
					],
					"interact_text": "Drive",
					"pull_in_entities": true,
					"seats": [
						{
							"position": [
								0.5,
								0.5,
								0.45
							]
						},
						{
							"position": [
								-0.5,
								0.5,
								0.45
							]
						},
						{
							"position": [
								-0.5,
								0.5,
								-0.65
							]
						},
						{
							"position": [
								0.5,
								0.5,
								-0.65
							]
						},
						{
							"position": [
								0.5,
								0.5,
								-1.55
							]
						}
					]
				},
				"minecraft:mark_variant": {
					"value": 1
				}
			},
			"minecraft:horse_saddled": {
				"minecraft:environment_sensor": {
					"triggers": [
						{
							"filters": {
								"all_of": [
									{
										"test": "has_tag",
										"operator": "equals",
										"value": "remove"
									},
									{
										"test": "hourly_clock_time",
										"operator": ">=",
										"value": 0
									},
									{
										"test": "hourly_clock_time",
										"operator": "<",
										"value": 12000
									}
								]
							},
							"event": "sfp:light_off"
						},
						{
							"filters": {
								"all_of": [
									{
										"any_of": [
											{
												"all_of": [
													{
														"test": "hourly_clock_time",
														"operator": ">=",
														"value": 12000
													},
													{
														"test": "hourly_clock_time",
														"operator": "<",
														"value": 24000
													}
												]
											},
											{
												"test": "light_level",
												"operator": "<",
												"value": 8
											}
										]
									},
									{
										"test": "has_tag",
										"operator": "not",
										"value": "remove"
									}
								]
							},
							"event": "sfp:light_on"
						}
					]
				},
				"minecraft:input_ground_controlled": {},
				"minecraft:can_power_jump": {},
				"minecraft:behavior.player_ride_tamed": {}
			},
			"simple_vehicles:refuel": {
				"minecraft:variant": {
					"value": 0
				}
			},
			"simple_vehicles:refueled": {
				"minecraft:variant": {
					"value": 1
				}
			}
		},
		"components": {
			"minecraft:interact": {
				"interactions": [
					{
						"on_interact": {
							"filters": {
								"all_of": [
									{
										"test": "has_equipment",
										"subject": "other",
										"domain": "hand",
										"value": "simple_vehicles:key_jeepmode"
									}
								]
							},
							"event": "simple_vehicles:door_open"
						},
						"use_item": false,
						"interact_text": "Open Door"
					},
					{
						"interact_text": "Fuel It Up!!",
						"on_interact": {
							"event": "simple_vehicles:refuel",
							"filters": {
								"all_of": [
									{
										"test": "is_family",
										"subject": "other",
										"value": "player"
									},
									{
										"test": "has_equipment",
										"subject": "other",
										"value": "simple_vehicles:jerry_can"
									}
								]
							}
						},
						"use_item": true
					}
				]
			},
			"minecraft:scale": {
				"value": 1
			},
			"minecraft:equippable": {
				"slots": [
					{
						"slot": 0,
						"item": "simple_vehicles:key_jeepmode",
						"accepted_items": [
							"simple_vehicles:key_jeepmode"
						],
						"on_equip": {
							"event": "minecraft:horse_saddled"
						},
						"on_unequip": {
							"event": "minecraft:horse_unsaddled"
						}
					}
				]
			},
			"minecraft:type_family": {
				"family": [
					"jeep_modernization"
				]
			},
			"minecraft:breathable": {
				"totalSupply": 15,
				"suffocateTime": 0
			},
			"minecraft:collision_box": {
				"width": 3,
				"height": 3
			},
			"minecraft:health": {
				"value": {
					"range_min": 15,
					"range_max": 15
				}
			},
			"minecraft:inventory": {
				"inventory_size": 15,
				"container_type": "horse",
				"private": false
			},
			"minecraft:movement": {
				"value": {
					"range_min": 0.1125,
					"range_max": 0.3375
				}
			},
			"minecraft:loot": {
				"table": "loot_tables/entities/jeep_ph_modern.json"
			},
			"minecraft:navigation.walk": {
				"can_path_over_water": true,
				"avoid_water": false,
				"avoid_damage_blocks": true,
				"is_amphibious": true
			},
			"minecraft:movement.basic": {},
			"minecraft:jump.static": {},
			"minecraft:nameable": {},
			"minecraft:horse.jump_strength": {
				"value": {
					"range_min": 0.4,
					"range_max": 0.6
				}
			},
			"minecraft:balloonable": {},
			"minecraft:behavior.float": {
				"priority": 0
			},
			"minecraft:is_chested": {},
			"minecraft:physics": {},
			"minecraft:damage_sensor": {
				"triggers": [
					{
						"cause": "fall"
					}
				]
			},
			"minecraft:underwater_movement": {
				"value": 0.1
			},
			"minecraft:healable": {
				"items": [
					{
						"item": "simple_vehicles:wrench",
						"heal_amount": 100,
						"effects": [
							{
								"name": "absorption",
								"chance": 0.8,
								"duration": 5,
								"amplifier": 5
							}
						]
					}
				],
				"force_use": true
			}
		},
		"events": {
			"minecraft:entity_spawned": {
				"add": {
					"component_groups": [
						"minecraft:door_close"
					]
				}
			},
			"simple_vehicles:remove_vehicle": {
				"run_command": {
					"command": [
						"tag @s add remove",
						"fill ~-3~-2~-3 ~3~4~3 air 0 replace light_block 13",
						"kill @s"
					]
				}
			},
			"minecraft:horse_saddled": {
				"add": {
					"component_groups": [
						"minecraft:horse_saddled"
					]
				},
				"run_command": {
					"command": [
						"fill ~-3~-2~-3 ~3~4~3 air 0 replace light_block 13",
						"setblock ~~1~ light_block 13 keep",
						"fill ~-3~-2~-3 ~3~-1~3 air 0 replace light_block 13",
						"fill ~-3~3~-3 ~3~4~3 air 0 replace light_block 13",
						"fill ~-3~-2~2 ~3~4~3 air 0 replace light_block 13",
						"fill ~-3~-2~-2 ~3~4~-3 air 0 replace light_block 13",
						"fill ~-3~-2~-3 ~-2~4~3 air 0 replace light_block 13",
						"fill ~2~-2~-3 ~3~4~3 air 0 replace light_block 13"
					]
				}
			},
			"minecraft:horse_unsaddled": {
				"run_command": {
					"command": [
						"fill ~-3~-2~-3 ~3~4~3 air 0 replace light_block 13"
					]
				},
				"remove": {
					"component_groups": [
						"minecraft:horse_saddled"
					]
				}
			},
			"sfp:light_off": {
				"run_command": {
					"command": [
						"fill ~-3~-2~-3 ~3~4~3 air 0 replace light_block 13"
					]
				}
			},
			"sfp:light_on": {
				"run_command": {
					"command": [
						"fill ~-3~-2~-3 ~3~4~3 air 0 replace light_block 13",
						"setblock ~~1~ light_block 13 keep",
						"fill ~-3~-2~-3 ~3~-1~3 air 0 replace light_block 13",
						"fill ~-3~3~-3 ~3~4~3 air 0 replace light_block 13",
						"fill ~-3~-2~2 ~3~4~3 air 0 replace light_block 13",
						"fill ~-3~-2~-2 ~3~4~-3 air 0 replace light_block 13",
						"fill ~-3~-2~-3 ~-2~4~3 air 0 replace light_block 13",
						"fill ~2~-2~-3 ~3~4~3 air 0 replace light_block 13"
					]
				}
			},
			"simple_vehicles:refuel": {
				"add": {
					"component_groups": [
						"simple_vehicles:refueled"
					]
				}
			},
			"simple_vehicles:refuel_re": {
				"add": {
					"component_groups": [
						"simple_vehicles:refuel"
					]
				},
				"remove": {
					"component_groups": [
						"simple_vehicles:refueled"
					]
				}
			},
			"simple_vehicles:door_open": {
				"add": {
					"component_groups": [
						"simple_vehicles:door_open"
					]
				},
				"remove": {
					"component_groups": [
						"simple_vehicles:door_close"
					]
				},
				"run_command": {
					"command": [
						"playsound simple_vehicles.ae86.open @p[r=1]"
					]
				}
			},
			"simple_vehicles:door_close": {
				"remove": {
					"component_groups": [
						"simple_vehicles:door_open"
					]
				},
				"add": {
					"component_groups": [
						"simple_vehicles:door_close"
					]
				},
				"run_command": {
					"command": [
						"playsound simple_vehicles.ae86.close @p[r=1]"
					]
				}
			}
		}
	}
}