{
	"format_version": "1.16.0",
	"minecraft:entity": {
		"description": {
			"identifier": "simple_vehicles:pajero",
			"is_spawnable": true,
			"is_summonable": true,
			"is_experimental": false,
			"scripts": {
				"animate": [
					"command",
					"durability",
					"fuel",
					"move"
				]
			},
			"animations": {
				"command": "controller.animation.vehicle.command",
				"move": "controller.animation.vehicle.move",
				"durability": "controller.animation.vehicle.durability",
				"fuel": "controller.animation.simple_vehicles.fuel"
			}
		},
		"component_groups": {
			"simple_vehicles:door_close": {
				"minecraft:interact": {
					"interactions": [
						{
							"interact_text": "Fuel It Up!!",
							"on_interact": {
								"event": "simple_vehicles:refuel",
								"filters": {
									"all_of": [
										{
											"test": "is_family",
											"subject": "other",
											"value": "player"
										},
										{
											"test": "has_equipment",
											"subject": "other",
											"value": "simple_vehicles:gas_nozzle"
										}
									]
								}
							},
							"use_item": false
						},
						{
							"interact_text": "Fuel It Up!!",
							"on_interact": {
								"event": "simple_vehicles:refuel",
								"filters": {
									"all_of": [
										{
											"test": "is_family",
											"subject": "other",
											"value": "player"
										},
										{
											"test": "has_equipment",
											"subject": "other",
											"value": "simple_vehicles:jerry_can"
										}
									]
								}
							},
							"use_item": true
						},
						{
							"on_interact": {
								"filters": {
									"all_of": [
										{
											"test": "has_equipment",
											"subject": "other",
											"domain": "hand",
											"value": "simple_vehicles:key_pajero"
										}
									]
								},
								"event": "simple_vehicles:door_open"
							},
							"use_item": false,
							"interact_text": "Open Door"
						}
					]
				},
				"minecraft:mark_variant": {
					"value": 0
				}
			},
			"simple_vehicles:door_open": {
				"minecraft:equippable": {
					"slots": [
						{
							"accepted_items": [
								"simple_vehicles:key_pajero"
							],
							"item": "simple_vehicles:key_pajero",
							"on_equip": {
								"event": "simple_vehicles:activated",
								"target": "self"
							},
							"on_unequip": {
								"event": "simple_vehicles:deactivated",
								"target": "self"
							}
						}
					]
				},
				"minecraft:interact": {
					"interactions": [
						{
							"on_interact": {
								"filters": {
									"all_of": [
										{
											"test": "has_equipment",
											"subject": "other",
											"domain": "hand",
											"value": "simple_vehicles:key_pajero"
										}
									]
								},
								"event": "simple_vehicles:door_close"
							},
							"use_item": false,
							"interact_text": "Close Door"
						}
					]
				},
				"minecraft:mark_variant": {
					"value": 1
				},
				"minecraft:rideable": {
					"seat_count": 4,
					"crouching_skip_interact": false,
					"family_types": [
						"player",
						"villager",
						"cat",
						"human",
						"npc"
					],
					"interact_text": "Drive",
					"pull_in_entities": true,
					"seats": [
						{
							"position": [
								0.5,
								0.35,
								0.2
							]
						},
						{
							"position": [
								-0.5,
								0.35,
								0.2
							]
						},
						{
							"position": [
								-0.5,
								0.35,
								-1
							]
						},
						{
							"position": [
								0.5,
								0.35,
								-1
							]
						}
					]
				}
			},
			"minecraft:bugfixer": {
				"minecraft:timer": {
					"time": [
						0.1,
						0.1
					],
					"looping": false,
					"time_down_event": {
						"event": "minecraft:bugfix",
						"target": "self"
					}
				}
			},
			"simple_vehicles:activated": {
				"minecraft:environment_sensor": {
					"triggers": [
						{
							"filters": {
								"all_of": [
									{
										"test": "has_tag",
										"operator": "equals",
										"value": "remove"
									},
									{
										"test": "hourly_clock_time",
										"operator": ">=",
										"value": 0
									},
									{
										"test": "hourly_clock_time",
										"operator": "<",
										"value": 12000
									}
								]
							},
							"event": "simple_vehicles:light_off"
						},
						{
							"filters": {
								"all_of": [
									{
										"any_of": [
											{
												"all_of": [
													{
														"test": "hourly_clock_time",
														"operator": ">=",
														"value": 12000
													},
													{
														"test": "hourly_clock_time",
														"operator": "<",
														"value": 24000
													}
												]
											},
											{
												"test": "light_level",
												"operator": "<",
												"value": 8
											}
										]
									},
									{
										"test": "has_tag",
										"operator": "not",
										"value": "remove"
									}
								]
							},
							"event": "simple_vehicles:light_on"
						}
					]
				},
				"minecraft:is_saddled": {},
				"minecraft:input_ground_controlled": {},
				"minecraft:movement": {
					"value": 0.41
				},
				"minecraft:can_power_jump": {},
				"minecraft:horse.jump_strength": {
					"value": 0.2
				}
			},
			"simple_vehicles:refuel": {
				"minecraft:variant": {
					"value": 0
				}
			},
			"simple_vehicles:refueled": {
				"minecraft:variant": {
					"value": 1
				}
			}
		},
		"components": {
			"minecraft:experience_reward": {
				"on_death": "math.min(query.player_level*7,100)"
			},
			"minecraft:scale": {
				"value": 1
			},
			"minecraft:inventory": {
				"inventory_size": 15,
				"container_type": "horse"
			},
			"minecraft:interact": {
				"interactions": [
					{
						"on_interact": {
							"filters": {
								"all_of": [
									{
										"test": "has_equipment",
										"subject": "other",
										"domain": "hand",
										"value": "simple_vehicles:key_pajero"
									}
								]
							},
							"event": "simple_vehicles:door_open"
						},
						"use_item": false,
						"interact_text": "Open Door"
					}
				]
			},
			"minecraft:type_family": {
				"family": [
					"aspire",
					"pajero",
					"simple_vehicles"
				]
			},
			"minecraft:horse.jump_strength": {
				"value": 0.5
			},
			"minecraft:breathable": {
				"totalSupply": 10,
				"suffocateTime": 0
			},
			"minecraft:is_chested": {},
			"minecraft:loot": {
				"table": "loot_tables/entities/pajero.json"
			},
			"minecraft:collision_box": {
				"width": 2.7,
				"height": 2.4
			},
			"minecraft:health": {
				"value": {
					"range_min": 120,
					"range_max": 120
				}
			},
			"minecraft:movement": {
				"value": {
					"range_min": 0.2,
					"range_max": 0.22
				}
			},
			"minecraft:physics": {
				"has_gravity": true
			},
			"minecraft:fire_immune": true,
			"minecraft:knockback_resistance": {
				"value": 100,
				"max": 100
			},
			"minecraft:navigation.walk": {
				"can_float": true,
				"avoid_water": false
			},
			"minecraft:movement.basic": {},
			"minecraft:jump.static": {},
			"minecraft:walk_animation_speed": {
				"value": 20
			},
			"minecraft:push_through": {
				"value": 1
			},
			"minecraft:nameable": {}
		},
		"events": {
			"minecraft:entity_spawned": {
				"sequence": [
					{
						"randomize": [
							{
								"weight": 80,
								"add": {
									"component_groups": [
										"simple_vehicles:door_close"
									]
								}
							}
						]
					}
				]
			},
			"simple_vehicles:activated": {
				"add": {
					"component_groups": [
						"simple_vehicles:activated"
					]
				},
				"run_command": {
					"command": [
						"fill ~-3~-2~-3 ~3~4~3 air 0 replace light_block 13",
						"setblock ~~1~ light_block 13 keep",
						"fill ~-3~-2~-3 ~3~-1~3 air 0 replace light_block 13",
						"fill ~-3~-2~-3 ~3~4~3 air 0 replace light_block 13",
						"fill ~-3~-2~-3 ~-2~4~3 air 0 replace light_block 13",
						"fill ~-3~-2~-3 ~3~4~3 air 0 replace light_block 13"
					]
				}
			},
			"simple_vehicles:deactivated": {
				"remove": {
					"component_groups": [
						"simple_vehicles:activated"
					]
				},
				"run_command": {
					"command": [
						"fill ~-3~-2~-3 ~3~4~3 air 0 replace light_block 13"
					]
				}
			},
			"simple_vehicles:door_open": {
				"add": {
					"component_groups": [
						"simple_vehicles:door_open"
					]
				},
				"remove": {
					"component_groups": [
						"simple_vehicles:door_close"
					]
				}
			},
			"simple_vehicles:door_close": {
				"remove": {
					"component_groups": [
						"simple_vehicles:door_open"
					]
				},
				"add": {
					"component_groups": [
						"simple_vehicles:door_close"
					]
				}
			},
			"simple_vehicles:light_off": {
				"run_command": {
					"command": [
						"fill ~-3~-2~-3 ~3~4~3 air 0 replace light_block 13"
					]
				}
			},
			"simple_vehicles:light_on": {
				"run_command": {
					"command": [
						"fill ~-3~-2~-3 ~3~4~3 air 0 replace light_block 13",
						"setblock ~~1~ light_block 13 keep",
						"fill ~-3~-2~-3 ~3~-1~3 air 0 replace light_block 13",
						"fill ~-3~3~-3 ~3~4~3 air 0 replace light_block 13",
						"fill ~-3~-2~2 ~3~4~3 air 0 replace light_block 13",
						"fill ~-3~-2~-2 ~3~4~-3 air 0 replace light_block 13",
						"fill ~-3~-2~-3 ~-2~4~3 air 0 replace light_block 13",
						"fill ~2~-2~-3 ~3~4~3 air 0 replace light_block 13"
					]
				}
			},
			"simple_vehicles:refuel": {
				"add": {
					"component_groups": [
						"simple_vehicles:refueled"
					]
				}
			},
			"simple_vehicles:refuel_re": {
				"add": {
					"component_groups": [
						"simple_vehicles:refuel"
					]
				},
				"remove": {
					"component_groups": [
						"simple_vehicles:refueled"
					]
				}
			}
		}
	}
}