{
    "format_version": "1.13.0",
    "minecraft:aggregate_feature": {
        "description": {
            "identifier": "093_grass_2_rotd0_feature"
        },
        "features": [
            "093_grass_2_rotd0_sbf_00000000",
            "093_grass_2_rotd0_sbf_00000001",
            "093_grass_2_rotd0_sbf_00000002",
            "093_grass_2_rotd0_sbf_00000003",
            "093_grass_2_rotd0_sbf_00000004",
            "093_grass_2_rotd0_sbf_00000005",
            "093_grass_2_rotd0_sbf_00000006",
            "093_grass_2_rotd0_sbf_00000007",
            "093_grass_2_rotd0_sbf_00000008"
        ]
    }
}
// Exported from software by MACHINE_BUILDER on YouTube. Check out this video for more information : www.youtube.com/watch?v=LA852BJ5doA