{
	"format_version": "1.16.0",
	"minecraft:geometry": [
		{
			"description": {
				"identifier": "geometry.vbuild",
				"texture_width": 256,
				"texture_height": 256,
				"visible_bounds_width": 15,
				"visible_bounds_height": 9,
				"visible_bounds_offset": [
					0,
					3.5,
					0
				]
			},
			"bones": [
				{
					"name": "body",
					"pivot": [
						0,
						0,
						0
					],
					"cubes": [
						{
							"origin": [
								-24,
								0,
								-32
							],
							"size": [
								48,
								8,
								64
							],
							"uv": [
								0,
								0
							]
						},
						{
							"origin": [
								24,
								0,
								16
							],
							"size": [
								24,
								9,
								16
							],
							"uv": [
								128,
								134
							]
						},
						{
							"origin": [
								-48,
								0,
								16
							],
							"size": [
								24,
								9,
								16
							],
							"uv": [
								128,
								72
							]
						},
						{
							"origin": [
								24,
								0,
								-32
							],
							"size": [
								24,
								9,
								16
							],
							"uv": [
								64,
								125
							]
						},
						{
							"origin": [
								-48,
								0,
								-32
							],
							"size": [
								24,
								9,
								16
							],
							"uv": [
								0,
								116
							]
						},
						{
							"origin": [
								-43,
								0,
								-16
							],
							"size": [
								19,
								12,
								32
							],
							"uv": [
								0,
								72
							]
						},
						{
							"origin": [
								-36.1209,
								3.58468,
								-16
							],
							"size": [
								13,
								9,
								32
							],
							"pivot": [
								-35.1209,
								6.58468,
								0
							],
							"rotation": [
								0,
								0,
								-40
							],
							"uv": [
								70,
								84
							]
						},
						{
							"origin": [
								-29.1209,
								14.58468,
								10
							],
							"size": [
								4,
								2,
								4
							],
							"pivot": [
								-35.1209,
								6.58468,
								0
							],
							"rotation": [
								0,
								0,
								-40
							],
							"uv": [
								40,
								20
							]
						},
						{
							"origin": [
								-28.1209,
								12.58468,
								11
							],
							"size": [
								2,
								2,
								2
							],
							"pivot": [
								-35.1209,
								6.58468,
								0
							],
							"rotation": [
								0,
								0,
								-40
							],
							"uv": [
								0,
								0
							]
						},
						{
							"origin": [
								-47,
								8,
								18
							],
							"size": [
								8,
								22,
								12
							],
							"uv": [
								80,
								150
							]
						},
						{
							"origin": [
								39,
								8,
								18
							],
							"size": [
								8,
								22,
								12
							],
							"uv": [
								40,
								150
							]
						},
						{
							"origin": [
								-47,
								8,
								-30
							],
							"size": [
								8,
								22,
								12
							],
							"uv": [
								0,
								141
							]
						},
						{
							"origin": [
								-47,
								30,
								-30
							],
							"size": [
								8,
								14,
								12
							],
							"uv": [
								0,
								34
							]
						},
						{
							"origin": [
								-39,
								34,
								-28
							],
							"size": [
								8,
								8,
								8
							],
							"uv": [
								128,
								97
							]
						},
						{
							"origin": [
								39,
								8,
								-30
							],
							"size": [
								8,
								22,
								12
							],
							"uv": [
								0,
								0
							]
						},
						{
							"origin": [
								35,
								17,
								19
							],
							"size": [
								4,
								10,
								10
							],
							"uv": [
								148,
								159
							]
						},
						{
							"origin": [
								-39,
								17,
								19
							],
							"size": [
								4,
								10,
								10
							],
							"uv": [
								120,
								159
							]
						},
						{
							"origin": [
								35,
								17,
								-29
							],
							"size": [
								4,
								10,
								10
							],
							"uv": [
								70,
								72
							]
						},
						{
							"origin": [
								-39,
								17,
								-29
							],
							"size": [
								4,
								10,
								10
							],
							"uv": [
								0,
								72
							]
						}
					]
				},
				{
					"name": "button",
					"parent": "body",
					"pivot": [
						-33.17066,
						16.70627,
						8
					],
					"cubes": [
						{
							"origin": [
								-28.1209,
								12.58468,
								7
							],
							"size": [
								2,
								1,
								2
							],
							"pivot": [
								-35.1209,
								6.58468,
								0
							],
							"rotation": [
								0,
								0,
								-40
							],
							"uv": [
								0,
								7
							]
						}
					]
				},
				{
					"name": "button2",
					"parent": "body",
					"pivot": [
						-32.9373,
						16.50062,
						4.8791
					],
					"cubes": [
						{
							"origin": [
								-36.1209,
								-11,
								3.8791
							],
							"size": [
								2,
								1,
								2
							],
							"pivot": [
								-71.1209,
								6,
								-35.1209
							],
							"rotation": [
								0,
								0,
								-40
							],
							"uv": [
								0,
								4
							]
						}
					]
				},
				{
					"name": "float",
					"parent": "body",
					"pivot": [
						0,
						76,
						6
					],
					"cubes": [
						{
							"origin": [
								-16,
								65,
								4
							],
							"size": [
								32,
								22,
								4
							],
							"uv": [
								0,
								186
							]
						},
						{
							"origin": [
								-16,
								65,
								4
							],
							"size": [
								32,
								22,
								4
							],
							"inflate": 0.2,
							"uv": [
								72,
								184
							]
						},
						{
							"origin": [
								-4.94975,
								62.46447,
								4
							],
							"size": [
								22,
								19,
								4
							],
							"pivot": [
								11.05025,
								61.46447,
								6
							],
							"rotation": [
								0,
								0,
								-45
							],
							"uv": [
								0,
								186
							]
						},
						{
							"origin": [
								-19.97918,
								53.3934,
								3
							],
							"size": [
								22,
								2,
								6
							],
							"pivot": [
								-3.97918,
								54.3934,
								6
							],
							"rotation": [
								0,
								0,
								45
							],
							"uv": [
								0,
								186
							]
						},
						{
							"origin": [
								-4.94975,
								60.46447,
								3
							],
							"size": [
								22,
								2,
								6
							],
							"pivot": [
								11.05025,
								61.46447,
								6
							],
							"rotation": [
								0,
								0,
								-45
							],
							"uv": [
								0,
								186
							]
						},
						{
							"origin": [
								14,
								65,
								3
							],
							"size": [
								2,
								22,
								1
							],
							"uv": [
								21,
								207
							]
						},
						{
							"origin": [
								-14,
								85,
								3
							],
							"size": [
								28,
								2,
								1
							],
							"uv": [
								2,
								207
							]
						},
						{
							"origin": [
								-16,
								65,
								3
							],
							"size": [
								2,
								22,
								1
							],
							"uv": [
								21,
								207
							]
						},
						{
							"origin": [
								-16,
								65,
								8
							],
							"size": [
								2,
								22,
								1
							],
							"uv": [
								21,
								207
							]
						},
						{
							"origin": [
								-14,
								85,
								8
							],
							"size": [
								28,
								2,
								1
							],
							"uv": [
								2,
								207
							]
						},
						{
							"origin": [
								14,
								65,
								8
							],
							"size": [
								2,
								22,
								1
							],
							"uv": [
								21,
								207
							]
						},
						{
							"origin": [
								-16,
								65,
								4
							],
							"size": [
								32,
								22,
								4
							],
							"uv": [
								0,
								186
							]
						}
					]
				},
				{
					"name": "hand0",
					"parent": "body",
					"pivot": [
						-32,
						37,
						-24
					],
					"rotation": [
						-160,
						0,
						0
					],
					"cubes": [
						{
							"origin": [
								-32,
								26,
								-26
							],
							"size": [
								6,
								8,
								4
							],
							"uv": [
								40,
								42
							]
						},
						{
							"origin": [
								-33,
								34,
								-28
							],
							"size": [
								8,
								8,
								8
							],
							"uv": [
								32,
								26
							]
						}
					]
				},
				{
					"name": "hand1",
					"parent": "hand0",
					"pivot": [
						-29,
						28,
						-24
					],
					"rotation": [
						0,
						37.5,
						0
					],
					"cubes": [
						{
							"origin": [
								-25,
								22,
								-26
							],
							"size": [
								10,
								4,
								4
							],
							"uv": [
								28,
								0
							]
						},
						{
							"origin": [
								-32,
								21,
								-26
							],
							"size": [
								6,
								8,
								4
							],
							"pivot": [
								-29,
								28,
								-24
							],
							"rotation": [
								0,
								0,
								-55
							],
							"uv": [
								40,
								8
							]
						}
					]
				}
			]
		}
	]
}