{
	"file_path": "C:\\Users\\windows10\\AppData\\Local\\Packages\\Microsoft.MinecraftUWP_8wekyb3d8bbwe\\LocalState\\games\\com.mojang\\development_resource_packs\\UT_gaster\\animation_controllers\\idle.json",
	"file_type": "rp_animation_controller",
	"format_version": 1,
	"file_uuid": "a1767898_7f58_4ab4_a523_eea2f28d8c61",
	"file_version": 11,
	"cache_content": {
		"children": [
			{
				"data": "1.10.0",
				"key": "format_version"
			},
			{
				"open": {
					"format_version": "1.10.0",
					"animation_controllers": {
						"controller.animation.gaster": {
							"states": {
								"base": {
									"particle_effects": [
										{
											"locator": "void",
											"effect": "idle"
										}
									]
								}
							}
						},
						"controller.animation.stage3": {
							"states": {
								"stage3": {
									"particle_effects": [
										{
											"locator": "body",
											"effect": "stage3"
										}
									],
									"transitions": [
										{
											"stage3": "query.is_alive > 0 && variable.random != 3"
										}
									]
								}
							}
						},
						"controller.animation.flash": {
							"states": {
								"default": {
									"transitions": [
										{
											"default": "!variable.has_target"
										}
									],
									"sound_effects": [
										{
											"effect": "gaster"
										}
									]
								}
							}
						},
						"controller.animation.voidthorn": {
							"states": {
								"default": {
									"animations": [
										"move"
									]
								}
							}
						}
					}
				},
				"key": "animation_controllers",
				"children": [
					{
						"open": {
							"controller.animation.gaster": {
								"states": {
									"base": {
										"particle_effects": [
											{
												"locator": "void",
												"effect": "idle"
											}
										]
									}
								}
							},
							"controller.animation.stage3": {
								"states": {
									"stage3": {
										"particle_effects": [
											{
												"locator": "body",
												"effect": "stage3"
											}
										],
										"transitions": [
											{
												"stage3": "query.is_alive > 0 && variable.random != 3"
											}
										]
									}
								}
							},
							"controller.animation.flash": {
								"states": {
									"default": {
										"transitions": [
											{
												"default": "!variable.has_target"
											}
										],
										"sound_effects": [
											{
												"effect": "gaster"
											}
										]
									}
								}
							},
							"controller.animation.voidthorn": {
								"states": {
									"default": {
										"animations": [
											"move"
										]
									}
								}
							}
						},
						"key": "controller.animation.gaster",
						"children": [
							{
								"open": {
									"states": {
										"base": {
											"particle_effects": [
												{
													"locator": "void",
													"effect": "idle"
												}
											]
										}
									}
								},
								"key": "states",
								"children": [
									{
										"open": {
											"base": {
												"particle_effects": [
													{
														"locator": "void",
														"effect": "idle"
													}
												]
											}
										},
										"key": "base",
										"children": [
											{
												"open": {
													"particle_effects": [
														{
															"locator": "void",
															"effect": "idle"
														}
													]
												},
												"key": "particle_effects",
												"children": [
													{
														"open": [
															{
																"locator": "void",
																"effect": "idle"
															}
														],
														"is_minified": true,
														"children": {
															"locator": "void",
															"effect": "idle"
														}
													}
												]
											}
										]
									}
								]
							}
						]
					},
					{
						"open": {
							"controller.animation.gaster": {
								"states": {
									"base": {
										"particle_effects": [
											{
												"locator": "void",
												"effect": "idle"
											}
										]
									}
								}
							},
							"controller.animation.stage3": {
								"states": {
									"stage3": {
										"particle_effects": [
											{
												"locator": "body",
												"effect": "stage3"
											}
										],
										"transitions": [
											{
												"stage3": "query.is_alive > 0 && variable.random != 3"
											}
										]
									}
								}
							},
							"controller.animation.flash": {
								"states": {
									"default": {
										"transitions": [
											{
												"default": "!variable.has_target"
											}
										],
										"sound_effects": [
											{
												"effect": "gaster"
											}
										]
									}
								}
							},
							"controller.animation.voidthorn": {
								"states": {
									"default": {
										"animations": [
											"move"
										]
									}
								}
							}
						},
						"key": "controller.animation.stage3",
						"children": [
							{
								"open": {
									"states": {
										"stage3": {
											"particle_effects": [
												{
													"locator": "body",
													"effect": "stage3"
												}
											],
											"transitions": [
												{
													"stage3": "query.is_alive > 0 && variable.random != 3"
												}
											]
										}
									}
								},
								"key": "states",
								"children": [
									{
										"open": {
											"stage3": {
												"particle_effects": [
													{
														"locator": "body",
														"effect": "stage3"
													}
												],
												"transitions": [
													{
														"stage3": "query.is_alive > 0 && variable.random != 3"
													}
												]
											}
										},
										"key": "stage3",
										"children": [
											{
												"open": {
													"particle_effects": [
														{
															"locator": "body",
															"effect": "stage3"
														}
													],
													"transitions": [
														{
															"stage3": "query.is_alive > 0 && variable.random != 3"
														}
													]
												},
												"key": "particle_effects",
												"children": [
													{
														"open": [
															{
																"locator": "body",
																"effect": "stage3"
															}
														],
														"is_minified": true,
														"children": {
															"locator": "body",
															"effect": "stage3"
														}
													}
												]
											},
											{
												"open": {
													"particle_effects": [
														{
															"locator": "body",
															"effect": "stage3"
														}
													],
													"transitions": [
														{
															"stage3": "query.is_alive > 0 && variable.random != 3"
														}
													]
												},
												"key": "transitions",
												"children": [
													{
														"open": [
															{
																"stage3": "query.is_alive > 0 && variable.random != 3"
															}
														],
														"is_minified": true,
														"children": {
															"stage3": "query.is_alive > 0 && variable.random != 3"
														}
													}
												]
											}
										]
									}
								]
							}
						]
					},
					{
						"open": {
							"controller.animation.gaster": {
								"states": {
									"base": {
										"particle_effects": [
											{
												"locator": "void",
												"effect": "idle"
											}
										]
									}
								}
							},
							"controller.animation.stage3": {
								"states": {
									"stage3": {
										"particle_effects": [
											{
												"locator": "body",
												"effect": "stage3"
											}
										],
										"transitions": [
											{
												"stage3": "query.is_alive > 0 && variable.random != 3"
											}
										]
									}
								}
							},
							"controller.animation.flash": {
								"states": {
									"default": {
										"transitions": [
											{
												"default": "!variable.has_target"
											}
										],
										"sound_effects": [
											{
												"effect": "gaster"
											}
										]
									}
								}
							},
							"controller.animation.voidthorn": {
								"states": {
									"default": {
										"animations": [
											"move"
										]
									}
								}
							}
						},
						"key": "controller.animation.flash",
						"children": [
							{
								"open": {
									"states": {
										"default": {
											"transitions": [
												{
													"default": "!variable.has_target"
												}
											],
											"sound_effects": [
												{
													"effect": "gaster"
												}
											]
										}
									}
								},
								"key": "states",
								"children": [
									{
										"open": {
											"default": {
												"transitions": [
													{
														"default": "!variable.has_target"
													}
												],
												"sound_effects": [
													{
														"effect": "gaster"
													}
												]
											}
										},
										"key": "default",
										"children": [
											{
												"open": {
													"transitions": [
														{
															"default": "!variable.has_target"
														}
													],
													"sound_effects": [
														{
															"effect": "gaster"
														}
													]
												},
												"key": "transitions",
												"children": [
													{
														"open": [
															{
																"default": "!variable.has_target"
															}
														],
														"is_minified": true,
														"children": {
															"default": "!variable.has_target"
														}
													}
												]
											},
											{
												"open": {
													"transitions": [
														{
															"default": "!variable.has_target"
														}
													],
													"sound_effects": [
														{
															"effect": "gaster"
														}
													]
												},
												"key": "sound_effects",
												"children": [
													{
														"open": [
															{
																"effect": "gaster"
															}
														],
														"is_minified": true,
														"children": {
															"effect": "gaster"
														}
													}
												]
											}
										]
									}
								]
							}
						]
					},
					{
						"open": {
							"controller.animation.gaster": {
								"states": {
									"base": {
										"particle_effects": [
											{
												"locator": "void",
												"effect": "idle"
											}
										]
									}
								}
							},
							"controller.animation.stage3": {
								"states": {
									"stage3": {
										"particle_effects": [
											{
												"locator": "body",
												"effect": "stage3"
											}
										],
										"transitions": [
											{
												"stage3": "query.is_alive > 0 && variable.random != 3"
											}
										]
									}
								}
							},
							"controller.animation.flash": {
								"states": {
									"default": {
										"transitions": [
											{
												"default": "!variable.has_target"
											}
										],
										"sound_effects": [
											{
												"effect": "gaster"
											}
										]
									}
								}
							},
							"controller.animation.voidthorn": {
								"states": {
									"default": {
										"animations": [
											"move"
										]
									}
								}
							}
						},
						"key": "controller.animation.voidthorn",
						"children": [
							{
								"open": {
									"states": {
										"default": {
											"animations": [
												"move"
											]
										}
									}
								},
								"key": "states",
								"children": [
									{
										"open": {
											"default": {
												"animations": [
													"move"
												]
											}
										},
										"key": "default",
										"children": [
											{
												"open": {
													"animations": [
														"move"
													]
												},
												"key": "animations",
												"is_minified": true,
												"children": [
													"move"
												]
											}
										]
									}
								]
							}
						]
					}
				]
			}
		]
	}
}