{
    "format_version": "1.16.0",
    "minecraft:block": {
      "description": {
        "identifier": "loled:d_camera_s",
        "properties": {
          "loled:face": [
            2,
            3,
            4,
            5
          ]
        }
      },
      "components": {
        "minecraft:material_instances": {
          "*": {
            "texture": "camera_s",
            "render_method": "opaque"
          }
        },
        "minecraft:pick_collision": {
          "origin": [
            -2.1,
            8,
            -2.8
          ],
          "size": [
            4.2,
            8,
            8.6
          ]
        },
        "minecraft:creative_category": {
          "group": "itemGroup.name.decorations",
          "category": "construction"
        },
        "minecraft:loot": "loot_tables/decorations/d_camera_s.json",
        "minecraft:geometry": "geometry.camera_s",
        "minecraft:destroy_time": 2,
        "minecraft:block_light_absorption": 0,
        "minecraft:entity_collision": {
          "origin": [
            -2.1,
            8,
            -2.8
          ],
          "size": [
            4.2,
            8,
            8.6
          ]
        },
        "minecraft:on_player_placing": {
          "event": "loled:place"
        },
        "minecraft:on_interact": {
          "event": "loled:summon"
        },
        "minecraft:friction": 0.6,
        "minecraft:map_color": "#00ff00",
        "minecraft:flammable": {
          "flame_odds": 0,
          "burn_odds": 0
        }
      },
      "events": {
        "loled:place": {
          "set_block_property": {
            "loled:face": "(query.cardinal_player_facing)"
          }
        },
        "loled:summon": {
          "run_command": {
            "command": [
              "summon tl:camera_ch1 ~ ~-1 ~"
            ]
          }
        }
      },
      "permutations": [
        {
          "condition": "query.block_property('loled:face') == 3",
          "components": {
            "minecraft:rotation": [
              0,
              180,
              0
            ]
          }
        },
        {
          "condition": "query.block_property('loled:face') == 4",
          "components": {
            "minecraft:rotation": [
              0,
              90,
              0
            ]
          }
        },
        {
          "condition": "query.block_property('loled:face') == 5",
          "components": {
            "minecraft:rotation": [
              0,
              270,
              0
            ]
          }
        }
      ]
    }
  }