{
  "format_version": "1.10.0"
  "animation_controllers": {
    "controller.animation.wracks2": {
      "states": {
        "default": {
          "on_entry": [
            "@s im"
          ],
          "transitions": [
            {
              "lifeback": "!query.is_alive"
            }
          ]
        },
        "lifeback": {
          "on_entry": [
            "@s im"
          ],
          "transitions": [
            {
              "default": "!query.is_alive"
            }
          ]
        }
      }
    },
    "controller.animation.god_wracks2": {
      "states": {
        "move": {
          "transitions": [
            {
              "self": "(1.0)"
            }
          ]
        },
        "self": {
          "on_entry": [
            "/effect @s levitation 0 255",
            "/effect @s regeneration 2 255",
            "/effect @s slowness 0 255",
            "/effect @s weakness 0 255",
            "/effect @s resistance 2 255",
            "/execute @p[rm=300] ~~~ tp @e[type=wg:omegaflowey1] @s",
            "/tp @e[type=!wg:omegaflowey1,type=!player] 999999 999999 99999"
          ],
          "transitions": [
            {
              "move": "(1.0)"
            }
          ]
        }
      }
    }
  }
}
