{
  "format_version": "1.12",
  "minecraft:recipe_shaped": {
    "description": {
    "identifier": "ycreatures_savanna:baobab_log_charcoal_campfire_stripped"
    },

    "tags": [ "crafting_table" ],
    "pattern": [
      " B ",
	  "BAB",
      "###"
    ],
    "key": {
      "B": {
        "item": "minecraft:stick"
      },
	  "A": {
        "item": "minecraft:charcoal"
      },
      "#": {
        "item": "ycreatures_savanna:stripped_baobab_log"
      }
    },
    "result": {
      "item": "minecraft:campfire",
      "count": 1
    }
  }
}
