{
  "format_version": "1.12",
  "minecraft:recipe_shaped": {
    "description": {
    "identifier": "ycreatures_savanna:medalha"
    },

    
    "tags": [ "crafting_table" ],
    "pattern": [
	  "BAB",
	  "B B",
	  " C "		  
    ],
    "key": {
	  "A": {
        "item": "minecraft:leather"
      },
      "B": {
        "item": "minecraft:lead"
      },
      "C": {
        "item": "minecraft:gold_ingot"
      }
    },
    "result": {
      "item": "ycreatures_savanna:medalha",
	  "count": 1
    }
  }
}