{
	"format_version": "1.16.0",
	"minecraft:entity": {
		"description": {
			"identifier": "eu:brrbrr_patapin",
			"is_spawnable": true,
			"is_summonable": true,
			"is_experimental": false
		},
		"component_groups": {},
		"components": {
			"minecraft:experience_reward": {
				"on_death": "query.last_hit_by_player ? Math.Random(1,3) : 0"
			},
			"minecraft:type_family": {
				"family": [
					"italian_brain_rot",
					"brrbrr_patapin",
					"monster",
					"mob"
				]
			},
			"minecraft:behavior.hurt_by_target": {
				"priority": 1
			},
			/* 			"minecraft:behavior.delayed_attack": {
				"attack_duration": 0.54,
				"melee_fov": 70,
				"attack_once": false,
				"hit_delay_pct": 1,
				"reach_multiplier": 3,
				"require_complete_path": true,
				"track_target": true,
				"priority": 2,
				"cooldown_time": 1.4,
				"speed_multiplier": 1.5
			}, */
			"minecraft:attack": {
				"damage": 3
			},
			"minecraft:behavior.melee_attack": {
				"priority": 3,
				"track_target": true
			},
			"minecraft:follow_range": {
				"value": 48
			},
			"minecraft:behavior.nearest_attackable_target": {
				"priority": 2,
				"must_see": true,
				"must_see_forget_duration": 40,
				"entity_types": [
					{
						"filters": {
							"all_of": [
								{
									"test": "is_family",
									"subject": "other",
									"value": "italian_brain_rot"
								},
								{
									"test": "is_family",
									"subject": "other",
									"operator": "!=",
									"value": "brrbrr_patapin"
								}
							]
						},
						"max_dist": 20
					}
				]
			},
			"minecraft:nameable": {},
			"minecraft:collision_box": {
				"width": 1.4,
				"height": 2.9
			},
			"minecraft:health": {
				"value": 40,
				"max": 40
			},
			"minecraft:hurt_on_condition": {
				"damage_conditions": [
					{
						"filters": {
							"test": "in_lava",
							"subject": "self",
							"operator": "==",
							"value": true
						},
						"cause": "lava",
						"damage_per_tick": 4
					}
				]
			},
			"minecraft:movement": {
				"value": 0.25
			},
			"minecraft:navigation.walk": {
				"can_path_over_water": false,
				"avoid_water": true,
				"avoid_damage_blocks": true
			},
			"minecraft:movement.basic": {},
			"minecraft:jump.static": {},
			"minecraft:can_climb": {},
			"minecraft:damage_sensor": {
				"triggers": {
					"cause": "fall",
					"deals_damage": false
				}
			},
			"minecraft:leashable": {
				"soft_distance": 4,
				"hard_distance": 6,
				"max_distance": 10
			},
			/* 			"minecraft:balloonable": {
				"mass": 2
			}, */
			"minecraft:behavior.random_stroll": {
				"priority": 6,
				"speed_multiplier": 0.6
			},
			"minecraft:behavior.look_at_player": {
				"priority": 7,
				"look_distance": 6,
				"probability": 0.02
			},
			"minecraft:behavior.random_look_around": {
				"priority": 8
			},
			"minecraft:physics": {},
			"minecraft:pushable": {
				"is_pushable": true,
				"is_pushable_by_piston": true
			},
			"minecraft:conditional_bandwidth_optimization": {}
		},
		"events": {}
	}
}