{
    "format_version": "1.13.0",
    "minecraft:entity": {
        "description": {
            "identifier": "bd:cage",
            "is_spawnable": true,
            "is_summonable": true,
            "is_experimental": false,
			"scripts": {
                "animate": [
                    "lock"
                ]
            },
            "animations": {
                "lock": "controller.animation.cage"
            }
		},

        "component_groups": {
			"minecraft:not": {
				"minecraft:timer": {
                    "time": 200,
                    "looping": false,
                    "time_down_event": {
                        "event": "minecraft:event_death"
                    }
                }
			},
            "minecraft:death": {
                "minecraft:despawn":{}
            }
        },

        "components": {
            "minecraft:type_family": {
                "family": ["inanimate"]
            },
			"minecraft:rideable": {
                "seat_count": 1,
                "family_types": [
                    "monster", "scp", "scp049", "scp096"
                ],
                "interact_text": "action.interact.sit",
				"pull_in_entities": true,
                "seats": {
                    "position": [ 0, 0.39, 0 ],
					"rotate_rider_by": 1
					}
				},
			"minecraft:collision_box": {
        "width": 0.7,
        "height": 2
      },
            "minecraft:interact": {
                "interactions": [{
                        "hurt_item": 0,
                        "interact_text": "Destroy Cage",
                        "on_interact": {
                            "filters": {
                                "all_of": [{
                                        "test": "is_family",
                                        "subject": "other",
                                        "value": "player"
                                    }, {
                                        "test": "has_equipment",
                                        "subject": "other",
                                        "domain": "hand",
                                        "value": "barrier"
                                    }, {
                                        "test": "is_sneaking",
                                        "subject": "other",
                                        "value": "false"
                                    }
                                ]
                            },
                            "event": "minecraft:event_death",
                            "target": "self"
                        },
                        "swing": true,
                        "use_item": false
                    }
                ]
            },
            "minecraft:health": {
                "value": 1
            },
			"minecraft:leashable": {
				"soft_distance": 4.0,
				"hard_distance": 6.0,
				"max_distance": 10.0
			},
            "minecraft:damage_sensor": {
				"triggers": {
					"cause": "all",
					"deals_damage": false
				}
			},
            "minecraft:physics": {}
        },

        "events": {
            "minecraft:event_death": {
                "add": {
                    "component_groups": [
                        "minecraft:death"
                    ]
                }
            },
			"minecraft:entity_spawned": {
				"add": {
					"component_groups": [
						"minecraft:not"
					]
				}
			}
        }
    }
}
