{
    "format_version": "1.8.0",
    "minecraft:entity": {
        "description": {
            "identifier": "bd:camera_bd",
            "is_spawnable": true,
            "is_summonable": true,
            "is_experimental": false
		},

        "component_groups": {
            "minecraft:death": {
                "minecraft:spell_effects": {
                    "add_effects": [{
                            "effect": "wither",
                            "amplifier": 3,
                            "visible": false,
                            "ambient": false,
                            "duration": 25
                        }
                    ]
                },
                "minecraft:damage_sensor": [
                ]
            }
        },

        "components": {
            "minecraft:type_family": {
                "family": ["camera_bd", "inanimate"]
            },
			"minecraft:collision_box": {
        "width": 0.6,
        "height": 0.7
      },
            "minecraft:interact": [{
                    "on_interact": {
                        "filters": {
                            "all_of": [{
                                    "test": "is_family",
                                    "subject": "other",
                                    "value": "player"
                                }, {
                                    "test": "has_equipment",
                                    "subject": "other",
                                    "domain": "hand",
                                    "value": "barrier"
                                }
                            ]
                        },
                        "event": "minecraft:event_death",
						"interact_text": "action.interact.remove"
                    }
                }
            ],
            "minecraft:health": {
                "value": 1
            },
            "minecraft:damage_sensor": [{
                    "cause": "all",
                    "deals_damage": false
                }
            ],
            "minecraft:physics": {
				"has_gravity": false
			}
        },

        "events": {
            "minecraft:event_death": {
                "add": {
                    "component_groups": [
                        "minecraft:death"
                    ]
                }
            }
        }
    }
}
