{
  "format_version": "1.8.0",
  "minecraft:entity": {
    "description": {
      "identifier": "bd:item_box",
      "is_spawnable": true,
      "is_summonable": true,
      "is_experimental": false
    },

    "components": {
      "minecraft:collision_box": {
        "width": 1.0,
        "height": 1.0
      },
	  "minecraft:loot": {
                "table": "loot_tables/entities/item_box.json"
            },
      "minecraft:health": {
        "value": 1,
        "max": 1
      },
      "minecraft:physics": {
      }
    }
  }
}