{
    "format_version": "1.13.0",
    "minecraft:entity": {
        "description": {
            "identifier": "entity:049_2_spawn",
            "is_spawnable": true,
            "is_summonable": true,
            "is_experimental": false
        },
        "component_groups": {
            "minecraft:chaos_z": {
                "minecraft:transformation": {
                    "into": "entity:chaos_z<minecraft:entity_spawned>"
                }
            },
            "minecraft:d_class_z": {
                "minecraft:transformation": {
                    "into": "entity:d_class_z<minecraft:entity_spawned>"
                }
            },
			"minecraft:d_class_f_z": {
                "minecraft:transformation": {
                    "into": "entity:d_class_f_z<minecraft:entity_spawned>"
                }
            },
			"minecraft:guard_z": {
                "minecraft:transformation": {
                    "into": "entity:guard_z<minecraft:entity_spawned>"
                }
            },
			"minecraft:guard_fz": {
                "minecraft:transformation": {
                    "into": "entity:guard_fz<minecraft:entity_spawned>"
                }
            },
			"minecraft:ntf_z": {
                "minecraft:transformation": {
                    "into": "entity:ntf_z<minecraft:entity_spawned>"
                }
            },
			"minecraft:ntf_fz": {
                "minecraft:transformation": {
                    "into": "entity:ntf_fz<minecraft:entity_spawned>"
                }
            },
			"minecraft:mole_rat_z": {
                "minecraft:transformation": {
                    "into": "entity:mole_rat_z<minecraft:entity_spawned>"
                }
            },
			"minecraft:maz_hatter_z": {
                "minecraft:transformation": {
                    "into": "entity:maz_hatter_z<minecraft:entity_spawned>"
                }
            },
			"minecraft:researcher_fz": {
                "minecraft:transformation": {
                    "into": "entity:researcher_fz<minecraft:entity_spawned>"
                }
            },
			"minecraft:researcher_mz": {
                "minecraft:transformation": {
                    "into": "entity:researcher_mz<minecraft:entity_spawned>"
                }
            }
        },
        "components": {
            "minecraft:physics": {},
            "minecraft:type_family": {
                "family": ["inanimate"]
            },
            "minecraft:collision_box": {
                "width": 0.5,
                "height": 0.3
            },
            "minecraft:health": {
                "value": 1,
                "max": 1
            },
            "minecraft:despawn": {}
        },

        "events": {
            "minecraft:entity_spawned": {
                "randomize": [{
                        "weight": 50,
                        "remove": {},
                        "add": {
                            "component_groups": [
                                "minecraft:chaos_z"
                            ]
                        }
                    }, {
                        "weight": 50,
                        "remove": {},
                        "add": {
                            "component_groups": [
                                "minecraft:d_class_z"
                            ]

                        }
                    },
					{
                        "weight": 50,
                        "remove": {},
                        "add": {
                            "component_groups": [
                                "minecraft:d_class_f_z"
                            ]

                        }
                    },
					{
                        "weight": 50,
                        "remove": {},
                        "add": {
                            "component_groups": [
                                "minecraft:guard_z"
                            ]

                        }
                    },
					{
                        "weight": 50,
                        "remove": {},
                        "add": {
                            "component_groups": [
                                "minecraft:guard_fz"
                            ]

                        }
                    },
					{
                        "weight": 50,
                        "remove": {},
                        "add": {
                            "component_groups": [
                                "minecraft:ntf_fz"
                            ]

                        }
                    },
					{
                        "weight": 50,
                        "remove": {},
                        "add": {
                            "component_groups": [
                                "minecraft:ntf_z"
                            ]

                        }
                    },
					{
                        "weight": 50,
                        "remove": {},
                        "add": {
                            "component_groups": [
                                "minecraft:mole_rat_z"
                            ]

                        }
                    },
					{
                        "weight": 50,
                        "remove": {},
                        "add": {
                            "component_groups": [
                                "minecraft:maz_hatter_z"
                            ]

                        }
                    },
					{
                        "weight": 50,
                        "remove": {},
                        "add": {
                            "component_groups": [
                                "minecraft:researcher_fz"
                            ]

                        }
                    },
					{
                        "weight": 50,
                        "remove": {},
                        "add": {
                            "component_groups": [
                                "minecraft:researcher_mz"
                            ]

                        }
                    }
                ]
            },
			"minecraft:entity_born": {
                "randomize": [{
                        "weight": 50,
                        "remove": {},
                        "add": {
                            "component_groups": [
                                "minecraft:chaos_z"
                            ]
                        }
                    }, {
                        "weight": 50,
                        "remove": {},
                        "add": {
                            "component_groups": [
                                "minecraft:d_class_z"
                            ]

                        }
                    },
					{
                        "weight": 50,
                        "remove": {},
                        "add": {
                            "component_groups": [
                                "minecraft:d_class_f_z"
                            ]

                        }
                    },
					{
                        "weight": 50,
                        "remove": {},
                        "add": {
                            "component_groups": [
                                "minecraft:guard_z"
                            ]

                        }
                    },
					{
                        "weight": 50,
                        "remove": {},
                        "add": {
                            "component_groups": [
                                "minecraft:guard_fz"
                            ]

                        }
                    },
					{
                        "weight": 50,
                        "remove": {},
                        "add": {
                            "component_groups": [
                                "minecraft:ntf_fz"
                            ]

                        }
                    },
					{
                        "weight": 50,
                        "remove": {},
                        "add": {
                            "component_groups": [
                                "minecraft:ntf_z"
                            ]

                        }
                    },
					{
                        "weight": 50,
                        "remove": {},
                        "add": {
                            "component_groups": [
                                "minecraft:mole_rat_z"
                            ]

                        }
                    },
					{
                        "weight": 50,
                        "remove": {},
                        "add": {
                            "component_groups": [
                                "minecraft:maz_hatter_z"
                            ]

                        }
                    },
					{
                        "weight": 50,
                        "remove": {},
                        "add": {
                            "component_groups": [
                                "minecraft:researcher_fz"
                            ]

                        }
                    },
					{
                        "weight": 50,
                        "remove": {},
                        "add": {
                            "component_groups": [
                                "minecraft:researcher_mz"
                            ]

                        }
                    }
                ]
            }
        }
    }
}
