{
    "format_version": "1.10.0",
    "minecraft:entity": {
        "description": {
            "identifier": "entity:d_class_f_z",
            "is_spawnable": false,
            "is_summonable": true,
            "is_experimental": false
        },
        "component_groups": {
            "zdf1": {
                "minecraft:type_family": {
                    "family": ["zdf1", "zombie", "zombie_villager", "d_class_f_z", "undead", "monster"]
                },
                "minecraft:variant": {
                    "value": 0
                }
            },
            "zdf2": {
                "minecraft:type_family": {
                    "family": ["zdf2", "zombie", "zombie_villager", "d_class_f_z", "undead", "monster"]
                },
                "minecraft:variant": {
                    "value": 1
                }
            },
			"zdf3": {
                "minecraft:type_family": {
                    "family": ["zdf3", "zombie", "zombie_villager", "d_class_f_z", "undead", "monster"]
                },
                "minecraft:variant": {
                    "value": 2
                }
            },
			"zdf4": {
                "minecraft:type_family": {
                    "family": ["zdf4", "zombie", "zombie_villager", "d_class_f_z", "undead", "monster"]
                },
                "minecraft:variant": {
                    "value": 3
                }
            }
        },
        "components": {
            "minecraft:nameable": {},

            // d_class_f_z Components
            "minecraft:type_family": {
                "family": ["d_class_f_z", "zombie", "monster"]
            },
            "minecraft:collision_box": {
                "width": 0.6,
                "height": 1.8
            },
            "minecraft:movement.basic": {},
            "minecraft:navigation.walk": {
                "is_amphibious": true,
                "can_pass_doors": true,
                "can_break_doors": true,
                "can_walk": true
            },
            "minecraft:annotation.break_door": {},
            "minecraft:jump.static": {},
            "minecraft:can_climb": {},
            "minecraft:attack": {
                "damage": 3
            },
            "minecraft:pushable": {
                "is_pushable": true,
                "is_pushable_by_piston": true
            },
            "minecraft:behavior.float": {
                "priority": 0
            },

            "minecraft:health": {
                "value": 20,
                "max": 20
            },
            "minecraft:behavior.melee_attack": {
                "priority": 4,
                "speed_multiplier": 0.35,
                "track_target": false
            },
            "minecraft:breathable": {
                "totalSupply": 15,
                "suffocateTime": 0,
                "breathesAir": true,
                "breathesWater": true
            },
            "minecraft:loot": {
                "table": "loot_tables/entities/d_class_f_z.json"
            },

            // d_class_f_z Behaviors
            "minecraft:behavior.move_towards_restriction": {
                "priority": 5,
                "speed_multiplier": 0.23
            },
            "minecraft:behavior.random_stroll": {
                "priority": 6,
                "speed_multiplier": 0.23
            },
            "minecraft:behavior.look_at_player": {
                "priority": 7,
                "look_distance": 6,
                "probability": 0.02
            },
            "minecraft:behavior.random_look_around": {
                "priority": 7
            },
            "minecraft:behavior.hurt_by_target": {
                "priority": 1
            },
            "minecraft:behavior.nearest_attackable_target": {
                "priority": 2,
                "within_radius": 25,
                "reselect_targets": true,
                "entity_types": [{
                        "filters": {
                            "any_of": [{
                                    "test": "is_family",
                                    "subject": "other",
                                    "value": "player"
                                }, {
                                    "test": "is_family",
                                    "subject": "other",
                                    "value": "dead"
                                }, {
                                    "test": "is_family",
                                    "subject": "other",
                                    "value": "irongolem"
                                }
                            ]
                        },
                        "max_dist": 35
                    }, {
                        "filters": {
                            "any_of": [{
                                    "test": "is_family",
                                    "subject": "other",
                                    "value": "villager"
                                }, {
                                    "test": "is_family",
                                    "subject": "other",
                                    "value": "wandering_trader"
                                }
                            ]
                        },
                        "max_dist": 35,
                        "must_see": false
                    }, {
                        "filters": {
                            "all_of": [{
                                    "test": "is_family",
                                    "subject": "other",
                                    "value": "baby_turtle"
                                }, {
                                    "test": "in_water",
                                    "subject": "other",
                                    "operator": "!=",
                                    "value": true
                                }
                            ]
                        },
                        "max_dist": 35
                    }
                ],
                "must_see": true
            },
            "minecraft:physics": {}
        },

        "events": {
			"minecraft:entity_transformed": {
				"randomize": [{
                        "weight": 1,
                        "add": {
                            "component_groups": ["zdf1"]
                        }
                    }, {
                        "weight": 1,
                        "add": {
                            "component_groups": ["zdf2"]
                        }
                    }, {
                        "weight": 1,
                        "add": {
                            "component_groups": ["zdf3"]
                        }
                    }, {
                        "weight": 1,
                        "add": {
                            "component_groups": ["zdf4"]
                        }
                    }
                ]
            },
            "minecraft:entity_spawned": {
                "randomize": [{
                        "weight": 1,
                        "add": {
                            "component_groups": ["zdf1"]
                        }
                    }, {
                        "weight": 1,
                        "add": {
                            "component_groups": ["zdf2"]
                        }
                    }, {
                        "weight": 1,
                        "add": {
                            "component_groups": ["zdf3"]
                        }
                    }, {
                        "weight": 1,
                        "add": {
                            "component_groups": ["zdf4"]
                        }
                    }
                ]
            },
            "filters": {
                "test": "has_component",
                "operator": "!=",
                "value": "minecraft:variant"
            },
            "randomize": [{
                    "weight": 380,
                    "remove": {},
                    "add": {
                        "component_groups": [
                            "minecraft:d_class_f_z_adult",
                            "minecraft:can_have_equipment"
                        ]
                    }
                }, {
                    "weight": 17,
                    "remove": {},
                    "add": {
                        "component_groups": [
                            "minecraft:d_class_f_z_baby",
                            "minecraft:can_have_equipment"
                        ]

                    }
                }, {
                    "weight": 3,
                    "remove": {},
                    "add": {
                        "component_groups": [
                            "minecraft:d_class_f_z_baby",
                            "minecraft:d_class_f_z_jockey",
                            "minecraft:can_have_equipment"
                        ]
                    }
                }
            ]
		}
    }
}