{
    "format_version": "1.10.0",
    "minecraft:entity": {
        "description": {
            "identifier": "entity:researcher_fz",
            "is_spawnable": false,
            "is_summonable": true,
            "is_experimental": false
        },
        "component_groups": {
            "minecraft:researcher_fz_baby": {
                "minecraft:is_baby": {},
                "minecraft:scale": {
                    "value": 1
                },
                "minecraft:movement": {
                    "value": 0.23
                },

                "minecraft:rideable": {
                    "seat_count": 1,
                    "family_types": [
                        "researcher_fz"
                    ],
                    "seats": {
                        "position": [0.0, 1.1, -0.35],
                        "lock_rider_rotation": 0
                    }
                },
                "minecraft:behavior.mount_pathing": {
                    "priority": 2,
                    "speed_multiplier": 1.25,
                    "target_dist": 0.0,
                    "track_target": true
                }
            },

            "minecraft:researcher_fz_jockey": {
                "minecraft:behavior.find_mount": {
                    "priority": 1,
                    "within_radius": 16
                }
            },
            "minecraft:can_have_equipment": {
                "minecraft:equipment": {
                    "table": "loot_tables/entities/researcher_fz_equipment.json"
                }
            },
            "sfz1": {
                "minecraft:type_family": {
                    "family": ["sfz1", "zombie", "zombie_villager", "researcher_fz", "undead", "monster"]
                },
                "minecraft:variant": {
                    "value": 1
                }
            },
            "sfz2": {
                "minecraft:type_family": {
                    "family": ["sfz2", "zombie", "zombie_villager", "researcher_fz", "undead", "monster"]
                },
                "minecraft:variant": {
                    "value": 2
                }
            },
            "sfz3": {
                "minecraft:type_family": {
                    "family": ["sfz3", "zombie", "zombie_villager", "researcher_fz", "undead", "monster"]
                },
                "minecraft:variant": {
                    "value": 3
                }
            },
			"sfz4": {
                "minecraft:type_family": {
                    "family": ["sfz4", "zombie", "zombie_villager", "researcher_fz", "undead", "monster"]
                },
                "minecraft:variant": {
                    "value": 4
                }
            },
			"sfz5": {
                "minecraft:type_family": {
                    "family": ["sfz5", "zombie", "zombie_villager", "researcher_fz", "undead", "monster"]
                },
                "minecraft:variant": {
                    "value": 5
                }
            },
			"sfz6": {
                "minecraft:type_family": {
                    "family": ["sfz6", "zombie", "zombie_villager", "researcher_fz", "undead", "monster"]
                },
                "minecraft:variant": {
                    "value": 6
                }
            },
			"sfz7": {
                "minecraft:type_family": {
                    "family": ["sfz7", "zombie", "zombie_villager", "researcher_fz", "undead", "monster"]
                },
                "minecraft:variant": {
                    "value": 7
                }
            }
        },
        "components": {
            "minecraft:nameable": {},

            // researcher_fz Components
            "minecraft:type_family": {
                "family": ["researcher_fz", "zombie", "monster"]
            },
            "minecraft:collision_box": {
                "width": 0.6,
                "height": 1.8
            },
            "minecraft:movement.basic": {},
            "minecraft:navigation.walk": {
                "is_amphibious": true,
                "can_pass_doors": true,
                "can_break_doors": true,
                "can_walk": true
            },
            "minecraft:annotation.break_door": {},
            "minecraft:jump.static": {},
            "minecraft:can_climb": {},
            "minecraft:attack": {
                "damage": 3
            },
            "minecraft:behavior.float": {
                "priority": 0
            },

            "minecraft:health": {
                "value": 20,
                "max": 20
            },
            "minecraft:behavior.melee_attack": {
                "priority": 4,
                "speed_multiplier": 0.35,
                "track_target": false
            },
            "minecraft:breathable": {
                "totalSupply": 15,
                "suffocateTime": 0,
                "breathesAir": true,
                "breathesWater": true
            },
			"minecraft:pushable": {
                "is_pushable": true,
                "is_pushable_by_piston": true
            },
            "minecraft:loot": {
                "table": "loot_tables/entities/researcher_fz.json"
            },

            // researcher_fz Behaviors
            "minecraft:behavior.move_towards_restriction": {
                "priority": 5,
                "speed_multiplier": 0.23
            },
            "minecraft:behavior.random_stroll": {
                "priority": 6,
                "speed_multiplier": 0.23
            },
            "minecraft:behavior.look_at_player": {
                "priority": 7,
                "look_distance": 6,
                "probability": 0.02
            },
            "minecraft:behavior.random_look_around": {
                "priority": 7
            },
            "minecraft:behavior.hurt_by_target": {
                "priority": 1
            },
            "minecraft:behavior.nearest_attackable_target": {
                "priority": 2,
                "within_radius": 25,
                "reselect_targets": true,
                "entity_types": [{
                        "filters": {
                            "any_of": [{
                                    "test": "is_family",
                                    "subject": "other",
                                    "value": "player"
                                }, {
                                    "test": "is_family",
                                    "subject": "other",
                                    "value": "dead"
                                }, {
                                    "test": "is_family",
                                    "subject": "other",
                                    "value": "irongolem"
                                }
                            ]
                        },
                        "max_dist": 35
                    }, {
                        "filters": {
                            "any_of": [{
                                    "test": "is_family",
                                    "subject": "other",
                                    "value": "villager"
                                }, {
                                    "test": "is_family",
                                    "subject": "other",
                                    "value": "wandering_trader"
                                }
                            ]
                        },
                        "max_dist": 35,
                        "must_see": false
                    }, {
                        "filters": {
                            "all_of": [{
                                    "test": "is_family",
                                    "subject": "other",
                                    "value": "baby_turtle"
                                }, {
                                    "test": "in_water",
                                    "subject": "other",
                                    "operator": "!=",
                                    "value": true
                                }
                            ]
                        },
                        "max_dist": 35
                    }
                ],
                "must_see": true
            },
            "minecraft:physics": {}
        },

        "events": {
			"minecraft:entity_transformed": {
				"randomize": [{
                        "weight": 1,
                        "add": {
                            "component_groups": ["sfz1"]
                        }
                    }, {
                        "weight": 1,
                        "add": {
                            "component_groups": ["sfz2"]
                        }
                    }, {
                        "weight": 1,
                        "add": {
                            "component_groups": ["sfz3"]
                        }
                    }, {
                        "weight": 1,
                        "add": {
                            "component_groups": ["sfz4"]
                        }
                    }, {
                        "weight": 1,
                        "add": {
                            "component_groups": ["sfz5"]
                        }
                    }, {
                        "weight": 1,
                        "add": {
                            "component_groups": ["sfz6"]
                        }
                    }, {
                        "weight": 1,
                        "add": {
                            "component_groups": ["sfz7"]
                        }
                    }
                ]
            },
            "minecraft:entity_spawned": {
                "randomize": [{
                        "weight": 1,
                        "add": {
                            "component_groups": ["sfz1"]
                        }
                    }, {
                        "weight": 1,
                        "add": {
                            "component_groups": ["sfz2"]
                        }
                    }, {
                        "weight": 1,
                        "add": {
                            "component_groups": ["sfz3"]
                        }
                    }, {
                        "weight": 1,
                        "add": {
                            "component_groups": ["sfz4"]
                        }
                    }, {
                        "weight": 1,
                        "add": {
                            "component_groups": ["sfz5"]
                        }
                    }, {
                        "weight": 1,
                        "add": {
                            "component_groups": ["sfz6"]
                        }
                    }, {
                        "weight": 1,
                        "add": {
                            "component_groups": ["sfz7"]
                        }
                    }
                ]
            },
            "filters": {
                "test": "has_component",
                "operator": "!=",
                "value": "minecraft:variant"
            },
            "randomize": [{
                    "weight": 380,
                    "remove": {},
                    "add": {
                        "component_groups": [
                            "minecraft:researcher_fz_adult",
                            "minecraft:can_have_equipment"
                        ]
                    }
                }, {
                    "weight": 17,
                    "remove": {},
                    "add": {
                        "component_groups": [
                            "minecraft:researcher_fz_baby",
                            "minecraft:can_have_equipment"
                        ]

                    }
                }, {
                    "weight": 3,
                    "remove": {},
                    "add": {
                        "component_groups": [
                            "minecraft:researcher_fz_baby",
                            "minecraft:researcher_fz_jockey",
                            "minecraft:can_have_equipment"
                        ]
                    }
                }
            ]
        },
        "minecraft:as_adult": {
            "add": {
                "component_groups": [
                    "minecraft:researcher_fz_adult"
                ]
            }
        },
        "minecraft:as_baby": {
            "add": {
                "component_groups": [
                    "minecraft:researcher_fz_baby"
                ]
            }
        }
    }
}
}
