{
	"format_version": "1.12.0",
	"minecraft:geometry": [
		{
			"description": {
				"identifier": "geometry.burbaloni_luliloli",
				"texture_width": 64,
				"texture_height": 64,
				"visible_bounds_width": 3,
				"visible_bounds_height": 2.5,
				"visible_bounds_offset": [0, 0.75, 0]
			},
			"bones": [
				{
					"name": "all",
					"pivot": [0, 12, 3]
				},
				{
					"name": "torso",
					"parent": "all",
					"pivot": [0, 2.5, 2.5],
					"cubes": [
						{"origin": [-7.5, 4, -5], "size": [15, 15, 15], "uv": [0, 0]}
					]
				},
				{
					"name": "head",
					"parent": "torso",
					"pivot": [0, 11, -7],
					"cubes": [
						{"origin": [-3.5, 10, -14], "size": [7, 7, 9], "uv": [0, 30]},
						{"origin": [-1.5, 9, -14], "size": [3, 1, 0], "uv": [36, 46]},
						{"origin": [-3.5, 16, -9], "size": [0, 4, 3], "pivot": [-3.5, 16, -7.5], "rotation": [0, 20, -27.5], "uv": [30, 46]},
						{"origin": [3.5, 16, -9], "size": [0, 4, 3], "pivot": [3.5, 16, -7.5], "rotation": [0, -20, 27.5], "uv": [30, 46], "mirror": true}
					]
				},
				{
					"name": "nose",
					"parent": "head",
					"pivot": [0, 13.5, -9.5],
					"cubes": [
						{"origin": [-3.5, 10, -14], "size": [7, 7, 9], "inflate": 0.2, "uv": [32, 30]}
					]
				},
				{
					"name": "leg4",
					"parent": "all",
					"pivot": [4, 4, 8],
					"rotation": [0, -7.5, 0],
					"cubes": [
						{"origin": [3, 0, 7], "size": [2, 4, 2], "uv": [22, 46]},
						{"origin": [2, 0.1, 2], "size": [4, 0, 7], "uv": [0, 46]}
					]
				},
				{
					"name": "leg3",
					"parent": "all",
					"pivot": [-4, 4, 8],
					"rotation": [0, 7.5, 0],
					"cubes": [
						{"origin": [-5, 0, 7], "size": [2, 4, 2], "uv": [22, 46], "mirror": true},
						{"origin": [-6, 0.1, 2], "size": [4, 0, 7], "uv": [0, 46], "mirror": true}
					]
				},
				{
					"name": "leg2",
					"parent": "all",
					"pivot": [-4, 4, -2],
					"rotation": [0, 7.5, 0],
					"cubes": [
						{"origin": [-5, 0, -3], "size": [2, 4, 2], "uv": [22, 46], "mirror": true},
						{"origin": [-6, 0.1, -8], "size": [4, 0, 7], "uv": [0, 46], "mirror": true}
					]
				},
				{
					"name": "leg",
					"parent": "all",
					"pivot": [4, 4, -2],
					"rotation": [0, -7.5, 0],
					"cubes": [
						{"origin": [3, 0, -3], "size": [2, 4, 2], "uv": [22, 46]},
						{"origin": [2, 0.1, -8], "size": [4, 0, 7], "uv": [0, 46]}
					]
				}
			]
		}
	]
}