{
	"format_version": "1.12.0",
	"minecraft:geometry": [
		{
			"description": {
				"identifier": "geometry.tung_tung_tung_sahur",
				"texture_width": 64,
				"texture_height": 64,
				"visible_bounds_width": 4,
				"visible_bounds_height": 3.5,
				"visible_bounds_offset": [0, 1.25, 0]
			},
			"bones": [
				{
					"name": "all",
					"pivot": [0, 0, 0]
				},
				{
					"name": "torso",
					"parent": "all",
					"pivot": [0, 12, 0]
				},
				{
					"name": "head",
					"parent": "torso",
					"pivot": [0, 24, 0],
					"cubes": [
						{"origin": [-4, 24, -4], "size": [8, 12, 8], "uv": [0, 21]},
						{"origin": [-3, 23, -4], "size": [6, 1, 1], "uv": [42, 0]},
						{"origin": [-5, 29, -5], "size": [3, 3, 2], "uv": [42, 5]},
						{"origin": [2, 29, -5], "size": [3, 3, 2], "uv": [42, 5], "mirror": true},
						{"origin": [-5, 28.3, -5], "size": [3, 3, 2], "inflate": 0.25, "uv": [42, 15]},
						{"origin": [2, 28.3, -5], "size": [3, 3, 2], "inflate": 0.25, "uv": [42, 15], "mirror": true}
					]
				},
				{
					"name": "nose",
					"parent": "head",
					"pivot": [0, 28, 0],
					"cubes": [
						{"origin": [-1, 27.9, -5.5], "size": [2, 4, 2], "pivot": [0, 29.9, -4.5], "rotation": [-5, 0, 0], "uv": [24, 41]},
						{"origin": [-2, 27, -6], "size": [4, 1, 2], "pivot": [0, 27.5, -5], "rotation": [20, 0, 0], "uv": [42, 2]}
					]
				},
				{
					"name": "left_arm",
					"parent": "torso",
					"pivot": [5, 22, 0],
					"rotation": [0, 0, -10],
					"cubes": [
						{"origin": [4, 15, -1], "size": [2, 9, 2], "uv": [8, 41], "mirror": true},
						{"origin": [4, 8, -1], "size": [2, 7, 2], "uv": [16, 41], "mirror": true}
					]
				},
				{
					"name": "right_arm",
					"parent": "torso",
					"pivot": [-5, 22, 0],
					"rotation": [0, 0, 10],
					"cubes": [
						{"origin": [-6, 15, -1], "size": [2, 9, 2], "uv": [8, 41]},
						{"origin": [-6, 8, -1], "size": [2, 7, 2], "uv": [16, 41]},
						{"origin": [-7, 8, -19], "size": [3, 3, 18], "uv": [0, 0]},
						{"origin": [-6, 9, 1], "size": [1, 1, 4], "uv": [42, 10]}
					]
				},
				{
					"name": "chest",
					"parent": "torso",
					"pivot": [0, 24, 0],
					"cubes": [
						{"origin": [-4, 12, -3], "size": [8, 12, 6], "uv": [32, 21]}
					]
				},
				{
					"name": "left_leg",
					"parent": "all",
					"pivot": [2, 12, 0],
					"rotation": [0, -12.5, 0],
					"cubes": [
						{"origin": [1, 1, -1], "size": [2, 11, 2], "uv": [0, 41], "mirror": true},
						{"origin": [0, 0, -5], "size": [4, 2, 7], "uv": [32, 39], "mirror": true}
					]
				},
				{
					"name": "right_leg",
					"parent": "all",
					"pivot": [-2, 12, 0],
					"rotation": [0, 12.5, 0],
					"cubes": [
						{"origin": [-3, 1, -1], "size": [2, 11, 2], "uv": [0, 41]},
						{"origin": [-4, 0, -5], "size": [4, 2, 7], "uv": [32, 39]}
					]
				}
			]
		}
	]
}