{
	"format_version": "1.10.0",
	"minecraft:client_entity": {
		"description": {
			"identifier": "simple_vehicles:century",
			"materials": {
				"default": "witch"
			},
			"textures": {
				"default": "textures/entity/century_luxury"
			},
			"geometry": {
				"default": "geometry.century_luxury"
			},
			"spawn_egg": {
				"texture": "vehicles",
				"texture_index": 45
			},
			"animations": {
				"move": "animation.car_v2.move",
				"turn": "animation.century_luxury.turn",
				"general": "controller.animation.vehicle.v_turn",
				"close": "animation.simple_vehicles.century_luxury.close",
				"close2": "animation.simple_vehicles.century_luxury.close2",
				"open": "animation.simple_vehicles.century_luxury.open",
				"door_mech": "controller.animation.ae86.door_mech"
			},
			"scripts": {
				"animate": [
					{
						"move": "query.modified_move_speed"
					},
					"general",
					"door_mech",
					{
						"close2": "query.has_rider"
					}
				]
			},
			"render_controllers": [
				"controller.render.corolla"
			],
			"sound_effects": {
				"century_luxury_door_open": "simple_vehicles.auv_car.open",
				"century_luxury_door_close": "simple_vehicles.auv_car.close"
			}
		}
	}
}