{
  "format_version": "1.13.0",
  "minecraft:biome": {
    "description": {
      "identifier": "860_forest"
    },
    "components": {
      "minecraft:climate": {
        "downfall": 0.8,
        "snow_accumulation": [ 0.0, 0.125 ],
        "temperature": 0.7
      },
      "minecraft:overworld_height": {
        "noise_type": "default"
      },
      "minecraft:overworld_surface": {
        "floor_depth": 7,
        "floor_material": "minecraft:gravel",
        "foundation_material": "minecraft:stone",
        "mid_material": "minecraft:dirt",
        "top_material": "bd:860_grass"
      },
      "minecraft:world_generation_rules": {
        "hills_transformation": "forest_hills",
        "mutate_transformation": "flower_forest",
        "generate_for_climates": [
          [ "medium", 1 ],
          [ "cold", 1 ]
        ]
      },

      "860_forest": {}
    }
  }
}
