{
	"format_version": "1.8.0",
	"animations": {
		"animation.allblaster.attack": {
			"loop": "hold_on_last_frame",
			"animation_length": 1.04,
			"bones": {
				"jaw": {
					"rotation": [25, 0, 0]
				},
				"bone": {
					"rotation": [-30, 0, 0]
				}
			}
		},
		"animation.allblaster.look_at_target": {
			"loop": true,
			"bones": {
				"head3": {
					"relative_to": {
						"rotation": "entity"},
				    "rotation" :[
						"query.target_x_rotation",
						"query.target_y_rotation",
						0
					]
				},
				"head2": {
					"relative_to": {
						"rotation": "entity"},
				    "rotation" :[
						"query.target_x_rotation",
						"query.target_y_rotation",
						0
					]
				},
				"head1": {
					"relative_to": {
						"rotation": "entity"},
				    "rotation" :[
						"query.target_x_rotation",
						"query.target_y_rotation",
						0
					]
				}
			}
		}
	}
}