{
	"format_version": "1.10.0",
	"geometry.omegaflamer": {
		"texturewidth": 32,
		"textureheight": 32,
		"visible_bounds_width": 2,
		"visible_bounds_height": 1.5,
		"visible_bounds_offset": [0, 0.25, 0],
		"bones": [
			{
				"name": "head",
				"pivot": [0, 3, 0],
				"cubes": [
					{"origin": [-3, 0, -2], "size": [6, 6, 5], "uv": [0, 0]},
					{"origin": [-2, 1, -7], "size": [4, 4, 5], "uv": [13, 15]},
					{"origin": [-1, 2, -14], "size": [2, 2, 7], "uv": [0, 11]},
					{"origin": [-1, 2, -15], "size": [2, 2, 1], "uv": [0, 11], "inflate": 0.5}
				]
			}
		]
	}
}