{
	"file_path": "C:\\Users\\windows10\\AppData\\Local\\Packages\\Microsoft.MinecraftUWP_8wekyb3d8bbwe\\LocalState\\games\\com.mojang\\development_resource_packs\\UT_gaster\\entity\\handblaster.json",
	"file_type": "client_entity",
	"format_version": 1,
	"file_uuid": "20a7b053_e1c5_4465_a745_4b05476d4de2",
	"file_version": 1,
	"cache_content": {
		"children": [
			{
				"data": "1.10.0",
				"key": "format_version"
			},
			{
				"open": {
					"format_version": "1.10.0",
					"minecraft:client_entity": {
						"description": {
							"identifier": "wg:handblaster",
							"materials": {
								"default": "entity_alphatest",
								"attack": "charged_creeper"
							},
							"textures": {
								"default": "textures/entity/wghandblaster",
								"attack": "textures/entity/wghandblasterlaser"
							},
							"geometry": {
								"default": "geometry.wghandblaster",
								"attack": "geometry.wghandblasterlaser"
							},
							"animations": {
								"look_at_target": "animation.humanoid.look_at_target.default.v1.0"
							},
							"scripts": {
								"animate": [
									"look_at_target"
								]
							},
							"render_controllers": [
								"controller.render.spider",
								"controller.render.las_attack"
							],
							"spawn_egg": {
								"texture": "secret",
								"texture_index": 0
							}
						}
					}
				},
				"key": "minecraft:client_entity",
				"children": [
					{
						"open": {
							"description": {
								"identifier": "wg:handblaster",
								"materials": {
									"default": "entity_alphatest",
									"attack": "charged_creeper"
								},
								"textures": {
									"default": "textures/entity/wghandblaster",
									"attack": "textures/entity/wghandblasterlaser"
								},
								"geometry": {
									"default": "geometry.wghandblaster",
									"attack": "geometry.wghandblasterlaser"
								},
								"animations": {
									"look_at_target": "animation.humanoid.look_at_target.default.v1.0"
								},
								"scripts": {
									"animate": [
										"look_at_target"
									]
								},
								"render_controllers": [
									"controller.render.spider",
									"controller.render.las_attack"
								],
								"spawn_egg": {
									"texture": "secret",
									"texture_index": 0
								}
							}
						},
						"key": "description",
						"children": [
							{
								"open": {
									"identifier": "wg:handblaster",
									"materials": {
										"default": "entity_alphatest",
										"attack": "charged_creeper"
									},
									"textures": {
										"default": "textures/entity/wghandblaster",
										"attack": "textures/entity/wghandblasterlaser"
									},
									"geometry": {
										"default": "geometry.wghandblaster",
										"attack": "geometry.wghandblasterlaser"
									},
									"animations": {
										"look_at_target": "animation.humanoid.look_at_target.default.v1.0"
									},
									"scripts": {
										"animate": [
											"look_at_target"
										]
									},
									"render_controllers": [
										"controller.render.spider",
										"controller.render.las_attack"
									],
									"spawn_egg": {
										"texture": "secret",
										"texture_index": 0
									}
								},
								"data": "wg:handblaster",
								"key": "identifier"
							},
							{
								"open": {
									"identifier": "wg:handblaster",
									"materials": {
										"default": "entity_alphatest",
										"attack": "charged_creeper"
									},
									"textures": {
										"default": "textures/entity/wghandblaster",
										"attack": "textures/entity/wghandblasterlaser"
									},
									"geometry": {
										"default": "geometry.wghandblaster",
										"attack": "geometry.wghandblasterlaser"
									},
									"animations": {
										"look_at_target": "animation.humanoid.look_at_target.default.v1.0"
									},
									"scripts": {
										"animate": [
											"look_at_target"
										]
									},
									"render_controllers": [
										"controller.render.spider",
										"controller.render.las_attack"
									],
									"spawn_egg": {
										"texture": "secret",
										"texture_index": 0
									}
								},
								"key": "materials",
								"is_minified": true,
								"children": {
									"default": "entity_alphatest",
									"attack": "charged_creeper"
								}
							},
							{
								"open": {
									"identifier": "wg:handblaster",
									"materials": {
										"default": "entity_alphatest",
										"attack": "charged_creeper"
									},
									"textures": {
										"default": "textures/entity/wghandblaster",
										"attack": "textures/entity/wghandblasterlaser"
									},
									"geometry": {
										"default": "geometry.wghandblaster",
										"attack": "geometry.wghandblasterlaser"
									},
									"animations": {
										"look_at_target": "animation.humanoid.look_at_target.default.v1.0"
									},
									"scripts": {
										"animate": [
											"look_at_target"
										]
									},
									"render_controllers": [
										"controller.render.spider",
										"controller.render.las_attack"
									],
									"spawn_egg": {
										"texture": "secret",
										"texture_index": 0
									}
								},
								"key": "textures",
								"is_minified": true,
								"children": {
									"default": "textures/entity/wghandblaster",
									"attack": "textures/entity/wghandblasterlaser"
								}
							},
							{
								"open": {
									"identifier": "wg:handblaster",
									"materials": {
										"default": "entity_alphatest",
										"attack": "charged_creeper"
									},
									"textures": {
										"default": "textures/entity/wghandblaster",
										"attack": "textures/entity/wghandblasterlaser"
									},
									"geometry": {
										"default": "geometry.wghandblaster",
										"attack": "geometry.wghandblasterlaser"
									},
									"animations": {
										"look_at_target": "animation.humanoid.look_at_target.default.v1.0"
									},
									"scripts": {
										"animate": [
											"look_at_target"
										]
									},
									"render_controllers": [
										"controller.render.spider",
										"controller.render.las_attack"
									],
									"spawn_egg": {
										"texture": "secret",
										"texture_index": 0
									}
								},
								"key": "geometry",
								"is_minified": true,
								"children": {
									"default": "geometry.wghandblaster",
									"attack": "geometry.wghandblasterlaser"
								}
							},
							{
								"open": {
									"identifier": "wg:handblaster",
									"materials": {
										"default": "entity_alphatest",
										"attack": "charged_creeper"
									},
									"textures": {
										"default": "textures/entity/wghandblaster",
										"attack": "textures/entity/wghandblasterlaser"
									},
									"geometry": {
										"default": "geometry.wghandblaster",
										"attack": "geometry.wghandblasterlaser"
									},
									"animations": {
										"look_at_target": "animation.humanoid.look_at_target.default.v1.0"
									},
									"scripts": {
										"animate": [
											"look_at_target"
										]
									},
									"render_controllers": [
										"controller.render.spider",
										"controller.render.las_attack"
									],
									"spawn_egg": {
										"texture": "secret",
										"texture_index": 0
									}
								},
								"key": "animations",
								"is_minified": true,
								"children": {
									"look_at_target": "animation.humanoid.look_at_target.default.v1.0"
								}
							},
							{
								"open": {
									"identifier": "wg:handblaster",
									"materials": {
										"default": "entity_alphatest",
										"attack": "charged_creeper"
									},
									"textures": {
										"default": "textures/entity/wghandblaster",
										"attack": "textures/entity/wghandblasterlaser"
									},
									"geometry": {
										"default": "geometry.wghandblaster",
										"attack": "geometry.wghandblasterlaser"
									},
									"animations": {
										"look_at_target": "animation.humanoid.look_at_target.default.v1.0"
									},
									"scripts": {
										"animate": [
											"look_at_target"
										]
									},
									"render_controllers": [
										"controller.render.spider",
										"controller.render.las_attack"
									],
									"spawn_egg": {
										"texture": "secret",
										"texture_index": 0
									}
								},
								"key": "scripts",
								"children": [
									{
										"open": {
											"animate": [
												"look_at_target"
											]
										},
										"key": "animate",
										"is_minified": true,
										"children": [
											"look_at_target"
										]
									}
								]
							},
							{
								"open": {
									"identifier": "wg:handblaster",
									"materials": {
										"default": "entity_alphatest",
										"attack": "charged_creeper"
									},
									"textures": {
										"default": "textures/entity/wghandblaster",
										"attack": "textures/entity/wghandblasterlaser"
									},
									"geometry": {
										"default": "geometry.wghandblaster",
										"attack": "geometry.wghandblasterlaser"
									},
									"animations": {
										"look_at_target": "animation.humanoid.look_at_target.default.v1.0"
									},
									"scripts": {
										"animate": [
											"look_at_target"
										]
									},
									"render_controllers": [
										"controller.render.spider",
										"controller.render.las_attack"
									],
									"spawn_egg": {
										"texture": "secret",
										"texture_index": 0
									}
								},
								"key": "render_controllers",
								"is_minified": true,
								"children": [
									"controller.render.spider",
									"controller.render.las_attack"
								]
							},
							{
								"open": {
									"identifier": "wg:handblaster",
									"materials": {
										"default": "entity_alphatest",
										"attack": "charged_creeper"
									},
									"textures": {
										"default": "textures/entity/wghandblaster",
										"attack": "textures/entity/wghandblasterlaser"
									},
									"geometry": {
										"default": "geometry.wghandblaster",
										"attack": "geometry.wghandblasterlaser"
									},
									"animations": {
										"look_at_target": "animation.humanoid.look_at_target.default.v1.0"
									},
									"scripts": {
										"animate": [
											"look_at_target"
										]
									},
									"render_controllers": [
										"controller.render.spider",
										"controller.render.las_attack"
									],
									"spawn_egg": {
										"texture": "secret",
										"texture_index": 0
									}
								},
								"key": "spawn_egg",
								"is_minified": true,
								"children": {
									"texture": "secret",
									"texture_index": 0
								}
							}
						]
					}
				]
			}
		]
	}
}