{
	"format_version": "1.13.0",
	"minecraft:recipe_shaped": {
		"description": {
			"identifier": "simple_vehicles:tires_motor"
		},
		"tags": [
			"vehicle_workbench"
		],
		"pattern": [
			"WBW",
			"BIB",
			"WBW"
		],
		"key": {
			"B": {
				"item": "minecraft:concrete",
				"data": 15
			},
			"I": {
				"item": "minecraft:iron_ingot"
			},
			"W": {
				"item": "minecraft:wool",
				"data": 15
			}
		},
		"result": [
			{
				"item": "simple_vehicles:tire_motor",
				"count": 4
			}
		]
	}
}