{
	"format_version": "1.10.0",
	"minecraft:client_entity": {
		"description": {
			"identifier": "simple_vehicles:armored_truck",
			"materials": {
				"default": "entity_alphatest"
			},
			"textures": {
				"default": "textures/entity/armored_truck"
			},
			"geometry": {
				"default": "geometry.armored_truck"
			},
			"spawn_egg": {
				"texture": "vehicles_2",
				"texture_index": 8
			},
			"animations": {
				"move": "animation.armored_truck.move",
				"setup": "animation.armored_truck.setup",
				"wipe": "animation.armored_truck.wipe",
				"close2": "animation.armored_truck.close2",
				"open": "animation.armored_truck.open",
				"close": "animation.armored_truck.close",
				"turn": "animation.armored_truck.turn",
				"v_turn": "controller.animation.vehicle.v_turn",
				"door_mechanic": "controller.animation.armored_truck.door_mechanic"
			},
			"scripts": {
				"animate": [
					"v_turn",
					"door_mechanic",
					{
						"move": "query.modified_move_speed"
					},
					"setup",
					{
						"wipe": "query.is_in_water_or_rain&&query.is_saddled&&query.has_rider"
					},
					{
						"close2": "query.has_rider"
					}
				]
			},
			"render_controllers": [
				"controller.render.rancher"
			],
			"sound_effects": {
				"armored_truck_door_open": "simple_vehicles.corolla.open",
				"armored_truck_door_close": "simple_vehicles.corolla.close"
			}
		}
	}
}