{
	"format_version": "1.10.0",
	"minecraft:client_entity": {
		"description": {
			"identifier": "simple_vehicles:motorcycle",
			"materials": {
				"default": "entity_alphatest"
			},
			"textures": {
				"default": "textures/entity/motorcycle"
			},
			"geometry": {
				"default": "geometry.motorcycle"
			},
			"render_controllers": [
				"controller.render.default"
			],
			"spawn_egg": {
				"texture": "vehicles_2",
				"texture_index": 2
			},
			"animations": {
				"move": "animation.motorcycle.move",
				"turn": "animation.motorcycle.turn",
				"tilt": "animation.motorcycle.tilt",
				"ups": "animation.motorcycle.ups",
				"downs": "animation.motorcycle.downs",
				"motorcycle_general": "controller.animation.motorcycle.general"
			},
			"scripts": {
				"animate": [
					"motorcycle_general",
					{
						"move": "query.modified_move_speed"
					}
				]
			}
		}
	}
}