{
  "format_version": "1.10.0",
  "minecraft:entity": {
    "description": {
      "identifier": "bd:curse",
      "is_spawnable": false,
      "is_summonable": true,
      "is_experimental": false,
	  "scripts": {
                "animate": [
                    "walking"
                ]
            },
            "animations": {
                "walking": "controller.animation.cursing"
            }
    },
    "component_groups": {
		"despawning": {
                "minecraft:type_family": {
                    "family": ["despawer", "despawer_despawning"
                    ]
                }
			}
		},
    "components": {
      "minecraft:nameable": {
      },
      "minecraft:type_family": {
        "family": [ "inanimate" ]
      },
	  "minecraft:pushable": {
                "is_pushable": true,
                "is_pushable_by_piston": true
            },
      "minecraft:collision_box": {
        "width": 0.6,
        "height": 1.8
      },
      "minecraft:movement.basic": {
      },
	  "minecraft:navigation.walk": {
        "is_amphibious": true,
        "can_pass_doors": true,
        "can_break_doors": true,
        "avoid_portals": false
      },
	  "minecraft:is_charged": {
      },
	  "minecraft:timer": {
                    "looping": false,
                    "time": 1,
                    "time_down_event": {
                        "event": "minecraft:start_despawn",
                        "target": "self"
                    }
                },
			"minecraft:despawn": {
                "filters": {
                    "all_of": [{
                            "any_of": [{
                                    "test":
                                    "is_family",
                                    "subject": "self",
                                    "value": "despawer_despawning"
                                }
                            ]
                        }
                    ]
                }
            },
      "minecraft:annotation.break_door": {
      },
      "minecraft:jump.static": {
      },
      "minecraft:can_climb": {
      },
      "minecraft:behavior.float": {
        "priority": 0
      },
      "minecraft:health": {
        "value": 200000,
        "max": 200000
      },
	  "minecraft:damage_sensor": {
				"triggers": [
					{
						"cause": "entity_attack",
						"deals_damage": false
					},
					{
						"cause": "projectile",
						"deals_damage": false
					},
					{
						"cause": "explosion",
						"deals_damage": false
					},
					{
						"cause": "fire",
						"deals_damage": false
					},
					{
						"cause": "fatal",
						"deals_damage": false
					}
				]
			},
	  "minecraft:movement": {
          "value": 0.00000000000001
        },
      "minecraft:loot": {
        "table": "loot_tables/entities/curse.json"
      },     
      "minecraft:physics": {
      }
    },

    "events": {
		"minecraft:start_despawn": {
                "add": {
                    "component_groups": ["despawning"]
                }
            },
			"minecraft:entity_spawned": {
				"add": {
					"component_groups": ["sucking"]
				}
			}
		}
	}
}