{
    "format_version": "1.13.0",
    "minecraft:entity": {
        "description": {
            "identifier": "entity:d_class",
            "is_spawnable": true,
            "is_summonable": true,
            "is_experimental": false,
			"scripts": {
                "animate": [
                    "d_classhiding"
                ]
            },
            "animations": {
                "d_classhiding": "controller.animation.d_class.hiding"
            }
        },
        "component_groups": {
            "basic_schedule": {
                "minecraft:scheduler": {
                    "min_delay_secs": 0,
                    "max_delay_secs": 10,
                    "scheduled_events": [{
                            "filters": {
                                "all_of": [{
                                        "test": "hourly_clock_time",
                                        "operator": ">=",
                                        "value": 2000
                                    }, {
                                        "test": "hourly_clock_time",
                                        "operator": "<",
                                        "value": 13000
                                    }
                                ]
                            },
                            "event": "minecraft:schedule_wander_villager"
                        }, {
                            "filters": {
                                "all_of": [{
                                        "test": "hourly_clock_time",
                                        "operator": ">=",
                                        "value": 13000
                                    }, {
                                        "test": "hourly_clock_time",
                                        "operator": "<",
                                        "value": 14000
                                    }
                                ]
                            },
                            "event": "minecraft:schedule_home_villager"
                        }, {
                            "filters": {
                                "all_of": [{
                                        "test": "hourly_clock_time",
                                        "operator": ">=",
                                        "value": 14000
                                    }, {
                                        "test": "hourly_clock_time",
                                        "operator": "<",
                                        "value": 24000
                                    }
                                ]
                            },
                            "event": "minecraft:schedule_bed_villager"
                        }, {
                            "filters": {
                                "all_of": [{
                                        "test": "hourly_clock_time",
                                        "operator": ">=",
                                        "value": 0
                                    }, {
                                        "test": "hourly_clock_time",
                                        "operator": "<",
                                        "value": 2000
                                    }
                                ]
                            },
                            "event": "minecraft:schedule_bed_villager"
                        }
                    ]
                }
            },
            "job_specific_goals": {
                "minecraft:behavior.sleep": {}
            },

            "home_schedule_villager": {},

            "bed_schedule_villager": {
                "minecraft:behavior.sleep": {
                    "priority": 3,
                    "goal_radius": 1.5,
                    "speed_multiplier": 0.6,
                    "sleep_collider_height": 0.3,
                    "sleep_collider_width": 1.0,
                    "sleep_y_offset": 0.6,
                    "timeout_cooldown": 10.0
                }
            },

            "wander_schedule_villager": {
                "minecraft:behavior.explore_outskirts": {
                    "priority": 9,
                    "explore_dist": 6.0,
                    "wait_time": 200,
                    "speed_multiplier": 0.6
                }
            },
            "dead1": {
                "minecraft:transformation": {
                    "into": "entity:d_class_d<dead1>"
                }
            },
            "dead2": {
                "minecraft:transformation": {
                    "into": "entity:d_class_d<dead2>"
                }
            },
            "dead3": {
                "minecraft:transformation": {
                    "into": "entity:d_class_d<dead3>"
                }
            },
            "dea4": {
                "minecraft:transformation": {
                    "into": "entity:d_class_d<dea4>"
                }
            },
			"dea5": {
                "minecraft:transformation": {
                    "into": "entity:d_class_d<dea5>"
                }
            },
			"dea6": {
                "minecraft:transformation": {
                    "into": "entity:d_class_d<dea6>"
                }
            },
			"dea7": {
                "minecraft:transformation": {
                    "into": "entity:d_class_d<dea7>"
                }
            },
            "d1": {
                "minecraft:variant": {
                    "value": 1
                },
                "minecraft:damage_sensor": {
                    "triggers": [{
                            "on_damage": {
                                "filters": {
                                    "test": "is_family",
                                    "subject": "other",
                                    "value": "d_class"
                                }
                            },
                            "deals_damage": false
                        }, {
                            "on_damage": {
                                "filters": {
                                    "all_of": [{
                                            "test": "has_damage",
                                            "value": "fatal"
                                        }
                                    ]
                                },
                                "event": "dead1"
                            }
                        }, {
                            "on_damage": {
                                "filters": {
                                    "test": "is_family",
                                    "subject": "other",
                                    "value": "d_class"
                                }
                            },
                            "deals_damage": false
                        }
                    ]
                }
            },
            "d2": {
                "minecraft:variant": {
                    "value": 2
                },
                "minecraft:damage_sensor": {
                    "triggers": [{
                            "on_damage": {
                                "filters": {
                                    "test": "is_family",
                                    "subject": "other",
                                    "value": "d_class"
                                }
                            },
                            "deals_damage": false
                        }, {
                            "on_damage": {
                                "filters": {
                                    "all_of": [{
                                            "test": "has_damage",
                                            "value": "fatal"
                                        }
                                    ]
                                },
                                "event": "dead2"
                            }
                        }, {
                            "on_damage": {
                                "filters": {
                                    "test": "is_family",
                                    "subject": "other",
                                    "value": "d_class"
                                }
                            },
                            "deals_damage": false
                        }
                    ]
                }
            },
            "d3": {
                "minecraft:variant": {
                    "value": 3
                },
                "minecraft:damage_sensor": {
                    "triggers": [{
                            "on_damage": {
                                "filters": {
                                    "test": "is_family",
                                    "subject": "other",
                                    "value": "d_class"
                                }
                            },
                            "deals_damage": false
                        }, {
                            "on_damage": {
                                "filters": {
                                    "all_of": [{
                                            "test": "has_damage",
                                            "value": "fatal"
                                        }
                                    ]
                                },
                                "event": "dead3"
                            }
                        }, {
                            "on_damage": {
                                "filters": {
                                    "test": "is_family",
                                    "subject": "other",
                                    "value": "d_class"
                                }
                            },
                            "deals_damage": false
                        }
                    ]
                }
            },
            "d4": {
                "minecraft:variant": {
                    "value": 4
                },
                "minecraft:damage_sensor": {
                    "triggers": [{
                            "on_damage": {
                                "filters": {
                                    "test": "is_family",
                                    "subject": "other",
                                    "value": "d_class"
                                }
                            },
                            "deals_damage": false
                        }, {
                            "on_damage": {
                                "filters": {
                                    "all_of": [{
                                            "test": "has_damage",
                                            "value": "fatal"
                                        }
                                    ]
                                },
                                "event": "dea4"
                            }
                        }, {
                            "on_damage": {
                                "filters": {
                                    "test": "is_family",
                                    "subject": "other",
                                    "value": "d_class"
                                }
                            },
                            "deals_damage": false
                        }
                    ]
                }
            },
			"d5": {
                "minecraft:variant": {
                    "value": 5
                },
                "minecraft:damage_sensor": {
                    "triggers": [{
                            "on_damage": {
                                "filters": {
                                    "test": "is_family",
                                    "subject": "other",
                                    "value": "d_class"
                                }
                            },
                            "deals_damage": false
                        }, {
                            "on_damage": {
                                "filters": {
                                    "all_of": [{
                                            "test": "has_damage",
                                            "value": "fatal"
                                        }
                                    ]
                                },
                                "event": "dea5"
                            }
                        }, {
                            "on_damage": {
                                "filters": {
                                    "test": "is_family",
                                    "subject": "other",
                                    "value": "d_class"
                                }
                            },
                            "deals_damage": false
                        }
                    ]
                }
            },
			"d6": {
                "minecraft:variant": {
                    "value": 6
                },
                "minecraft:damage_sensor": {
                    "triggers": [{
                            "on_damage": {
                                "filters": {
                                    "test": "is_family",
                                    "subject": "other",
                                    "value": "d_class"
                                }
                            },
                            "deals_damage": false
                        }, {
                            "on_damage": {
                                "filters": {
                                    "all_of": [{
                                            "test": "has_damage",
                                            "value": "fatal"
                                        }
                                    ]
                                },
                                "event": "dea6"
                            }
                        }, {
                            "on_damage": {
                                "filters": {
                                    "test": "is_family",
                                    "subject": "other",
                                    "value": "d_class"
                                }
                            },
                            "deals_damage": false
                        }
                    ]
                }
            },
			"d7": {
                "minecraft:variant": {
                    "value": 7
                },
                "minecraft:damage_sensor": {
                    "triggers": [{
                            "on_damage": {
                                "filters": {
                                    "test": "is_family",
                                    "subject": "other",
                                    "value": "d_class"
                                }
                            },
                            "deals_damage": false
                        }, {
                            "on_damage": {
                                "filters": {
                                    "all_of": [{
                                            "test": "has_damage",
                                            "value": "fatal"
                                        }
                                    ]
                                },
                                "event": "dea7"
                            }
                        }, {
                            "on_damage": {
                                "filters": {
                                    "test": "is_family",
                                    "subject": "other",
                                    "value": "d_class"
                                }
                            },
                            "deals_damage": false
                        }
                    ]
                }
            },
            "normal": {
                "minecraft:type_family": {
                    "family": ["d_class", "player", "villager", "male", "human"]
                }
            },
            "scp166_effect": {
                "minecraft:type_family": {
                    "family": ["effected", "player", "human"]
                }
            },
            "minecraft:ranged_attack": {
                "minecraft:behavior.ranged_attack": {
                    "priority": 0,
                    "attack_interval_min": 1,
                    "attack_interval_max": 1,
                    "burst_shots": 50,
                    "burst_interval": 0.2,
                    "speed_multiplier": 0.8,
                    "attack_radius": 32
                },
                "minecraft:shooter": {
                    "type": "smallfireball",
                    "def": "bullet:p90"
                },
                "minecraft:spell_effects": {
                    "add_effects": [{
                            "effect": "regeneration",
                            "amplifier": 5,
                            "visible": false,
                            "duration": 5
                        }
                    ]
                }
            },
            "minecraft:melee_attack": {
                "minecraft:behavior.melee_attack": {
                    "priority": -1,
                    "speed_multiplier": 0.8,
                    "reach_multiplier": 1.5,
                    "track_target": false
                },
                "minecraft:spell_effects": {
                    "add_effects": [{
                            "effect": "regeneration",
                            "amplifier": 5,
                            "visible": false,
                            "duration": 5
                        }
                    ]
                }
            },
            "use_gun": {
                "minecraft:equipment": {
                    "table": "loot_tables/equipment/d_class_f_equipment.json"
                },
				"minecraft:is_sheared": {},
                "minecraft:target_nearby_sensor": {
                    "inside_range": 2.0,
                    "outside_range": 6.0,
                    "on_inside_range": {
                        "event": "minecraft:to_melee_attack",
                        "target": "self"
                    },
                    "on_outside_range": {
                        "event": "minecraft:to_ranged_attack",
                        "target": "self"
                    }
                },
                "minecraft:behavior.nearest_attackable_target": {
                    "priority": 1,
                    "within_radius": 50,
                    "reselect_targets": true,
                    "entity_types": [{
                            "filters": {
                                "all_of": [{
                                        "any_of": [{
                                                "test": "is_family",
                                                "subject": "other",
                                                "value": "scp053"
                                            }, {
                                                "test": "is_family",
                                                "subject": "other",
                                                "value": "monster"
                                            }, {
                                                "test": "is_family",
                                                "subject": "other",
                                                "value": "mtf"
                                            }, {
                                                "test": "is_family",
                                                "subject": "other",
                                                "value": "ntf"
                                            }, {
                                                "test": "is_family",
                                                "subject": "other",
                                                "value": "scp166"
                                            }
                                        ]
                                    }
                                ]
                            },
                            "max_dist": 50
                        }, {
                            "filters": {
                                "all_of": [{
                                        "any_of": [{
                                                "test": "is_family",
                                                "subject": "other",
                                                "value": "door_c"
                                            }, {
                                                "test": "is_family",
                                                "subject": "other",
                                                "value": "butt_d"
                                            }, {
                                                "test": "is_family",
                                                "subject": "other",
                                                "value": "lever_u"
                                            }
                                        ]
                                    }
                                ]
                            },
                            "max_dist": 2
                        }, {
                        "filters": {
                            "all_of": [{
                                    "test": "has_tag",
                                    "subject": "other",
                                    "value": "guard"
                                }
                            ]
                        },
                        "max_dist": 64
                    }
                    ],
                    "must_see": true,
                    "must_see_forget_duration": 10
                },
				"minecraft:behavior.avoid_mob_type": {
                    "priority": 0,
                    "entity_types": [{
                            "filters": {
                                "any_of": [{
                                        "test": "is_family",
                                        "subject": "other",
                                        "value": "monster"
                                    }, {
                                        "test": "is_family",
                                        "subject": "other",
                                        "value": "scp049"
                                    }, {
                                        "test": "is_family",
                                        "subject": "other",
                                        "value": "scp096"
                                    }, {
                                        "test": "is_family",
                                        "subject": "other",
                                        "value": "scp023"
                                    }
                                ]
                            },
                            "max_dist": 10,
                            "walk_speed_multiplier": 1.1,
                            "sprint_speed_multiplier": 1.1
                        },
						{
                            "filters": {
                                "any_of": [{
                                        "test": "is_family",
                                        "subject": "other",
                                        "value": "scp096"
                                    }, {
                                        "test": "is_family",
                                        "subject": "other",
                                        "value": "scp939"
                                    }
                                ]
                            },
                            "max_dist": 64,
                            "walk_speed_multiplier": 1.1,
                            "sprint_speed_multiplier": 1.1
                        },
						{
                            "filters": {
                                "any_of": [{
                                        "test": "is_family",
                                        "subject": "other",
                                        "value": "scp939"
                                    }
                                ]
                            },
                            "max_dist": 30,
                            "walk_speed_multiplier": 1.1,
                            "sprint_speed_multiplier": 1.1
                        },
						{
                            "filters": {
                                "all_of": [{
                                        "test": "is_family",
                                        "subject": "other",
                                        "value": "bomb"
                                    }
                                ]
                            },
                            "max_dist": 20,
                            "walk_speed_multiplier": 1.1,
                            "sprint_speed_multiplier": 1.1
                        }
                    ],
                    "max_dist": 10
                }
            },
            "get_scared": {
                "minecraft:entity_sensor": {
                    "sensor_range": 1.0,
                    "event_filters": [{
                            "test": "is_family",
                            "subject": "other",
                            "value": "dg"
                        }
                    ],
                    "maximum_count": -1,
                    "minimum_count": 1,
                    "require_all": false,
                    "event": "minecraft:gun"
                },
                "minecraft:behavior.melee_attack": {
                    "priority": -1,
                    "speed_multiplier": 0.8,
                    "reach_multiplier": 1.5,
                    "track_target": false
                },
                "minecraft:behavior.avoid_mob_type": {
                    "priority": 1,
                    "entity_types": [{
                            "filters": {
                                "any_of": [{
                                        "test": "is_family",
                                        "subject": "other",
                                        "value": "monster"
                                    }, {
                                        "test": "is_family",
                                        "subject": "other",
                                        "value": "ntf"
                                    }, {
                                        "test": "is_family",
                                        "subject": "other",
                                        "value": "scp049"
                                    }, {
                                        "test": "is_family",
                                        "subject": "other",
                                        "value": "scp250"
                                    }, {
                                        "test": "is_family",
                                        "subject": "other",
                                        "value": "scp096"
                                    }, {
                                        "test": "has_tag",
                                        "subject": "other",
                                        "value": "guard"
                                    }
                                ]
                            },
                            "max_dist": 64,
                            "walk_speed_multiplier": 1.1,
                            "sprint_speed_multiplier": 1.1,
							"must_see": false,
							"must_see_forget_duration": 20
                        },
						{
                            "filters": {
                                "all_of": [{
                                        "test": "is_family",
                                        "subject": "other",
                                        "value": "bomb"
                                    }
                                ]
                            },
                            "max_dist": 20,
                            "walk_speed_multiplier": 1.1,
                            "sprint_speed_multiplier": 1.1
                        },
						{
                            "filters": {
                                "any_of": [{
                                        "test": "is_family",
                                        "subject": "other",
                                        "value": "scp939"
                                    }
                                ]
                            },
                            "max_dist": 30,
                            "walk_speed_multiplier": 1.1,
                            "sprint_speed_multiplier": 1.1
                        }
                    ],
                    "max_dist": 64,
					"max_flee": 64
                },
                "minecraft:behavior.nearest_attackable_target": {
                    "priority": 1,
                    "within_radius": 16,
                    "reselect_targets": true,
                    "entity_types": [{
                            "filters": {
                                "all_of": [{
                                        "any_of": [{
                                                "test": "is_family",
                                                "subject": "other",
                                                "value": "scp053"
                                            }, {
                                                "test": "is_family",
                                                "subject": "other",
                                                "value": "scp166"
                                            }
                                        ]
                                    }
                                ]
                            },
                            "max_dist": 16
                        }, {
                            "filters": {
                                "all_of": [{
                                        "any_of": [{
                                                "test": "is_family",
                                                "subject": "other",
                                                "value": "door_c"
                                            }, {
                                                "test": "is_family",
                                                "subject": "other",
                                                "value": "butt_d"
                                            }, {
                                                "test": "is_family",
                                                "subject": "other",
                                                "value": "lever_u"
                                            }
                                        ]
                                    }
                                ]
                            },
                            "max_dist": 2,
                            "must_see": true
                        }
                    ],
                    "within_radius": 16,
                    "must_see": true,
                    "must_see_forget_duration": 10
                }
            },
			"035_has_gun": {
                "minecraft:equipment": {
                    "table": "loot_tables/equipment/d_class_f_equipment.json"
                },
				"minecraft:is_sheared": {},
                "minecraft:target_nearby_sensor": {
                    "inside_range": 2.0,
                    "outside_range": 6.0,
                    "on_inside_range": {
                        "event": "minecraft:to_melee_attack",
                        "target": "self"
                    },
                    "on_outside_range": {
                        "event": "minecraft:to_ranged_attack",
                        "target": "self"
                    }
                },
				"minecraft:behavior.summon_entity": {
					"priority": -1,
					"summon_choices": [{
							"min_activation_range": 0.0,
							"max_activation_range": 12.0,
							"cooldown_time": 60,
							"weight": 3,
							"cast_duration": 3.0,
							"particle_color": "#FF664D59",
							"start_sound_event": "cast.spell",
							"sequence": [{
									"shape": "circle",
									"target": "target",
									"base_delay": 2.0,
									"delay_per_summon": 0.0,
									"num_entities_spawned": 6,
									"entity_type": "entity:scp035_ten",
									"size": 30,
									"entity_lifespan": 60,
									"sound_event": "prepare.attack"
								}
							]
						}
					]
				},
                "minecraft:behavior.nearest_attackable_target": {
                    "priority": 1,
                    "within_radius": 50,
                    "reselect_targets": true,
                    "entity_types": [{
                            "filters": {
                                "all_of": [{
                                        "any_of": [{
                                                "test": "is_family",
                                                "subject": "other",
                                                "value": "door_c"
                                            }, {
                                                "test": "is_family",
                                                "subject": "other",
                                                "value": "butt_d"
                                            }, {
                                                "test": "is_family",
                                                "subject": "other",
                                                "value": "lever_u"
                                            }
                                        ]
                                    }
                                ]
                            },
                            "max_dist": 2
                        }, {
                            "filters": {
                                "all_of": [{
                                        "any_of": [{
                                                "test": "is_family",
                                                "subject": "other",
                                                "value": "player"
                                            }, {
                                                "test": "is_family",
                                                "subject": "other",
                                                "value": "human"
                                            }
                                        ]
                                    }
                                ]
                            },
                            "max_dist": 50
                        }
                    ],
                    "must_see": true,
                    "must_see_forget_duration": 10
                },
				"minecraft:behavior.avoid_mob_type": {
                    "priority": 0,
                    "entity_types": [{
                            "filters": {
                                "all_of": [{
                                        "test": "is_family",
                                        "subject": "other",
                                        "value": "bomb"
                                    }
                                ]
                            },
                            "max_dist": 20,
                            "walk_speed_multiplier": 1.1,
                            "sprint_speed_multiplier": 1.1
                        },
						{
                            "filters": {
                                "all_of": [{
                                        "test": "is_family",
                                        "subject": "other",
                                        "value": "scp096"
                                    }, {
                                        "test": "is_family",
                                        "subject": "other",
                                        "value": "scp682"
                                    }
                                ]
                            },
                            "max_dist": 20,
                            "walk_speed_multiplier": 1.1,
                            "sprint_speed_multiplier": 1.1
                        }
                    ],
                    "max_dist": 10
                }
            },
			"035_avoid": {
                "minecraft:entity_sensor": {
                    "sensor_range": 1.0,
                    "event_filters": [{
                            "test": "is_family",
                            "subject": "other",
                            "value": "dg"
                        }
                    ],
                    "maximum_count": -1,
                    "minimum_count": 1,
                    "require_all": false,
                    "event": "minecraft:035_gun"
                },
				"minecraft:spawn_entity": [{
						"min_wait_time": 10,
						"max_wait_time": 20,
						"spawn_entity": "entity:scp035_ten",
						"single_use": true,
						"num_to_spawn": 6
					}
				],
                "minecraft:behavior.melee_attack": {
                    "priority": -1,
                    "speed_multiplier": 0.8,
                    "reach_multiplier": 1.5,
                    "track_target": false
                },
				
                "minecraft:behavior.avoid_mob_type": {
                    "priority": 1,
                    "entity_types": [{
                            "filters": {
                                "any_of": [{
                                        "test": "is_family",
                                        "subject": "other",
                                        "value": "scp096"
                                    },
									{
                                        "test": "is_family",
                                        "subject": "other",
                                        "value": "scp682"
                                    }
                                ]
                            },
                            "max_dist": 64,
                            "walk_speed_multiplier": 1.1,
                            "sprint_speed_multiplier": 1.1,
							"must_see": false,
							"must_see_forget_duration": 20
                        },
						{
                            "filters": {
                                "all_of": [{
                                        "test": "is_family",
                                        "subject": "other",
                                        "value": "bomb"
                                    }
                                ]
                            },
                            "max_dist": 20,
                            "walk_speed_multiplier": 1.1,
                            "sprint_speed_multiplier": 1.1
                        }
                    ],
                    "max_dist": 64,
					"max_flee": 64
                },
                "minecraft:behavior.nearest_attackable_target": {
                    "priority": 1,
                    "within_radius": 16,
                    "reselect_targets": true,
                    "entity_types": [{
                            "filters": {
                                "all_of": [{
                                        "any_of": [{
                                                "test": "is_family",
                                                "subject": "other",
                                                "value": "door_c"
                                            }, {
                                                "test": "is_family",
                                                "subject": "other",
                                                "value": "butt_d"
                                            }, {
                                                "test": "is_family",
                                                "subject": "other",
                                                "value": "lever_u"
                                            }
                                        ]
                                    }
                                ]
                            },
                            "max_dist": 2,
                            "must_see": true
                        }
                    ],
                    "within_radius": 16,
                    "must_see": true,
                    "must_see_forget_duration": 10
                }
            },
			"sneaking": {
				"minecraft:is_stunned": {},
				"minecraft:timer": {
                    "looping": false,
                    "time": [20, 30],
                    "time_down_event": {
                        "event": "minecraft:stop_sneak"
                    }
                },
				"minecraft:collision_box": {
					"width": 0.6,
					"height": 0.3
				}
			},
			"reset_sneak": {
				"minecraft:timer": {
                    "looping": false,
                    "time": [30, 60],
                    "time_down_event": {
                        "event": "minecraft:reset_sneak"
                    }
                }
			},
			"hit_box": {
				"minecraft:collision_box": {
					"width": 0.6,
					"height": 1.9
				}
            },
			"035_control": {
				 "minecraft:type_family": {
                    "family": ["scp035", "monster"]
                },
				"minecraft:damage_over_time": {
					"damage_per_hurt": 1,
					"time_between_hurt": 10
				},
				"minecraft:behavior.hurt_by_target": {
					"priority": 1
				},
				"minecraft:health": {
					"value": 200,
					"max": 200
				}
			}
        },

        "components": {
            "minecraft:breathable": {
                "total_supply": 15,
                "suffocate_time": 0
            },
            "minecraft:health": {
                "value": 20,
                "max": 20
            },
            "minecraft:hide": {},
            "minecraft:nameable": {},
            "minecraft:navigation.walk": {
                "can_path_over_water": true,
                "can_pass_doors": true,
                "can_open_doors": true,
                "avoid_water": true
            },
            "minecraft:follow_range": {
                "value": 70
            },
			"minecraft:rideable": {
				"seat_count": 1,
				"family_types": [
					"035_mob"
				],
				"pull_in_entities": true,
					"seats": [
					{
						"position": [ 0, 1.35, 0 ],
						"rotate_rider_by": 1,
						"lock_rider_rotation": -360
					}
				]
			},
			"minecraft:movement": {
                "value": 0.35
            },
            "minecraft:annotation.open_door": {},
            "minecraft:movement.basic": {},
            "minecraft:jump.static": {},
            "minecraft:can_climb": {},
            "minecraft:attack": {
                "damage": 10
            },
            "minecraft:dweller": {
                "dwelling_type": "village",
                "dweller_role": "inhabitant",
                "update_interval_base": 60,
                "update_interval_variant": 40,
                "can_find_poi": true,
                "can_migrate": true,
                "first_founding_reward": 5
            },
            "minecraft:persistent": {},
            "minecraft:behavior.float": {
                "priority": 0
            },
            "minecraft:behavior.hide": {
                "priority": 2,
                "speed_multiplier": 0.8,
                "poi_type": "bed",
                "duration": 30.0
            },
            "minecraft:behavior.move_indoors": {
                "priority": 6,
                "speed_multiplier": 0.8,
                "timeout_cooldown": 8.0
            },
            "minecraft:behavior.look_at_player": {
                "priority": 8,
                "look_distance": 6,
                "probability": 0.02
            },
            "minecraft:behavior.move_towards_restriction": {
                "priority": 3,
                "speed_multiplier": 0.6
            },
            "minecraft:behavior.random_stroll": {
                "priority": 4,
                "speed_multiplier": 0.6
            },
            "minecraft:physics": {},
            "minecraft:pushable": {
                "is_pushable": true,
                "is_pushable_by_piston": true
            }
        },
        "events": {
            "dead1": {
                "add": {
                    "component_groups": ["dead1"]
                }
            },
            "dead2": {
                "add": {
                    "component_groups": ["dead2"]
                }
            },
            "dead3": {
                "add": {
                    "component_groups": ["dead3"]
                }
            },
            "dea4": {
                "add": {
                    "component_groups": ["dea4"]
                }
            },
			"dea5": {
                "add": {
                    "component_groups": ["dea5"]
                }
            },
			"dea6": {
                "add": {
                    "component_groups": ["dea6"]
                }
            },
			"dea7": {
                "add": {
                    "component_groups": ["dea7"]
                }
            },
            "minecraft:entity_spawned": {
                "randomize": [{
                        "weight": 1,
                        "add": {
                            "component_groups": ["d1", "basic_schedule", "normal", "get_scared", "reset_sneak", "hit_box"]
                        }
                    }, {
                        "weight": 1,
                        "add": {
                            "component_groups": ["d2", "basic_schedule", "normal", "get_scared", "reset_sneak", "hit_box"]
                        }
                    }, {
                        "weight": 1,
                        "add": {
                            "component_groups": ["d3", "basic_schedule", "normal", "get_scared", "reset_sneak", "hit_box"]
                        }
                    }, {
                        "weight": 1,
                        "add": {
                            "component_groups": ["d4", "basic_schedule", "normal", "get_scared", "reset_sneak", "hit_box"]
                        }
                    }, {
                        "weight": 1,
                        "add": {
                            "component_groups": ["d5", "basic_schedule", "normal", "get_scared", "reset_sneak", "hit_box"]
                        }
                    }, {
                        "weight": 1,
                        "add": {
                            "component_groups": ["d6", "basic_schedule", "normal", "get_scared", "reset_sneak", "hit_box"]
                        }
                    }, {
                        "weight": 1,
                        "add": {
                            "component_groups": ["d7", "basic_schedule", "normal", "get_scared", "reset_sneak", "hit_box"]
                        }
                    }
                ]
            },
            "minecraft:schedule_wander_villager": {
                "remove": {
                    "component_groups": ["home_schedule_villager", "bed_schedule_villager", "wander_schedule_villager", "job_specific_goals"]
                },
                "add": {
                    "component_groups": ["wander_schedule_villager"]
                }
            },
            "minecraft:schedule_home_villager": {
                "remove": {
                    "component_groups": ["bed_schedule_villager", "wander_schedule_villager", "job_specific_goals"]
                },
                "add": {
                    "component_groups": ["home_schedule_villager"]
                }
            },

            "minecraft:schedule_bed_villager": {
                "remove": {
                    "component_groups": ["home_schedule_villager", "wander_schedule_villager", "job_specific_goals"]
                },
                "add": {
                    "component_groups": ["bed_schedule_villager"]
                }
            },
            "scp166_e": {
                "remove": {
                    "component_groups": [
                        "normal"
                    ]
                },
                "add": {
                    "component_groups": [
                        "scp166_effect"
                    ]
                }
            },
            "minecraft:gun": {
                "add": {
                    "component_groups": ["use_gun", "minecraft:melee_attack", "hit_box"]
                },
                "remove": {
                    "component_groups": ["get_scared", "sneaking", "reset_sneak"]
                }
            },
            "minecraft:to_melee_attack": {
                "remove": {
                    "component_groups": [
                        "minecraft:ranged_attack"
                    ]
                },
                "add": {
                    "component_groups": [
                        "minecraft:melee_attack"

                    ]
                }
            },
            "minecraft:to_ranged_attack": {
                "remove": {
                    "component_groups": [
                        "minecraft:melee_attack"
                    ]
                },
                "add": {
                    "component_groups": [
                        "minecraft:ranged_attack"
                    ]
                }
            },
			"minecraft:reset_sneak": {
				"add": {
					"component_groups": [
						"sneaking"
					]
				},
				"remove": {
					"component_groups": [
						"reset_sneak",
						"hit_box"
					]
				}
			},
			"minecraft:stop_sneak": {
				"add": {
					"component_groups": [
						"reset_sneak",
						"hit_box"
					]
				},
				"remove": {
					"component_groups": [
						"sneaking"
					]
				}
			},
			"minecraft:035_control": {
				"add": {
					"component_groups": [
						"035_control",
						"035_avoid"
					]
				},
				"remove": {
					"component_groups": [
						"get_scared",
						"use_gun",
						"normal",
						"basic_schedule",
						"bed_schedule_villager",
						"wander_schedule_villager",
						"job_specific_goals",
						"home_schedule_villager"
					]
				}
			},
			"minecraft:035_gun": {
				"add": {
					"component_groups": [	
						"035_has_gun",
						"minecraft:melee_attack",
						"hit_box"
					]
				},
				"remove": {
					"component_groups": [
						"035_avoid",
						"sneaking",
						"reset_sneak"
					]
				}
			}
        }
    }
}
