{
    "format_version": "1.13.0",
    "minecraft:entity": {
        "description": {
            "identifier": "entity:doc_m",
            "is_spawnable": true,
            "is_summonable": true,
            "is_experimental": false
        },

        "component_groups": {
            "basic_schedule": {
                "minecraft:scheduler": {
                    "min_delay_secs": 0,
                    "max_delay_secs": 10,
                    "scheduled_events": [{
                            "filters": {
                                "all_of": [{
                                        "test": "hourly_clock_time",
                                        "operator": ">=",
                                        "value": 2000
                                    }, {
                                        "test": "hourly_clock_time",
                                        "operator": "<",
                                        "value": 13000
                                    }
                                ]
                            },
                            "event": "minecraft:schedule_wander_villager"
                        }, {
                            "filters": {
                                "all_of": [{
                                        "test": "hourly_clock_time",
                                        "operator": ">=",
                                        "value": 13000
                                    }, {
                                        "test": "hourly_clock_time",
                                        "operator": "<",
                                        "value": 14000
                                    }
                                ]
                            },
                            "event": "minecraft:schedule_home_villager"
                        }, {
                            "filters": {
                                "all_of": [{
                                        "test": "hourly_clock_time",
                                        "operator": ">=",
                                        "value": 11000
                                    }, {
                                        "test": "hourly_clock_time",
                                        "operator": "<",
                                        "value": 12000
                                    }
                                ]
                            },
                            "event": "minecraft:schedule_bed_villager"
                        }, {
                            "filters": {
                                "all_of": [{
                                        "test": "hourly_clock_time",
                                        "operator": ">=",
                                        "value": 12000
                                    }, {
                                        "test": "hourly_clock_time",
                                        "operator": "<",
                                        "value": 24000
                                    }
                                ]
                            },
                            "event": "minecraft:schedule_bed_villager"
                        }
                    ]
                }
            },
            "job_specific_goals": {
                "minecraft:behavior.sleep": {}
            },

            "home_schedule_villager": {},

            "bed_schedule_villager": {
                "minecraft:behavior.sleep": {
                    "priority": 3,
                    "goal_radius": 1.5,
                    "speed_multiplier": 0.6,
                    "sleep_collider_height": 0.3,
                    "sleep_collider_width": 1.0,
                    "sleep_y_ofdset": 0.6,
                    "timeout_cooldown": 10.0
                }
            },

            "wander_schedule_villager": {
                "minecraft:behavior.explore_outskirts": {
                    "priority": 9,
                    "explore_dist": 6.0,
                    "wait_time": 200,
                    "speed_multiplier": 0.6
                }
            },
			"die1": {
                "minecraft:transformation": {
                    "into": "entity:doc_m_d<die1>"
                }
            },
            "minecraft:can_have_equipment": {
                "minecraft:equipment": {
                    "table": ""
                }
            },
            "doc1": {
                "minecraft:variant": {
                    "value": 0
                },
                "minecraft:damage_sensor": {
                    "triggers": [{
                            "on_damage": {
                                "filters": {
                                    "test": "is_family",
                                    "subject": "other",
                                    "value": "mtf"
                                }
                            },
                            "deals_damage": false
                        }, {
                            "on_damage": {
                                "filters": {
                                    "all_of": [{
                                            "test": "has_damage",
                                            "value": "fatal"
                                        }
                                    ]
                                },
                                "event": "die1"
                            }
                        }
                    ]
                },
                "minecraft:economy_trade_table": {
                    "display_name": "Yuriana",
                    "table": "trading/doc_m1.json",
                    "new_screen": true,
                    "persist_trades": true
                }
            },
			"minecraft:ranged_attack": {
                "minecraft:behavior.ranged_attack": {
                    "priority": 0,
                    "attack_interval_min": 1,
                    "attack_interval_max": 1,
                    "burst_shots": 50,
                    "burst_interval": 0.2,
                    "speed_multiplier": 0.8,
                    "attack_radius": 32
                },
                "minecraft:shooter": {
                    "type": "smallfireball",
                    "def": "bullet:p90"
                },
                "minecraft:spell_effects": {
                    "add_effects": [{
                            "effect": "regeneration",
                            "amplifier": 5,
                            "visible": false,
                            "duration": 5
                        }
                    ]
                }
            },
            "minecraft:melee_attack": {
                "minecraft:behavior.melee_attack": {
                    "priority": -1,
                    "speed_multiplier": 0.6,
                    "reach_multiplier": 2,
                    "track_target": false
                },
                "minecraft:spell_effects": {
                    "add_effects": [{
                            "effect": "regeneration",
                            "amplifier": 5,
                            "visible": false,
                            "duration": 5
                        }
                    ]
                }
            },
            "get_scared": {
				"minecraft:entity_sensor": {
                    "sensor_range": 0.1,
                    "event_filters": [{
                            "test": "is_family",
                            "subject": "other",
                            "value": "dg"
                        }
                    ],
                    "maximum_count": -1,
                    "minimum_count": 1,
                    "require_all": false,
                    "event": "minecraft:gun"
                },
                "minecraft:behavior.avoid_mob_type": {
                    "priority": 1,
                    "entity_types": [{
                            "filters": {
                                "any_of": [{
                                        "test": "is_family",
                                        "subject": "other",
                                        "value": "monster"
                                    }, {
                                        "test": "is_family",
                                        "subject": "other",
                                        "value": "chaos"
                                    }, {
                                        "test": "is_family",
                                        "subject": "other",
                                        "value": "scp049"
                                    }, {
                                        "test": "is_family",
                                        "subject": "other",
                                        "value": "dinosaur"
                                    }, {
                                        "test": "is_family",
                                        "subject": "other",
                                        "value": "scp096"
                                    }, {
                                        "test": "is_family",
                                        "subject": "other",
                                        "value": "scp023"
                                    }
                                ]
                            },
                            "walk_speed_multiplier": 1.1,
                            "sprint_speed_multiplier": 1.1
                        },
						{
                            "filters": {
                                "all_of": [{
                                        "test": "is_family",
                                        "subject": "other",
                                        "value": "bomb"
                                    }
                                ]
                            },
                            "max_dist": 20,
                            "walk_speed_multiplier": 1.15,
                            "sprint_speed_multiplier": 1.15
                        }
                    ],
                    "max_dist": 64
                },
                "minecraft:behavior.nearest_attackable_target": {
                    "priority": 0,
                    "within_radius": 2,
					"reselect_targets": true,
                    "entity_types": [{
                            "filters": {
                                "other_with_families": ["door_c", "butt_d", "lever_u"]
                            },
                            "max_dist": 2
                        },
						{
                            "filters": {
                                "all_of": [{
                                        "any_of": [{
                                                "test": "is_family",
                                                "subject": "other",
                                                "value": "dead"
                                            }
                                        ]
                                    }
                                ]
                            },
                            "max_dist": 50,
                            "must_see": true
                        }
                    ],
                    "within_radius": 2,
                    "must_see_forget_duration": 5.0,
                    "must_see": true
                },
                "minecraft:behavior.melee_attack": {
                    "priority": -1,
                    "speed_multiplier": 1,
                    "reach_multiplier": 1.5,
                    "track_target": false
                }
            },
            "use_gun": {
				"minecraft:is_sheared": {},
				"minecraft:target_nearby_sensor": {
                    "inside_range": 2.0,
                    "outside_range": 6.0,
                    "on_inside_range": {
                        "event": "minecraft:to_melee_attack",
                        "target": "self"
                    },
                    "on_outside_range": {
                        "event": "minecraft:to_ranged_attack",
                        "target": "self"
                    }
                },
                "minecraft:equipment": {
                    "table": "loot_tables/equipment/d_class_f_equipment.json"
                },
                "minecraft:behavior.nearest_attackable_target": {
                    "priority": 0,
                    "within_radius": 50,
                    "reselect_targets": true,
                    "entity_types": [{
                            "filters": {
                                "all_of": [{
                                        "any_of": [{
                                                "test": "is_family",
                                                "subject": "other",
                                                "value": "scp053"
                                            }, {
                                                "test": "is_family",
                                                "subject": "other",
                                                "value": "monster"
                                            }, {
                                                "test": "is_family",
                                                "subject": "other",
                                                "value": "chaos"
                                            }, {
                                                "test": "is_family",
                                                "subject": "other",
                                                "value": "d_class"
                                            }
                                        ]
                                    }
                                ]
                            },
                            "max_dist": 50
                        }, {
                            "filters": {
                                "all_of": [{
                                        "any_of": [{
                                                "test": "is_family",
                                                "subject": "other",
                                                "value": "door_c"
                                            }, {
                                                "test": "is_family",
                                                "subject": "other",
                                                "value": "butt_d"
                                            }, {
                                                "test": "is_family",
                                                "subject": "other",
                                                "value": "lever_u"
                                            }
                                        ]
                                    }
                                ]
                            },
                            "max_dist": 2,
                            "must_see": true
                        }, {
                        "filters": {
                            "all_of": [{
                                    "test": "has_tag",
                                    "subject": "other",
                                    "value": "chaos"
                                }
                            ]
                        },
                        "max_dist": 64
                    }
                    ],
                    "must_see": true,
                    "must_see_forget_duration": 10
                },
				"minecraft:behavior.avoid_mob_type": {
                    "priority": 0,
                    "entity_types": [{
                            "filters": {
                                "any_of": [{
                                        "test": "is_family",
                                        "subject": "other",
                                        "value": "monster"
                                    }, {
                                        "test": "is_family",
                                        "subject": "other",
                                        "value": "scp049"
                                    }, {
                                        "test": "is_family",
                                        "subject": "other",
                                        "value": "scp096"
                                    }
                                ]
                            },
                            "max_dist": 10,
                            "walk_speed_multiplier": 1.1,
                            "sprint_speed_multiplier": 1.1
                        },
						{
                            "filters": {
                                "any_of": [{
                                        "test": "is_family",
                                        "subject": "other",
                                        "value": "scp096"
                                    }, {
                                        "test": "is_family",
                                        "subject": "other",
                                        "value": "scp939"
                                    }
                                ]
                            },
                            "max_dist": 64,
                            "walk_speed_multiplier": 1.1,
                            "sprint_speed_multiplier": 1.1
                        },
						{
                            "filters": {
                                "all_of": [{
                                        "test": "is_family",
                                        "subject": "other",
                                        "value": "bomb"
                                    }
                                ]
                            },
                            "max_dist": 20,
                            "walk_speed_multiplier": 1.15,
                            "sprint_speed_multiplier": 1.15
                        }
                    ],
                    "max_dist": 10
                }
            },
			"035_has_gun": {
                "minecraft:equipment": {
                    "table": "loot_tables/equipment/d_class_f_equipment.json"
                },
				"minecraft:is_sheared": {},
                "minecraft:target_nearby_sensor": {
                    "inside_range": 2.0,
                    "outside_range": 6.0,
                    "on_inside_range": {
                        "event": "minecraft:to_melee_attack",
                        "target": "self"
                    },
                    "on_outside_range": {
                        "event": "minecraft:to_ranged_attack",
                        "target": "self"
                    }
                },
				"minecraft:behavior.summon_entity": {
					"priority": -1,
					"summon_choices": [{
							"min_activation_range": 0.0,
							"max_activation_range": 20.0,
							"cooldown_time": 60,
							"weight": 3,
							"cast_duration": 3.0,
							"particle_color": "#FF664D59",
							"start_sound_event": "cast.spell",
							"sequence": [{
									"shape": "circle",
									"target": "self",
									"base_delay": 2.0,
									"delay_per_summon": 0.0,
									"num_entities_spawned": 6,
									"entity_type": "entity:scp035_ten",
									"size": 30,
									"entity_lifespan": 30,
									"sound_event": "prepare.attack"
								}
							]
						}
					]
				},
                "minecraft:behavior.nearest_attackable_target": {
                    "priority": 1,
                    "within_radius": 50,
                    "reselect_targets": true,
                    "entity_types": [{
                            "filters": {
                                "all_of": [{
                                        "any_of": [{
                                                "test": "is_family",
                                                "subject": "other",
                                                "value": "door_c"
                                            }, {
                                                "test": "is_family",
                                                "subject": "other",
                                                "value": "butt_d"
                                            }, {
                                                "test": "is_family",
                                                "subject": "other",
                                                "value": "lever_u"
                                            }
                                        ]
                                    }
                                ]
                            },
                            "max_dist": 2
                        }, {
                            "filters": {
                                "all_of": [{
                                        "any_of": [{
                                                "test": "is_family",
                                                "subject": "other",
                                                "value": "player"
                                            }, {
                                                "test": "is_family",
                                                "subject": "other",
                                                "value": "human"
                                            }
                                        ]
                                    }
                                ]
                            },
                            "max_dist": 50
                        }
                    ],
                    "must_see": true,
                    "must_see_forget_duration": 10
                },
				"minecraft:behavior.avoid_mob_type": {
                    "priority": 0,
                    "entity_types": [{
                            "filters": {
                                "all_of": [{
                                        "test": "is_family",
                                        "subject": "other",
                                        "value": "bomb"
                                    }
                                ]
                            },
                            "max_dist": 20,
                            "walk_speed_multiplier": 1.1,
                            "sprint_speed_multiplier": 1.1
                        },
						{
                            "filters": {
                                "all_of": [{
                                        "test": "is_family",
                                        "subject": "other",
                                        "value": "scp096"
                                    }, {
                                        "test": "is_family",
                                        "subject": "other",
                                        "value": "scp682"
                                    }
                                ]
                            },
                            "max_dist": 20,
                            "walk_speed_multiplier": 1.1,
                            "sprint_speed_multiplier": 1.1
                        }
                    ],
                    "max_dist": 10
                }
            },
			"035_avoid": {
                "minecraft:entity_sensor": {
                    "sensor_range": 1.0,
                    "event_filters": [{
                            "test": "is_family",
                            "subject": "other",
                            "value": "dg"
                        }
                    ],
                    "maximum_count": -1,
                    "minimum_count": 1,
                    "require_all": false,
                    "event": "minecraft:035_gun"
                },
				"minecraft:spawn_entity": [{
						"min_wait_time": 10,
						"max_wait_time": 20,
						"spawn_entity": "entity:scp035_ten",
						"single_use": true,
						"num_to_spawn": 6
					}
				],
                "minecraft:behavior.melee_attack": {
                    "priority": 1,
                    "speed_multiplier": 0.8,
                    "reach_multiplier": 1.5,
                    "track_target": false
                },
                "minecraft:behavior.avoid_mob_type": {
                    "priority": 2,
                    "entity_types": [{
                            "filters": {
                                "any_of": [{
                                        "test": "is_family",
                                        "subject": "other",
                                        "value": "scp096"
                                    },
									{
                                        "test": "is_family",
                                        "subject": "other",
                                        "value": "scp682"
                                    }
                                ]
                            },
                            "max_dist": 64,
                            "walk_speed_multiplier": 1.1,
                            "sprint_speed_multiplier": 1.1,
							"must_see": false,
							"must_see_forget_duration": 20
                        },
						{
                            "filters": {
                                "all_of": [{
                                        "test": "is_family",
                                        "subject": "other",
                                        "value": "bomb"
                                    }
                                ]
                            },
                            "max_dist": 20,
                            "walk_speed_multiplier": 1.1,
                            "sprint_speed_multiplier": 1.1
                        }
                    ],
                    "max_dist": 64,
					"max_flee": 64
                },
				"minecraft:behavior.summon_entity": {
					"priority": -1,
					"summon_choices": [{
							"min_activation_range": 0.0,
							"max_activation_range": 20.0,
							"cooldown_time": 60,
							"weight": 3,
							"cast_duration": 3.0,
							"particle_color": "#FF664D59",
							"start_sound_event": "cast.spell",
							"sequence": [{
									"shape": "circle",
									"target": "self",
									"base_delay": 2.0,
									"delay_per_summon": 0.0,
									"num_entities_spawned": 6,
									"entity_type": "entity:scp035_ten",
									"size": 30,
									"entity_lifespan": 30,
									"sound_event": "prepare.attack"
								}
							]
						}
					]
				},
                "minecraft:behavior.nearest_attackable_target": {
                    "priority": 0,
                    "within_radius": 16,
                    "reselect_targets": true,
                    "entity_types": [{
                            "filters": {
                                "all_of": [{
                                        "any_of": [{
                                                "test": "is_family",
                                                "subject": "other",
                                                "value": "door_c"
                                            }, {
                                                "test": "is_family",
                                                "subject": "other",
                                                "value": "butt_d"
                                            }, {
                                                "test": "is_family",
                                                "subject": "other",
                                                "value": "lever_u"
                                            }
                                        ]
                                    }
                                ]
                            },
                            "max_dist": 2,
                            "must_see": true
                        }
                    ],
                    "within_radius": 16,
                    "must_see": true,
                    "must_see_forget_duration": 10
                }
            },
			"035_control": {
				 "minecraft:type_family": {
                    "family": ["scp035", "monster"]
                },
				"minecraft:damage_over_time": {
					"damage_per_hurt": 1,
					"time_between_hurt": 10
				},
				"minecraft:behavior.hurt_by_target": {
					"priority": 1
				},
				"minecraft:health": {
					"value": 200,
					"max": 200
				}
			},
			"normal": {
				"minecraft:type_family": {
					"family": ["doc_m", "player", "fe", "mtf", "male", "human"]
				},
				"minecraft:behavior.send_event": {
					"priority": -2,
					"event_choices": [{
							"min_activation_range": 0.0,
							"max_activation_range": 2.0,
							"cooldown_time": 60.0,
							"cast_duration": 10,
							"particle_color": "#FFB38033",
							"weight": 3,
							"filters": {
								"all_of": [{
										"test": "is_family",
										"subject": "other",
										"value": "dead"
									}
								]
							},
							"start_sound_event": "cast.spell",
							"sequence": [{
									"base_delay": 10,
									"event": "revived",
									"sound_event": "prepare.wololo"
								}
							]
						}
					]
				}
			}
        },
        "components": {
            "minecraft:breathable": {
                "total_supply": 15,
                "suffocate_time": 0
            },
            "minecraft:health": {
                "value": 20,
                "max": 20
            },
            "minecraft:movement": {
                "value": 0.35
            },
            "minecraft:hide": {},
            "minecraft:collision_box": {
                "width": 0.6,
                "height": 1.8
            },
            "minecraft:nameable": {},
            "minecraft:navigation.walk": {
                "can_path_over_water": true,
                "can_pass_doors": true,
                "can_open_doors": true,
                "avoid_water": true
            },
            "minecraft:follow_range": {
                "value": 64
            },
            "minecraft:annotation.open_door": {},
            "minecraft:movement.basic": {},
            "minecraft:jump.static": {},
            "minecraft:can_climb": {},
            "minecraft:dweller": {
                "dwelling_type": "village",
                "dweller_role": "inhabitant",
                "update_interval_base": 60,
                "update_interval_variant": 40,
                "can_find_poi": true,
                "can_migrate": true,
                "first_founding_reward": 5
            },
			"minecraft:rideable": {
				"seat_count": 1,
				"family_types": [
					"035_mob"
				],
				"pull_in_entities": true,
					"seats": [
					{
						"position": [ 0, 1.35, 0 ],
						"rotate_rider_by": 1,
						"lock_rider_rotation": -360
					}
				]
			},
            "minecraft:persistent": {},
            "minecraft:behavior.float": {
                "priority": 0
            },
            "minecraft:behavior.hide": {
                "priority": 0,
                "speed_multiplier": 0.35,
                "poi_type": "bed",
                "duration": 30.0
            },
            "minecraft:attack": {
                "damage": 10
            },
            "minecraft:behavior.move_indoors": {
                "priority": 6,
                "speed_multiplier": 0.25,
                "timeout_cooldown": 8.0
            },
            "minecraft:equipment": {
                "table": "loot_tables/equipment/doc_m_equipment.json"
            },
            "minecraft:behavior.look_at_player": {
                "priority": 8,
                "look_distance": 6,
                "probability": 0.02
            },
            "minecraft:behavior.move_towards_restriction": {
                "priority": 3,
                "speed_multiplier": 0.6
            },
            "minecraft:behavior.random_stroll": {
                "priority": 4,
                "speed_multiplier": 0.6
            },
            "minecraft:physics": {},
            "minecraft:pushable": {
                "is_pushable": true,
                "is_pushable_by_piston": true
            }
        },
        "events": {
            "minecraft:entity_spawned": {
                "randomize": [{
                        "weight": 1,
                        "add": {
                            "component_groups": ["doc1", "minecraft:doc_m", "basic_schedule", "get_scared", "normal"]
                        }
                    }
                ]
            },
            "randomize": [{
                    "weight": 380,
                    "remove": {},
                    "add": {
                        "component_groups": [
                            "minecraft:doc_m",
                            "minecraft:can_have_equipment"
                        ]
                    }
                }
            ],
            "minecraft:schedule_wander_villager": {
                "remove": {
                    "component_groups": ["home_schedule_villager", "bed_schedule_villager", "wander_schedule_villager", "job_specific_goals"]
                },
                "add": {
                    "component_groups": ["wander_schedule_villager"]
                }
            },
            "minecraft:schedule_home_villager": {
                "remove": {
                    "component_groups": ["bed_schedule_villager", "wander_schedule_villager", "job_specific_goals"]
                },
                "add": {
                    "component_groups": ["home_schedule_villager"]
                }
            },

            "minecraft:schedule_bed_villager": {
                "remove": {
                    "component_groups": ["home_schedule_villager", "wander_schedule_villager", "job_specific_goals"]
                },
                "add": {
                    "component_groups": ["bed_schedule_villager"]
                }
            },
			"die1": {
                "add": {
                    "component_groups": ["die1"]
                }
            },
            "minecraft:gun": {
                "add": {
                    "component_groups": ["use_gun", "minecraft:melee_attack"]
                },
                "remove": {
                    "component_groups": ["get_scared"]
                }
            },
			"minecraft:to_melee_attack": {
                "remove": {
                    "component_groups": [
                        "minecraft:ranged_attack"
                    ]
                },
                "add": {
                    "component_groups": [
                        "minecraft:melee_attack"

                    ]
                }
            },
            "minecraft:to_ranged_attack": {
                "remove": {
                    "component_groups": [
                        "minecraft:melee_attack"
                    ]
                },
                "add": {
                    "component_groups": [
                        "minecraft:ranged_attack"
                    ]
                }
            },
			"minecraft:entity_transformed": {
                "randomize": [{
                        "weight": 1,
                        "add": {
                            "component_groups": ["doc1", "minecraft:doc_m", "basic_schedule", "get_scared"]
                        }
                    }
                ]
            },
            "randomize": [{
                    "weight": 380,
                    "remove": {},
                    "add": {
                        "component_groups": [
                            "minecraft:doc_m",
                            "minecraft:can_have_equipment"
                        ]
                    }
                }
            ],
			"minecraft:035_control": {
				"add": {
					"component_groups": [
						"035_control",
						"035_avoid"
					]
				},
				"remove": {
					"component_groups": [
						"get_scared",
						"use_gun",
						"normal",
						"basic_schedule",
						"bed_schedule_villager",
						"wander_schedule_villager",
						"job_specific_goals",
						"home_schedule_villager"
					]
				}
			},
			"minecraft:035_gun": {
				"add": {
					"component_groups": [	
						"035_has_gun",
						"minecraft:melee_attack",
						"hit_box"
					]
				},
				"remove": {
					"component_groups": [
						"035_avoid",
						"sneaking",
						"reset_sneak"
					]
				}
			}
        }
    }
}