{
  "format_version": "1.10.0",
  "minecraft:entity": {
    "description": {
      "identifier": "entity:scp1048",
      "is_spawnable": true,
      "is_summonable": true,
      "is_experimental": false
    },
    "component_groups": {
    },
    "components": {
    	"minecraft:behavior.summon_entity": {
        "priority": -1,

        "summon_choices": [
          {
            "min_activation_range": 0.0,
            "max_activation_range": 1.0,
            "cooldown_time": 1000,
            "weight": 3,
            "cast_duration": 30.0,
            "particle_color": "#FF664D59",
            "start_sound_event": "cast.spell",
            "sequence": [
              {
                "shape": "circle",
                "target": "self",
                "base_delay": 10.0,
                "delay_per_summon": 0.0,
                "num_entities_spawned": 1,
                "entity_type": "entity:scp1048a",
                "size": 10,
                "entity_lifespan": 600,
                "sound_event": "prepare.attack"
              },
              {
                "shape": "circle",
                "target": "self",
                "base_delay": 5,
                "delay_per_summon": 0.0,
                "num_entities_spawned": 1,
                "entity_type": "entity:scp1048b",
                "size": 10,
                "entity_lifespan": 600
              },
			  {
                "shape": "circle",
                "target": "self",
                "base_delay": 5,
                "delay_per_summon": 0.0,
                "num_entities_spawned": 1,
                "entity_type": "entity:scp1048c",
                "size": 10,
                "entity_lifespan": 600
              }
            ]
          }
        ]
      },
      "minecraft:nameable": {
      },

      // scp1048 Components
      "minecraft:type_family": {
        "family": [ "scp1048" ]
      },
      "minecraft:behavior.open_door": {
        "priority": 5,
        "close_door_after": true
      },
	  "minecraft:behavior.melee_attack": {
            "priority": 2,
            "speed_multiplier": 0.35,
            "reach_multiplier": 1.5,
            "track_target": false
      },
	  "minecraft:behavior.send_event": {
        "priority": 0,
        "event_choices": [
		  {
            "min_activation_range": 0.0,
            "max_activation_range": 1.0,
            "cooldown_time": 5.0,
            "cast_duration": 0.1,
            "particle_color": "#FFB38033",
            "weight": 3,
            "filters": { 
                "all_of": [
                  { "test" :  "is_family", "subject" : "other", "value" :  "door_c"}
                ] 
            },
            "start_sound_event": "cast.spell",
            "sequence": [
              {
                "base_delay": 0.1,
                "event": "minecraft:event_open",
                "sound_event": "prepare.wololo"
              }
            ]
          },
		  {
            "min_activation_range": 0.0,
            "max_activation_range": 2.0,
            "cooldown_time": 5.0,
            "cast_duration": 0.1,
            "particle_color": "#FFB38033",
            "weight": 3,
            "filters": { 
                "all_of": [
                  { "test" :  "is_family", "subject" : "other", "value" :  "butt_d"}
                ] 
            },
            "start_sound_event": "cast.spell",
            "sequence": [
              {
                "base_delay": 0.1,
                "event": "minecraft:event_up",
                "sound_event": "prepare.wololo"
              }
            ]
          }
        ]
      },
	  "minecraft:pushable": {
          "is_pushable": true,
          "is_pushable_by_piston": true
        },
      "minecraft:collision_box": {
        "width": 0.5,
        "height": 0.8
      },
	  "minecraft:behavior.nearest_attackable_target": {
            "priority": 0,
            "within_radius": 1.3,
            "entity_types": [
				{
                    "filters": {
                        "any_of": [{
                                        "test": "is_family",
                                        "subject": "other",
                                        "value": "dead"
                                    }
                                ]
                    },
                    "max_dist": 100
                }
            ],
            "within_radius": 100,
            "must_see_forget_duration": 2.0,
            "must_see": false
      },
      "minecraft:movement.basic": {
      },
      "minecraft:navigation.walk": {
        "is_amphibious": true,
        "can_pass_doors": true,
        "can_open_doors": true,
        "can_walk": true
      },
      "minecraft:annotation.open_door": {
      },
      "minecraft:jump.static": {
      },
      "minecraft:can_climb": {
      },
      "minecraft:attack": {
        "damage": 5
      },
      "minecraft:follow_range": {
        "value": 100,
        "max": 100
      },
      "minecraft:behavior.float": {
        "priority": 0
      },
      
      "minecraft:health": {
        "value": 200,
        "max": 200
      },
      "minecraft:breathable": {
        "totalSupply": 15,
        "suffocateTime": 0,
        "breathesAir": true,
        "breathesWater": true
      },
      "minecraft:loot": {
        "table": "loot_tables/entities/scp1048.json"
      },

      // scp1048 Behaviors
      "minecraft:behavior.move_towards_restriction": {
        "priority": 5,
        "speed_multiplier": 0.5
      },
      "minecraft:behavior.random_stroll": {
        "priority": 6,
        "speed_multiplier": 0.5
      },
      "minecraft:behavior.look_at_player": {
        "priority": 7,
        "look_distance": 6,
        "probability": 0.02
      },
      "minecraft:behavior.random_look_around": {
        "priority": 7
      },
      "minecraft:behavior.hurt_by_target": {
        "priority": 1
      },
      "minecraft:physics": {
      }
    },

    "events": {
      "minecraft:entity_spawned": {
        "randomize": [
          {
            "weight": 380,
            "remove": {},
            "add": {
              "component_groups": [
                "minecraft:scp1048_adult",
                "minecraft:can_have_equipment"
              ]
            }
          },
          {
            "weight": 17,
            "remove": {
            },
            "add": {
              "component_groups": [
                "minecraft:scp1048_baby",
                "minecraft:can_have_equipment"
              ]

            }
          },
          {
            "weight": 3,
            "remove": {
            },
            "add": {
              "component_groups": [
                "minecraft:scp1048_baby",
                "minecraft:scp1048_jockey",
                "minecraft:can_have_equipment"
              ]
            }
          }
        ]
      },
      "minecraft:as_adult": {
        "add": {
          "component_groups": [
            "minecraft:scp1048_adult"
          ]
        }
      },
      "minecraft:as_baby": {
        "add": {
          "component_groups": [
            "minecraft:scp1048_baby"
          ]
        }
      }
    }
  }
}
