{
  "format_version": "1.10.0",
  "minecraft:entity": {
    "description": {
      "identifier": "entity:scp745",
      "is_spawnable": true,
      "is_summonable": true,
      "is_experimental": false
    },
    "component_groups": {
    },
    "components": {
      "minecraft:nameable": {
      },

      "minecraft:type_family": {
        "family": [ "scp745", "scp", "monster"]
      },
      "minecraft:collision_box": {
        "width": 0.3,
        "height": 0.4
      },
      "minecraft:movement.basic": {
      },
	  "minecraft:follow_range": {
                "value": 64
            },
      "minecraft:navigation.walk": {
        "is_amphibious": true,
        "can_pass_doors": true,
        "can_break_doors": true,
        "can_walk": true
      },
	  "minecraft:scale": {
		"value": 3.0
	  },
      "minecraft:annotation.break_door": {
      },
      "minecraft:jump.static": {
      },
      "minecraft:can_climb": {
      },
      "minecraft:attack": {
        "damage": 10
      },
      "minecraft:behavior.float": {
        "priority": 0
      },
      
      "minecraft:health": {
        "value": 300,
        "max": 745
      },
      "minecraft:behavior.delayed_attack": {
                "priority": 1,
                "reach_multiplier": 1.5,
                "attack_duration": 0,
                "hit_delay_pct": 0.1,
                "speed_multiplier": 0.8,
                "track_target": true,
                "sound_event": "attack"
            },
      "minecraft:breathable": {
        "totalSupply": 15,
        "suffocateTime": 0,
        "breathesAir": true,
        "breathesWater": true
      },
	  
      "minecraft:loot": {
        "table": "loot_tables/entities/scp745.json"
      },
	  "minecraft:pushable": {
                "is_pushable": true,
                "is_pushable_by_piston": true
            },
      "minecraft:behavior.move_towards_restriction": {
        "priority": 5,
        "speed_multiplier": 0.5
      },
      "minecraft:behavior.random_stroll": {
        "priority": 6,
        "speed_multiplier": 0.5
      },
      "minecraft:behavior.look_at_player": {
        "priority": 7,
        "look_distance": 6,
        "probability": 0.02
      },
      "minecraft:behavior.random_look_around": {
        "priority": 7
      },
      "minecraft:behavior.hurt_by_target": {
        "priority": 1
      },
      "minecraft:behavior.nearest_attackable_target": {
        "priority": 2,
        "within_radius": 64,
        "reselect_targets": true,
        "entity_types": [
          {
            "filters": {
              "any_of": [
                { "test": "is_family", "subject": "other", "value": "player" },
				{ "test": "is_family", "subject": "other", "value": "scp105" }
              ]
            },
            "max_dist": 64
          }
        ],
        "must_see": true,
		"must_see_forget_duration": 30
      },
      "minecraft:physics": {
      }
    },

    "events": {
    }
  }
}
