{
	"format_version": "1.12.0",
	"minecraft:geometry": [
		{
			"description": {
				"identifier": "geometry.gasterblaster",
				"texture_width": 64,
				"texture_height": 64,
				"visible_bounds_width": 3,
				"visible_bounds_height": 2.5,
				"visible_bounds_offset": [0, 0.75, 0]
			},
			"bones": [
				{
					"name": "head",
					"pivot": [0, 0, 0]
				},
				{
					"name": "jaw",
					"parent": "head",
					"pivot": [0, 7, 8],
					"cubes": [
						{"origin": [1.8965, 5.05019, 6.726], "size": [1, 4, 1], "pivot": [2.8965, 5.05019, 2.726], "rotation": [-20, 0, 0], "uv": [16, 20]},
						{"origin": [-3.1035, 5.05019, 6.726], "size": [1, 4, 1], "pivot": [3.10354, 5.05019, 2.726], "rotation": [-20, 0, 0], "uv": [11, 3]},
						{"origin": [1.8965, 1.32845, 3.0159], "size": [1, 1, 3], "pivot": [2.8965, 6.32845, 1.0159], "rotation": [20, 0, 0], "uv": [0, 30]},
						{"origin": [-3.1035, 1.32845, 3.0159], "size": [1, 1, 3], "pivot": [3.8965, 6.32845, 1.0159], "rotation": [20, 0, 0], "uv": [29, 22]},
						{"origin": [1.8965, 2.22203, -4.61081], "size": [1, 1, 9], "pivot": [2.8965, 7.22203, 2.38919], "rotation": [2.5, 0, 0], "uv": [0, 10]},
						{"origin": [-2.1035, 2.22203, -5.61081], "size": [4, 1, 1], "pivot": [5.8965, 7.22203, 2.38919], "rotation": [2.5, 0, 0], "uv": [27, 16]},
						{"origin": [-1.1035, 2.22203, -6.61081], "size": [2, 2, 1], "pivot": [5.8965, 7.22203, 2.38919], "rotation": [2.5, 0, 0], "uv": [11, 14]},
						{"origin": [-3.1035, 2.22203, -4.61081], "size": [1, 1, 9], "pivot": [5.8965, 7.22203, 2.38919], "rotation": [2.5, 0, 0], "uv": [0, 0]},
						{"origin": [-3.1535, 1.13878, -3.21374], "size": [0.5, 0.5, 0.7], "inflate": -0.05, "pivot": [-2.6535, 6.13878, 4.78626], "rotation": [-22.5, 0, 0], "uv": [0, 0]},
						{"origin": [-3.1535, 0.86391, -0.72658], "size": [0.5, 0.5, 0.7], "inflate": -0.05, "pivot": [-2.6535, 5.86391, 5.27342], "rotation": [-22.5, 0, 0], "uv": [0, 0]},
						{"origin": [2.4465, 1.05871, 0.15208], "size": [0.5, 0.5, 0.7], "inflate": -0.05, "pivot": [-6.0535, 6.05871, 6.15208], "rotation": [-22.5, 0, 0], "uv": [0, 0]},
						{"origin": [2.4465, 1.52863, 2.2263], "size": [0.5, 0.5, 0.7], "inflate": -0.05, "pivot": [-6.0535, 6.52863, 7.2263], "rotation": [-22.5, 0, 0], "uv": [0, 0]},
						{"origin": [-3.1535, 1.02727, 0.88883], "size": [0.5, 0.5, 0.7], "inflate": -0.05, "pivot": [-2.6535, 5.02727, 6.88883], "rotation": [-22.5, 0, 0], "uv": [0, 0]},
						{"origin": [-3.1535, 1.35609, -2.2953], "size": [0.5, 0.7, 0.5], "inflate": -0.05, "pivot": [-1.6535, 8.35609, 5.7047], "rotation": [-22.5, 0, 0], "uv": [0, 0]},
						{"origin": [-3.1535, 0.69854, 0.11574], "size": [0.5, 0.7, 0.5], "inflate": -0.05, "pivot": [-1.6535, 7.69854, 7.11574], "rotation": [-22.5, 0, 0], "uv": [0, 0]},
						{"origin": [2.4465, 0.89334, 0.9944], "size": [0.5, 0.7, 0.5], "inflate": -0.05, "pivot": [-1.0535, 7.89334, 7.9944], "rotation": [-22.5, 0, 0], "uv": [0, 0]},
						{"origin": [2.4465, 1.36326, 3.06862], "size": [0.5, 0.7, 0.5], "inflate": -0.05, "pivot": [-1.0535, 8.36326, 9.06862], "rotation": [-22.5, 0, 0], "uv": [0, 0]},
						{"origin": [-3.1535, 0.8619, 1.73115], "size": [0.5, 0.7, 0.5], "inflate": -0.05, "pivot": [-1.6535, 6.8619, 8.73115], "rotation": [-22.5, 0, 0], "uv": [0, 0]},
						{"origin": [-3.1535, 3.47482, -5.69587], "size": [0.5, 2, 1], "inflate": -0.05, "pivot": [-1.6535, 8.47482, 2.30413], "rotation": [12.5, 0, 0], "uv": [0, 2]},
						{"origin": [-3.1535, 2.978, -3.52999], "size": [0.5, 1, 1], "inflate": -0.05, "pivot": [-1.6535, 7.978, 2.47001], "rotation": [12.5, 0, 0], "uv": [7, 15]},
						{"origin": [2.4465, 3.1728, -2.65132], "size": [0.5, 1, 1], "inflate": -0.05, "pivot": [-3.0535, 8.1728, 3.34868], "rotation": [12.5, 0, 0], "uv": [6, 10]},
						{"origin": [2.4465, 2.82715, -0.60581], "size": [0.5, 1, 1], "inflate": -0.05, "pivot": [-3.0535, 7.82715, 3.39419], "rotation": [12.5, 0, 0], "uv": [6, 9]},
						{"origin": [-3.1535, 2.63236, -1.48448], "size": [0.5, 1, 1], "inflate": -0.05, "pivot": [-1.6535, 7.63236, 2.51552], "rotation": [12.5, 0, 0], "uv": [14, 2]},
						{"origin": [-3.1535, 0.38341, -3.94084], "size": [0.5, 1, 0.9], "inflate": -0.05, "pivot": [-1.6535, 4.38341, 4.05916], "rotation": [-22.5, 0, 0], "uv": [0, 0]},
						{"origin": [-3.1535, -0.27414, -1.5298], "size": [0.5, 1, 0.9], "inflate": -0.05, "pivot": [-1.6535, 3.72586, 5.4702], "rotation": [-22.5, 0, 0], "uv": [0, 0]},
						{"origin": [2.4465, -0.07935, -0.65114], "size": [0.5, 1, 0.9], "inflate": -0.05, "pivot": [-1.0535, 3.92065, 6.34886], "rotation": [-22.5, 0, 0], "uv": [0, 0]},
						{"origin": [2.4465, 1.92131, 1.72756], "size": [0.5, 1, 0.9], "inflate": -0.05, "pivot": [-1.0535, 5.92131, 3.72756], "rotation": [-22.5, 0, 0], "uv": [0, 0]},
						{"origin": [-3.1535, 0.19578, 0.54441], "size": [0.5, 1, 0.9], "inflate": -0.05, "pivot": [-1.6535, 4.19578, 6.54441], "rotation": [-22.5, 0, 0], "uv": [0, 0]},
						{"origin": [2.4465, 1.35609, -2.2953], "size": [0.5, 0.7, 0.5], "inflate": -0.05, "pivot": [-3.0535, 8.35609, 5.7047], "rotation": [-22.5, 0, 0], "uv": [0, 0]},
						{"origin": [2.4465, 1.13878, -3.21374], "size": [0.5, 0.5, 0.7], "inflate": -0.05, "pivot": [-3.0535, 6.13878, 4.78626], "rotation": [-22.5, 0, 0], "uv": [0, 0]},
						{"origin": [2.4465, 0.38341, -3.94084], "size": [0.5, 1, 0.9], "inflate": -0.05, "pivot": [-1.0535, 4.38341, 4.05916], "rotation": [-22.5, 0, 0], "uv": [0, 0]},
						{"origin": [2.4465, 3.47482, -5.69587], "size": [0.5, 2, 1], "inflate": -0.05, "pivot": [-2.0535, 8.47482, 2.30413], "rotation": [12.5, 0, 0], "uv": [0, 0]},
						{"origin": [-1.1535, 4.43403, -7.30471], "size": [0.5, 1.5, 0.8], "inflate": -0.05, "pivot": [1.8465, 7.43403, 0.69529], "rotation": [12.5, 0, 0], "uv": [0, 0]},
						{"origin": [0.4465, 4.43403, -7.30471], "size": [0.5, 1.5, 0.8], "inflate": -0.05, "pivot": [1.4465, 7.43403, 0.69529], "rotation": [12.5, 0, 0], "uv": [0, 0]},
						{"origin": [-1.1535, 0.41126, -5.87351], "size": [0.5, 0.7, 0.5], "inflate": -0.05, "pivot": [2.3465, 4.41126, 4.12649], "rotation": [-22.5, 0, 0], "uv": [0, 0]},
						{"origin": [0.4465, 0.41126, -5.87351], "size": [0.5, 0.7, 0.5], "inflate": -0.05, "pivot": [1.9465, 4.41126, 4.12649], "rotation": [-22.5, 0, 0], "uv": [0, 0]},
						{"origin": [-1.1535, -1.03023, -6.63762], "size": [0.5, 0.5, 0.7], "inflate": -0.05, "pivot": [-0.6535, 1.96977, 6.36238], "rotation": [-22.5, 0, 0], "uv": [0, 0]},
						{"origin": [0.4465, -1.03023, -6.63762], "size": [0.5, 0.5, 0.7], "inflate": -0.05, "pivot": [-0.0535, 1.96977, 6.36238], "rotation": [-22.5, 0, 0], "uv": [0, 0]}
					]
				},
				{
					"name": "bone",
					"parent": "head",
					"pivot": [0, 7, 8],
					"cubes": [
						{"origin": [-1, 4.92401, -7.11927], "size": [2, 1, 1], "inflate": -0.05, "pivot": [0, 4.92401, -0.11927], "rotation": [-12.5, 0, 0], "uv": [14, 35]},
						{"origin": [0, 3.12548, -8.08041], "size": [0, 3, 0.5], "inflate": -0.05, "pivot": [-2, 3.12548, -1.08041], "rotation": [-32.5, 0, 0], "uv": [0, 0]},
						{"origin": [-2, 5.73981, -6.7504], "size": [1, 1, 1], "inflate": -0.05, "pivot": [0, 4.73981, 0.2496], "rotation": [-12.5, 0, 0], "uv": [8, 35]},
						{"origin": [1, 5.95625, -6.7267], "size": [1, 1, 1], "inflate": -0.05, "pivot": [0, 4.95625, -0.7267], "rotation": [-12.5, 0, 0], "uv": [32, 26]},
						{"origin": [0.9, 5.97789, -5.82432], "size": [2, 1, 1], "inflate": -0.05, "pivot": [-0.1, 4.97789, -0.82432], "rotation": [-12.5, 0, 0], "uv": [26, 35]},
						{"origin": [-2.9, 5.97789, -5.82432], "size": [2, 1, 1], "inflate": -0.05, "pivot": [0.1, 4.97789, -0.82432], "rotation": [-12.5, 0, 0], "uv": [20, 35]},
						{"origin": [-1.5, 8.97477, -4.54417], "size": [3, 0.5, 1], "inflate": -0.05, "pivot": [1.00753, 9.81253, -4.49317], "rotation": [5, 0, 0], "uv": [0, 18]},
						{"origin": [-1.5, 7.96606, -3.64379], "size": [3, 1.5, 5], "inflate": -0.05, "pivot": [1.00753, 9.80381, -4.59279], "rotation": [5, 0, 0], "uv": [11, 3]},
						{"origin": [2.15354, 6.87275, -1.3932], "size": [1, 1, 2], "inflate": -0.05, "pivot": [-1.33893, 9.7105, -1.34219], "rotation": [5, 0, 0], "uv": [34, 21]},
						{"origin": [-3.15354, 6.87275, -1.3932], "size": [1, 1, 2], "inflate": -0.05, "pivot": [-1.64601, 9.7105, -1.34219], "rotation": [5, 0, 0], "uv": [34, 0]},
						{"origin": [1.5, 6.97477, -4.54417], "size": [1, 1.5, 7], "inflate": -0.05, "pivot": [1.00753, 9.81253, -4.49317], "rotation": [5, 0, 0], "uv": [11, 10]},
						{"origin": [-2.5, 6.97477, -4.54417], "size": [1, 1.5, 7], "inflate": -0.05, "pivot": [1.00753, 9.81253, -4.49317], "rotation": [5, 0, 0], "uv": [13, 18]},
						{"origin": [-1.5, 7.27228, 1.68549], "size": [3, 0.5, 3], "inflate": -0.05, "pivot": [2.00753, 8.11004, -2.26351], "rotation": [32.5, 0, 0], "uv": [0, 0]},
						{"origin": [1.4, 7.27228, 2.68549], "size": [3, 0.5, 2], "inflate": -0.05, "pivot": [1.90753, 8.11004, -2.26351], "rotation": [32.5, 0, 0], "uv": [9, 12]},
						{"origin": [-4.4, 7.27228, 2.68549], "size": [3, 0.5, 2], "inflate": -0.05, "pivot": [3.10753, 8.11004, -2.26351], "rotation": [32.5, 0, 0], "uv": [9, 10]},
						{"origin": [-4.5, 8.7146, 4.02165], "size": [9, 0.5, 3], "inflate": -0.05, "pivot": [2.00753, 9.55236, -1.92735], "rotation": [22.5, 0, 0], "uv": [32, 46]},
						{"origin": [-1.5, 11.21262, 6.36343], "size": [3, 1, 1], "inflate": -0.05, "pivot": [2.00753, 13.05038, -3.58556], "rotation": [2.5, 0, 0], "uv": [0, 16]},
						{"origin": [-2.5, 10.30816, 7.25917], "size": [5, 2, 3], "inflate": -0.05, "pivot": [2.00753, 13.14592, -3.68983], "rotation": [2.5, 0, 0], "uv": [0, 20]},
						{"origin": [0.9653, 7.30816, 5.42431], "size": [2, 3, 2], "inflate": -0.05, "pivot": [0.47283, 13.14592, -3.52468], "rotation": [2.5, 7.5, 0], "uv": [28, 1]},
						{"origin": [0.9653, 6.30816, 3.42431], "size": [2, 3, 2], "inflate": -0.05, "pivot": [0.47283, 13.14592, -3.52468], "rotation": [2.5, 7.5, 0], "uv": [10, 26]},
						{"origin": [0.9653, 7.30816, 7.42431], "size": [3, 5, 2], "inflate": -0.05, "pivot": [0.47283, 13.14592, -3.52468], "rotation": [2.5, 7.5, 0], "uv": [20, 9]},
						{"origin": [-4.05098, 7.30816, 8.73154], "size": [3, 5, 2], "inflate": -0.05, "pivot": [9.45656, 13.14592, -2.21745], "rotation": [2.5, -7.5, 0], "uv": [22, 18]},
						{"origin": [-3.05098, 7.30816, 6.73154], "size": [2, 4, 2], "inflate": -0.05, "pivot": [9.45656, 13.14592, -2.21745], "rotation": [2.5, -7.5, 0], "uv": [0, 10]},
						{"origin": [-3.05098, 6.30816, 4.73154], "size": [2, 4, 2], "inflate": -0.05, "pivot": [9.45656, 13.14592, -2.21745], "rotation": [2.5, -7.5, 0], "uv": [0, 3]},
						{"origin": [-3.05098, 8.30816, 1.73154], "size": [2, 2, 2], "inflate": -0.05, "pivot": [9.45656, 13.14592, -2.21745], "rotation": [2.5, 0, 0], "uv": [54, 51]},
						{"origin": [0.94902, 8.30816, 1.73154], "size": [2, 2, 2], "inflate": -0.05, "pivot": [9.45656, 13.14592, -2.21745], "rotation": [2.5, 0, 0], "uv": [49, 50]},
						{"origin": [2.94656, 9.30285, 9.28202], "size": [2, 3, 2], "inflate": -0.05, "pivot": [0.45409, 14.14061, -3.66698], "rotation": [2.5, 7.5, 0], "uv": [26, 26]},
						{"origin": [-5.00658, 9.30285, 10.19767], "size": [2, 3, 2], "inflate": -0.05, "pivot": [6.50095, 14.14061, -2.75133], "rotation": [2.5, -7.5, 0], "uv": [18, 26]},
						{"origin": [3.82013, 10.29753, 11.02225], "size": [2, 2, 2], "inflate": -0.05, "pivot": [1.32766, 15.13529, -3.92675], "rotation": [2.5, 7.5, 0], "uv": [24, 31]},
						{"origin": [-5.01218, 10.03582, 10.68963], "size": [2, 2, 2], "inflate": -0.05, "pivot": [-3.50465, 14.87358, -10.25937], "rotation": [2.5, -7.5, 0], "uv": [16, 31]},
						{"origin": [7.00223, 11.29317, 12.19697], "size": [1, 1, 2], "inflate": -0.05, "pivot": [5.50976, 15.13093, -4.75202], "rotation": [2.5, 0, 0], "uv": [32, 18]},
						{"origin": [-7.90223, 11.29317, 12.19697], "size": [1, 1, 2], "inflate": -0.05, "pivot": [-9.39469, 15.13093, -4.75202], "rotation": [2.5, 0, 0], "uv": [6, 25]},
						{"origin": [-1.5, 9.57386, 9.98188], "size": [3, 1, 2], "inflate": -0.05, "pivot": [4.00753, 11.41162, -3.96711], "rotation": [10, 0, 0], "uv": [28, 8]},
						{"origin": [-0.5, 9.55649, 11.8834], "size": [1, 1, 2], "inflate": -0.05, "pivot": [5.00753, 11.39425, -4.06559], "rotation": [10, 0, 0], "uv": [32, 29]},
						{"origin": [-0.5, 8.39823, -5.39717], "size": [1, 1, 1], "inflate": -0.05, "pivot": [1.00753, 9.23599, -5.34617], "rotation": [5, 0, 0], "uv": [22, 31]},
						{"origin": [-1.4, 7.90014, -5.35359], "size": [1, 1, 1], "inflate": -0.05, "pivot": [1.10753, 8.7379, -5.30259], "rotation": [5, 0, 0], "uv": [14, 31]},
						{"origin": [-1.4, 7.90014, -5.35359], "size": [1, 1, 2], "inflate": -0.05, "pivot": [1.10753, 8.7379, -5.30259], "rotation": [5, 0, 0], "uv": [34, 4]},
						{"origin": [0.4, 7.90014, -5.35359], "size": [1, 1, 2], "inflate": -0.05, "pivot": [0.90753, 8.7379, -5.30259], "rotation": [5, 0, 0], "uv": [10, 35]},
						{"origin": [2.4, 4.30487, -5.679], "size": [0.5, 2, 1], "inflate": -0.05, "pivot": [-2.1, 5.30487, 2.321], "rotation": [-12.5, 0, 0], "uv": [0, 9]},
						{"origin": [-2.9, 4.30487, -5.679], "size": [0.5, 2, 1], "inflate": -0.05, "pivot": [-1.4, 5.30487, 2.321], "rotation": [-12.5, 0, 0], "uv": [6, 2]},
						{"origin": [2.4, 8.11049, -6.70314], "size": [0.5, 1, 0.9], "inflate": -0.05, "pivot": [-2.1, 10.11049, 1.29686], "rotation": [22.5, 0, 0], "uv": [0, 0]},
						{"origin": [2.65354, 8.02917, -5.10578], "size": [0.5, 1, 0.9], "inflate": -0.05, "pivot": [-2.84646, 11.02917, 0.89422], "rotation": [22.5, 0, 0], "uv": [0, 0]},
						{"origin": [2.65354, 7.7215, -3.21152], "size": [0.5, 1, 0.9], "inflate": -0.05, "pivot": [-2.84646, 10.7215, 1.78848], "rotation": [22.5, 0, 0], "uv": [0, 0]},
						{"origin": [2.65354, 5.89524, -0.93473], "size": [0.5, 1, 0.9], "inflate": -0.05, "pivot": [-2.84646, 8.89524, -0.93473], "rotation": [22.5, 0, 0], "uv": [0, 0]},
						{"origin": [-3.15354, 8.02917, -5.10578], "size": [0.5, 1, 0.9], "inflate": -0.05, "pivot": [-6.65354, 11.02917, 0.89422], "rotation": [22.5, 0, 0], "uv": [0, 0]},
						{"origin": [-3.15354, 7.7215, -3.21152], "size": [0.5, 1, 0.9], "inflate": -0.05, "pivot": [-6.65354, 10.7215, 1.78848], "rotation": [22.5, 0, 0], "uv": [0, 0]},
						{"origin": [-3.15354, 7.42597, -1.23921], "size": [0.5, 1, 0.9], "inflate": -0.05, "pivot": [-6.65354, 10.42597, 2.76079], "rotation": [22.5, 0, 0], "uv": [0, 0]},
						{"origin": [-2.9, 8.11049, -6.70314], "size": [0.5, 1, 0.9], "inflate": -0.05, "pivot": [-1.4, 10.11049, 1.29686], "rotation": [22.5, 0, 0], "uv": [0, 0]},
						{"origin": [2.4, 7.66482, -6.93275], "size": [0.5, 0.5, 0.7], "inflate": -0.05, "pivot": [-2.1, 10.66482, 1.06725], "rotation": [22.5, 0, 0], "uv": [0, 0]},
						{"origin": [2.65354, 7.96618, -5.41151], "size": [0.5, 0.5, 0.7], "inflate": -0.05, "pivot": [-1.84646, 11.96618, 1.58849], "rotation": [22.5, 0, 0], "uv": [0, 0]},
						{"origin": [2.65354, 7.65851, -3.51725], "size": [0.5, 0.5, 0.7], "inflate": -0.05, "pivot": [-1.84646, 11.65851, 2.48275], "rotation": [22.5, 0, 0], "uv": [0, 0]},
						{"origin": [2.65354, 7.36299, -1.54494], "size": [0.5, 0.5, 0.7], "inflate": -0.05, "pivot": [-1.84646, 11.36299, 3.45506], "rotation": [22.5, 0, 0], "uv": [0, 0]},
						{"origin": [-3.15354, 5.67008, -4.95479], "size": [0.5, 0.5, 0.7], "inflate": -0.05, "pivot": [-7.65354, 9.67008, -3.95479], "rotation": [22.5, 0, 0], "uv": [0, 0]},
						{"origin": [-3.15354, 4.59705, -2.90829], "size": [0.5, 0.5, 0.7], "inflate": -0.05, "pivot": [-7.65354, 8.59705, -4.90829], "rotation": [22.5, 0, 0], "uv": [0, 0]},
						{"origin": [-3.15354, 4.30152, -0.93597], "size": [0.5, 0.5, 0.7], "inflate": -0.05, "pivot": [-7.65354, 8.30152, -3.93597], "rotation": [22.5, 0, 0], "uv": [0, 0]},
						{"origin": [-2.9, 7.66482, -6.93275], "size": [0.5, 0.5, 0.7], "inflate": -0.05, "pivot": [-2.4, 10.66482, 1.06725], "rotation": [22.5, 0, 0], "uv": [0, 0]},
						{"origin": [-1.5, 9.15253, -8.78517], "size": [0.5, 0.5, 0.7], "inflate": -0.05, "pivot": [-1, 12.15253, 1.21483], "rotation": [22.5, 0, 0], "uv": [0, 0]},
						{"origin": [1, 9.15253, -8.78517], "size": [0.5, 0.5, 0.7], "inflate": -0.05, "pivot": [-1.5, 12.15253, 1.21483], "rotation": [22.5, 0, 0], "uv": [0, 0]},
						{"origin": [2.4, 7.03437, -7.08583], "size": [0.5, 0.7, 0.5], "inflate": -0.05, "pivot": [-2.1, 11.03437, 0.91417], "rotation": [22.5, 0, 0], "uv": [0, 0]},
						{"origin": [2.65354, 6.95305, -5.48846], "size": [0.5, 0.7, 0.5], "inflate": -0.05, "pivot": [-1.84646, 11.95305, 0.51154], "rotation": [22.5, 0, 0], "uv": [0, 0]},
						{"origin": [2.65354, 6.34985, -1.62189], "size": [0.5, 0.7, 0.5], "inflate": -0.05, "pivot": [-1.84646, 11.34985, 2.37811], "rotation": [22.5, 0, 0], "uv": [0, 0]},
						{"origin": [2.65354, 6.64538, -3.59421], "size": [0.5, 0.7, 0.5], "inflate": -0.05, "pivot": [-1.84646, 11.64538, 1.40579], "rotation": [22.5, 0, 0], "uv": [0, 0]},
						{"origin": [-3.15354, 6.95305, -5.48846], "size": [0.5, 0.7, 0.5], "inflate": -0.05, "pivot": [-1.65354, 11.95305, 0.51154], "rotation": [22.5, 0, 0], "uv": [0, 0]},
						{"origin": [-3.15354, 5.49733, -3.36585], "size": [0.5, 0.7, 0.5], "inflate": -0.05, "pivot": [-1.65354, 10.49733, -1.36585], "rotation": [22.5, 0, 0], "uv": [0, 0]},
						{"origin": [-3.15354, 5.2018, -1.39353], "size": [0.5, 0.7, 0.5], "inflate": -0.05, "pivot": [-1.65354, 10.2018, -0.39353], "rotation": [22.5, 0, 0], "uv": [0, 0]},
						{"origin": [-2.9, 7.03437, -7.08583], "size": [0.5, 0.7, 0.5], "inflate": -0.05, "pivot": [-1.4, 11.03437, 0.91417], "rotation": [22.5, 0, 0], "uv": [0, 0]},
						{"origin": [-1.5, 7.75671, -8.786], "size": [0.5, 0.7, 0.5], "inflate": -0.05, "pivot": [2, 11.75671, -0.786], "rotation": [22.5, 0, 0], "uv": [0, 0]},
						{"origin": [1, 7.75671, -8.786], "size": [0.5, 0.7, 0.5], "inflate": -0.05, "pivot": [1.5, 11.75671, -0.786], "rotation": [22.5, 0, 0], "uv": [0, 0]},
						{"origin": [-1.4, 4.19572, -7.03476], "size": [0.5, 1.5, 0.8], "inflate": -0.05, "pivot": [1.6, 5.19572, 0.96524], "rotation": [-12.5, 0, 0], "uv": [0, 0]},
						{"origin": [0.9, 4.19572, -7.03476], "size": [0.5, 1.5, 0.8], "inflate": -0.05, "pivot": [1.9, 5.19572, 0.96524], "rotation": [-12.5, 0, 0], "uv": [0, 0]},
						{"origin": [1.26218, 6.80825, -3.92352], "size": [1, 1, 1], "inflate": -0.05, "pivot": [0.26218, 4.80825, -5.92352], "rotation": [0, 20, 0], "uv": [30, 18]},
						{"origin": [-2.45421, 4.94015, 4.0789], "size": [1, 1, 2], "inflate": -0.05, "pivot": [-4.45421, 2.94015, -5.9211], "rotation": [12.5, 32.5, 0], "uv": [0, 34]},
						{"origin": [0.82778, 4.94015, 6.2281], "size": [1, 1, 2], "inflate": -0.05, "pivot": [7.82778, 2.94015, -3.7719], "rotation": [12.5, -32.5, 0], "uv": [32, 32]},
						{"origin": [-1.84136, 6.93387, 3.82511], "size": [1, 1, 1], "inflate": -0.05, "pivot": [-2.84136, 4.93387, -8.17489], "rotation": [2.5, 25, 0], "uv": [16, 26]},
						{"origin": [-0.18926, 6.93387, 8.47391], "size": [1, 1, 1], "inflate": -0.05, "pivot": [12.81074, 4.93387, -3.52609], "rotation": [2.5, -25, 0], "uv": [22, 5]},
						{"origin": [1.85139, 6.97312, 3.05646], "size": [1, 1, 1], "inflate": -0.05, "pivot": [0.85139, 4.97312, -8.94354], "rotation": [2.5, 7.5, 0], "uv": [0, 25]},
						{"origin": [-2.92839, 6.97312, 4.23119], "size": [1, 1, 1], "inflate": -0.05, "pivot": [8.07161, 4.97312, -7.76881], "rotation": [2.5, -7.5, 0], "uv": [22, 3]},
						{"origin": [4.54445, 7.01428, 3.55377], "size": [1, 1, 4], "inflate": -0.05, "pivot": [3.54445, 3.01428, -8.44623], "rotation": [2.5, -5, 0], "uv": [0, 25]},
						{"origin": [-5.58631, 7.01428, 2.59505], "size": [1, 1, 4], "inflate": -0.05, "pivot": [7.41369, 3.01428, -9.40495], "rotation": [2.5, 5, 0], "uv": [22, 3]},
						{"origin": [-2.08126, 6.80825, -4.94958], "size": [1, 1, 1], "inflate": -0.05, "pivot": [-3.08126, 4.80825, -6.94958], "rotation": [0, -20, 0], "uv": [0, 27]},
						{"origin": [2.15354, 6.986, -3.69711], "size": [1, 1, 1], "inflate": -0.05, "pivot": [1.15354, 4.986, -1.69711], "rotation": [5, 0, 0], "uv": [5, 30]},
						{"origin": [2.15354, 6.88327, -3.05023], "size": [1, 1, 2], "inflate": -0.05, "uv": [4, 35]},
						{"origin": [-3.15354, 6.88327, -3.05023], "size": [1, 1, 2], "inflate": -0.05, "uv": [34, 26]},
						{"origin": [-3.15354, 6.986, -3.69711], "size": [1, 1, 1], "inflate": -0.05, "pivot": [0.84646, 4.986, -1.69711], "rotation": [5, 0, 0], "uv": [24, 26]}
					]
				}
			]
		}
	]
}