{
	"format_version": "1.12.0",
	"minecraft:geometry": [
		{
			"description": {
				"identifier": "geometry.voidthorn",
				"texture_width": 32,
				"texture_height": 32,
				"visible_bounds_width": 3,
				"visible_bounds_height": 5,
				"visible_bounds_offset": [0, 1.5, 0]
			},
			"bones": [
				{
					"name": "bone",
					"pivot": [0, 0, 0],
					"cubes": [
						{"origin": [-2, 0, -2], "size": [4, 4, 4], "uv": [0, 0]},
						{"origin": [-1.8, 4, -1.7], "size": [3.5, 4, 3.5], "uv": [0, 15]},
						{"origin": [-1.7, 8, -1.5], "size": [3.2, 4, 3.2], "uv": [12, 8]},
						{"origin": [-1.6, 12, -1.4], "size": [3, 4, 3], "uv": [0, 8]},
						{"origin": [-1.4, 16, -1.1], "size": [2.5, 4, 2.5], "uv": [16, 0]},
						{"origin": [-1.2, 20, -0.8], "size": [2, 4, 2], "uv": [12, 15]},
						{"origin": [-0.8, 24, -0.2], "size": [1, 4, 1], "uv": [20, 15]}
					]
				}
			]
		}
	]
}