{
	"format_version": "1.12.0",
	"minecraft:geometry": [
		{
			"description": {
				"identifier": "geometry.wggaster",
				"texture_width": 256,
				"texture_height": 256,
				"visible_bounds_width": 3,
				"visible_bounds_height": 5.5,
				"visible_bounds_offset": [0, 2.25, 0]
			},
			"bones": [
				{
					"name": "all",
					"pivot": [0, -9, 1]
				},
				{
					"name": "head",
					"parent": "all",
					"pivot": [1, 48, 1],
					"cubes": [
						{"origin": [-2, 48.62, -4.5], "size": [4, 1, 7], "inflate": -0.05, "uv": [101, 30]},
						{"origin": [-3, 49.52, -4.5], "size": [6, 1, 7], "inflate": -0.05, "uv": [101, 0]},
						{"origin": [-3.5, 50.42, -4.5], "size": [7, 1, 7], "inflate": -0.05, "uv": [99, 40]},
						{"origin": [-4, 61.64, -3.5], "size": [8, 1, 8], "inflate": -0.05, "uv": [73, 0]},
						{"origin": [-3, 62.52, -3], "size": [6, 1, 7], "inflate": -0.05, "uv": [99, 22]},
						{"origin": [-4, 51.32, -4.5], "size": [8, 1, 7.5], "inflate": -0.05, "uv": [89, 71]},
						{"origin": [-5, 52.22, -4.5], "size": [10, 1, 8], "inflate": -0.05, "uv": [0, 48]},
						{"origin": [-5, 60.76, -4], "size": [10, 1, 9], "inflate": -0.05, "uv": [68, 30]},
						{"origin": [-6, 53.12, -4.5], "size": [12, 2, 10], "inflate": -0.05, "uv": [67, 59]},
						{"origin": [-5.5, 59.88, -4.5], "size": [11, 1, 10], "inflate": -0.05, "uv": [0, 59]},
						{"origin": [-6, 54.02, -4.5], "size": [12, 6, 11], "inflate": -0.05, "uv": [1, 31]}
					],
					"locators": {
						"flash": [3, 58, -5]
					}
				},
				{
					"name": "body",
					"parent": "all",
					"pivot": [0, -9, 2],
					"cubes": [
						{"origin": [-4, 49, -3], "size": [8, 1, 6], "uv": [99, 9]},
						{"origin": [-5, 48, -4], "size": [10, 1, 8], "uv": [39, 30]},
						{"origin": [-7, 26, -4], "size": [14, 22, 9], "uv": [0, 0]},
						{"origin": [-18.79708, 4.35311, -4], "size": [9, 21, 9], "pivot": [3.20292, -12.64689, 2], "rotation": [0, 0, 17.5], "uv": [0, 126]},
						{"origin": [8.40859, 13.37428, -4], "size": [9, 21, 9], "pivot": [25.40859, -3.62572, 2], "rotation": [0, 0, -17.5], "uv": [49, 127]}
					],
					"locators": {
						"void": [0, 42, 0]
					}
				},
				{
					"name": "lefthand",
					"parent": "all",
					"pivot": [-7, 46, 1],
					"rotation": [10, 0, 15],
					"cubes": [
						{"origin": [-12, 34, -3], "size": [5, 13, 7], "uv": [84, 84]}
					]
				},
				{
					"name": "bone",
					"parent": "lefthand",
					"pivot": [-14, 34, 0],
					"rotation": [0, 0, -60],
					"cubes": [
						{"origin": [-12, 21, -3], "size": [5, 13, 7], "uv": [60, 84]}
					]
				},
				{
					"name": "righthand",
					"parent": "all",
					"pivot": [7, 46, 1],
					"rotation": [10, 0, -15],
					"cubes": [
						{"origin": [7, 34, -3], "size": [5, 13, 7], "uv": [21, 83]}
					]
				},
				{
					"name": "bone2",
					"parent": "righthand",
					"pivot": [14, 34, 0],
					"rotation": [0, 0, 60],
					"cubes": [
						{"origin": [7, 21, -3], "size": [5, 13, 7], "uv": [82, 9]}
					]
				},
				{
					"name": "leftleg",
					"parent": "all",
					"pivot": [-5, 25, 0],
					"cubes": [
						{"origin": [-7, 13, -3], "size": [7, 13, 7], "uv": [0, 70]},
						{"origin": [-6.5, 3, -3], "size": [6, 10, 7], "uv": [38, 97]},
						{"origin": [-6.5, 0, -6], "size": [6, 3, 10], "uv": [77, 40]}
					]
				},
				{
					"name": "bone3",
					"parent": "leftleg",
					"pivot": [0, -2, 0]
				},
				{
					"name": "rightleg",
					"parent": "all",
					"pivot": [5, 25, 0],
					"cubes": [
						{"origin": [0, 13, -3], "size": [7, 13, 7], "uv": [39, 69]}
					]
				},
				{
					"name": "bone4",
					"parent": "rightleg",
					"pivot": [8, -2, 0],
					"cubes": [
						{"origin": [0.5, 3, -3], "size": [6, 10, 7], "uv": [0, 96]},
						{"origin": [0.5, 0, -6], "size": [6, 3, 10], "uv": [67, 71]}
					]
				}
			]
		}
	]
}