{
  "format_version": "1.13.0",
  "minecraft:entity": {
    "description": {
      "identifier": "minecraft:player",
      "is_spawnable": false,
      "is_summonable": false,
      "is_experimental": false,
      "scripts": {
        "animate": [
          "set",
          "remove",
          "scar",
          "scar_ammo",
          {
            "play_music": "(query.get_equipped_item_name == 'guitar' && variable.attack_time <= 1.0)"
          },
          {
            "stop_music": "(query.get_equipped_item_name == 'guitar_item' && variable.attack_time <= 1.0)"
          }
        ]
      },
      "animations": {
        "set": "controller.animation.set",
        "remove": "controller.animation.remove",
        "scar": "controller.animation.scar",
        "scar_ammo": "controller.animation.scar_ammo",
        "play_music": "controller.animation.play_sound",
        "stop_music": "controller.animation.stop_sound"
      }
    },
    "component_groups": {
      "reload_set": {
        "minecraft:variant": {
          "value": 1
        }
      },
      "end_reload": {
        "minecraft:variant": {
          "value": 0
        }
      },
      "bullet_set": {
        "minecraft:variant": {
          "value": 250
        }
      },
      "bullet_remove": {
        "minecraft:variant": {
          "value": 251
        }
      },
      "scar_reload": {
        "minecraft:timer": {
          "looping": false,
          "time": 2,
          "time_down_event": {
            "event": "reload_set",
            "target": "self"
          }
        }
      },
      "scar_fire": {
        "minecraft:spawn_entity": {
          "entities": [
            {
              "min_wait_time": 0,
              "max_wait_time": 0,
              "single_use": true,
              "spawn_entity": "loled:scar_bullet",
              "num_to_spawn": 1
            }
          ]
        }
      },
      "minecraft:add_bad_omen": {
        "minecraft:spell_effects": {
          "add_effects": [
            {
              "effect": "bad_omen",
              "duration": 6000,
              "display_on_screen_animation": true
            }
          ]
        },
        "minecraft:timer": {
          "time": [
            0,
            0
          ],
          "looping": false,
          "time_down_event": {
            "event": "minecraft:clear_add_bad_omen",
            "target": "self"
          }
        }
      },
      "minecraft:clear_bad_omen_spell_effect": {
        "minecraft:spell_effects": {}
      },
      "minecraft:raid_trigger": {
        "minecraft:raid_trigger": {
          "triggered_event": {
            "event": "minecraft:remove_raid_trigger",
            "target": "self"
          }
        },
        "minecraft:spell_effects": {
          "remove_effects": "bad_omen"
        }
      }
    },
    "components": {
      "minecraft:experience_reward": {
        "on_death": "Math.Min(query.player_level * 7, 100)"
      },
      "minecraft:type_family": {
        "family": [
          "player"
        ]
      },
      "minecraft:is_hidden_when_invisible": {},
      "minecraft:loot": {
        "table": "loot_tables/empty.json"
      },
      "minecraft:collision_box": {
        "width": 0.6,
        "height": 1.8
      },
      "minecraft:can_climb": {},
      "minecraft:movement": {
        "value": 0.1
      },
      "minecraft:hurt_on_condition": {
        "damage_conditions": [
          {
            "filters": {
              "test": "in_lava",
              "subject": "self",
              "operator": "==",
              "value": true
            },
            "cause": "lava",
            "damage_per_tick": 4
          }
        ]
      },
      "minecraft:attack": {
        "damage": 1
      },
      "minecraft:player.saturation": {
        "value": 20
      },
      "minecraft:player.exhaustion": {
        "value": 0,
        "max": 4
      },
      "minecraft:player.level": {
        "value": 0,
        "max": 24791
      },
      "minecraft:player.experience": {
        "value": 0,
        "max": 1
      },
      "minecraft:breathable": {
        "total_supply": 15,
        "suffocate_time": -1,
        "inhale_time": 3.75,
        "generates_bubbles": false
      },
      "minecraft:nameable": {
        "always_show": false,
        "allow_name_tag_renaming": false
      },
      "minecraft:physics": {},
      "minecraft:pushable": {
        "is_pushable": false,
        "is_pushable_by_piston": true
      },
      "minecraft:insomnia": {
        "days_until_insomnia": 3
      },
      "minecraft:rideable": {
        "seat_count": 2,
        "family_types": [
          "parrot_tame"
        ],
        "pull_in_entities": true,
        "seats": [
          {
            "position": [
              0.4,
              -0.2,
              -0.1
            ],
            "min_rider_count": 0,
            "max_rider_count": 0,
            "lock_rider_rotation": 0
          },
          {
            "position": [
              -0.4,
              -0.2,
              -0.1
            ],
            "min_rider_count": 1,
            "max_rider_count": 2,
            "lock_rider_rotation": 0
          }
        ]
      }
    },
    "events": {
      "bullet_set": {
        "add": {
          "component_groups": [
            "bullet_set"
          ]
        }
      },
      "bullet_remove": {
        "add": {
          "component_groups": [
            "bullet_remove"
          ]
        },
        "remove": {
          "component_groups": [
            "bullet_set"
          ]
        }
      },
      "reload_set": {
        "add": {
          "component_groups": [
            "reload_set"
          ]
        }
      },
      "end_reload": {
        "add": {
          "component_groups": [
            "end_reload"
          ]
        }
      },
      "scar_reload": {
        "add": {
          "component_groups": [
            "scar_reload"
          ]
        }
      },
      "scar_fire": {
        "add": {
          "component_groups": [
            "scar_fire"
          ]
        }
      },
      "minecraft:entity_spawned": {
        "sequence": [
          {
            "randomize": [
              {
                "weight": 95,
                "add": {
                  "component_groups": [
                    "information"
                  ]
                }
              }
            ]
          }
        ]
      },
      "minecraft:gain_bad_omen": {
        "add": {
          "component_groups": [
            "minecraft:add_bad_omen"
          ]
        }
      },
      "minecraft:clear_add_bad_omen": {
        "remove": {
          "component_groups": [
            "minecraft:add_bad_omen"
          ]
        },
        "add": {
          "component_groups": [
            "minecraft:clear_bad_omen_spell_effect"
          ]
        }
      },
      "minecraft:trigger_raid": {
        "add": {
          "component_groups": [
            "minecraft:raid_trigger"
          ]
        }
      },
      "minecraft:remove_raid_trigger": {
        "remove": {
          "component_groups": [
            "minecraft:raid_trigger"
          ]
        }
      }
    }
  }
}