{
	"format_version": "1.10.0",
	"animation_controllers": {
		"controller.animation.tripi_tropi_tropa_tripa.attack": {
			"initial_state": "default",
			"states": {
				"default": {
					"blend_transition": 0.2,
					"transitions": [
						{
							"attack": "variable.attack_time > 0.0"
						}
					]
				},
				"attack": {
					"blend_transition": 0.2,
					"transitions": [
						{
							"default": "variable.attack_time <= 0.0"
						}
					],
					"animations": [
						"attack"
					]
				}
			}
		},
		"controller.animation.tripi_tropi_tropa_tripa.general": {
			"initial_state": "default",
			"states": {
				"default": {
					"blend_transition": 0.2,
					"transitions": [
						{
							"moving": "query.ground_speed>=0.1"
						}
					],
					"animations": [
						"idle"
					]
				},
				"moving": {
					"blend_transition": 0.2,
					"transitions": [
						{
							"default": "query.ground_speed<0.1"
						}
					],
					"animations": [
						"walk"
					]
				}
			}
		}
	}
}