{
	"format_version": "1.13.0",
	"minecraft:recipe_shaped": {
		"description": {
			"identifier": "simple_vehicles:body_modern_jeep"
		},
		"tags": [
			"vehicle_workbench"
		],
		"pattern": [
			"BGB",
			"BSW",
			"BBB"
		],
		"key": {
			"B": {
				"item": "minecraft:iron_ingot"
			},
			"G": {
				"item": "minecraft:glass_pane"
			},
			"S": {
				"item": "simple_vehicles:seat_modern_jeep_ph"
			},
			"W": {
				"item": "simple_vehicles:steer_modern_jeep_ph"
			}
		},
		"result": [
			{
				"item": "simple_vehicles:body_modern_jeep_ph"
			}
		]
	}
}