{
    "format_version": "1.12.0",
    "minecraft:entity": {
        "description": {
            "identifier": "bd:cdoor_ro",
            "is_spawnable": false,
            "is_summonable": true,
            "is_experimental": false,
            "runtime_identifier": "minecraft:shulker",
            "scripts": {
                "animate": [
					"doorblock"
                ]
            },
            "animations": {
				"doorblock": "controller.animation.door.block"
            }
        },
        "component_groups": {
            "minecraft:open": {
				"minecraft:timer": {
                    "time": 1.2,
                    "looping": false,
                    "time_down_event": {
                        "event": "minecraft:door_opened"
                    }
                }
            },
			"minecraft:opened": {
				"minecraft:transformation": {
                    "into": "bd:cdoor_open_ro"
                },
				"minecraft:spell_effects": {
                    "add_effects": [{
                            "effect": "regeneration",
                            "amplifier": 255,
                            "visible": false,
                            "duration": 2
                        }
                    ]
                }
			},
			"minecraft:ro": {
				"minecraft:transformation": {
                    "into": "bd:cdoor"
                }
			},
			"minecraft:des": {
				"minecraft:despawn": {}
			},
			"minecraft:sound": {
				"minecraft:is_stunned": {}
			}
        },
        "components": {
            "minecraft:type_family": {
                "family": ["door_k", "inanimate", "door"]
            },
			"minecraft:interact": [
			{
				"on_interact": {
					"filters": {
						"all_of": [
							{ "test": "is_family", "subject": "other", "value": "player" },
							{ "test": "has_equipment", "subject": "other", "domain": "hand", "value": "bd:keycard1" }
							]
						},
					"event": "minecraft:event_open",
					"interact_text": "Open Door",
					"playsound": "death"
					}
				},
				{
				"on_interact": {
					"filters": {
						"all_of": [
							{ "test": "is_family", "subject": "other", "value": "player" },
							{ "test": "has_equipment", "subject": "other", "domain": "hand", "value": "barrier" },
							{ "test": "is_sneaking", "subject": "other", "value": "true" }
						]
					},
					"event": "minecraft:delete",
					"interact_text": "Delete Door"
					}
				},
				{
                    "on_interact": {
                        "filters": {
                            "all_of": [{
                                    "test": "is_family",
                                    "subject": "other",
                                    "value": "player"
                                }, {
                                    "test": "has_equipment",
                                    "subject": "other",
                                    "domain": "hand",
                                    "value": "bd:door_rotate"
                                }, {
                                    "test": "is_sneaking",
                                    "subject": "other",
                                    "value": "false"
                                }
                            ]
                        },
                        "event": "minecraft:rotate",
                        "interact_text": "Rotating Door"
                    }
                }
			],
            "minecraft:health": {
                "value": 10
            },
			"minecraft:block_sensor": {
                "sensor_radius": 0.1,
                "on_break": [
                    {
                        "block_list": [
                            "minecraft:barrier"
                        ],
                        "on_block_broken": "minecraft:delete"
                    }
                ]
            },
			"minecraft:damage_sensor": {
                "triggers": [
                        {
							"cause": "suffocation",
							"deals_damage": false
						},
					{
                    "on_damage": {
                        "filters": {
                            "with_damage_fatal": true
                        },
                        "event": "minecraft:door_opened",
                        "target": "self"
                    },
                    "deals_damage": false
                }
                ]
            },
            "minecraft:pushable": {
                "is_pushable": false,
                "is_pushable_by_piston": false
            },
            "minecraft:knockback_resistance": {
                "value": 50.0
            },
            "minecraft:physics": {
				"has_collision": false
			}
        },
        "events": {
			"minecraft:entity_transformed": {
				"add": {
					 "component_groups": [
                        "minecraft:sound"
                    ]
                }
			},
			"minecraft:door_opened": {
				"remove": {
					"component_groups": [
						"minecraft:open"
					]
				},
				"add": {
					"component_groups": [
						"minecraft:opened"
					]
				}
			},
            "minecraft:event_open": {
                "add": {
                    "component_groups": [
                        "minecraft:open"
                    ]
                }
            },
			"minecraft:delete": {
				"remove": {
					"component_groups": [
						"minecraft:open",
						"minecraft:opened"
					]
				},
				"add": {
					"component_groups": [
						"minecraft:des"
					]
				}
			},
			"minecraft:rotate": {
                "add": {
                    "component_groups": [
                        "minecraft:ro"
                    ]
                }
			}
        }
    }
}