{
    "format_version": "1.10.0",
    "minecraft:entity": {
        "description": {
            "identifier": "bd:hdoor_2_open",
            "is_spawnable": false,
            "is_summonable": true,
            "is_experimental": false,
			"scripts": {
                "animate": [
                    "hdoor"
                ]
            },
            "animations": {
                "hdoor": "controller.animation.door"
            }
        },
        "component_groups": {
            "minecraft:close": {
                "minecraft:transformation": {
                    "into": "bd:hdoor_2"
                },
                "minecraft:spell_effects": {
                    "add_effects": [{
                            "effect": "regeneration",
                            "amplifier": 255,
                            "visible": false,
                            "duration": 2
                        }
                    ]
                }
            },
			"minecraft:sound": {
				"minecraft:is_stunned": {}
			}
        },
        "components": {
            "minecraft:type_family": {
                "family": ["door_o", "3door", "inanimate", "door"]
            },
			"minecraft:timer": {
                "looping": false,
                "time": 20,
                "time_down_event": {
                    "event": "minecraft:event_close"
                }
            },
			"minecraft:collision_box": {
                "width": 0.4,
                "height": 1.8
            },
            "minecraft:health": {
                "value": 1
            },
            "minecraft:pushable": {
                "is_pushable": false,
                "is_pushable_by_piston": false
            },
			"minecraft:push_through": {
				"value": 1.0
			},
            "minecraft:knockback_resistance": {
                "value": 50.0
            },
            "minecraft:damage_sensor": {
                "triggers": [{
                        "on_damage": {
                            "filters": {
                                "with_damage_fatal": true
                            },
                            "event": "minecraft:event_close",
							"target": "self"
                        },
						"deals_damage": false
                    }, {
                        "on_damage": {
                            "filters": {
                                "test": "has_damage",
                                "subject": "self",
                                "value": "projectile"
                            }
                        },
                        "deals_damage": false
                    }
                ]
            },
            "minecraft:physics": {
				"has_gravity": false,
				"has_collision": false
			}
        },
        "events": {
			"minecraft:entity_transformed": {
				"add": {
					 "component_groups": [
                        "minecraft:sound"
                    ]
                }
			},
            "minecraft:event_close": {
                "add": {
                    "component_groups": [
                        "minecraft:close"
                    ]
                }
            }
        }
    }
}
