{
	"format_version": "1.10.0",
	"minecraft:client_entity": {
		"description": {
			"identifier": "simple_vehicles:opel_corsa",
			"materials": {
				"default": "witch"
			},
			"textures": {
				"default": "textures/entity/opel_corsa"
			},
			"geometry": {
				"default": "geometry.opel_corsa"
			},
			"spawn_egg": {
				"texture": "vehicles",
				"texture_index": 35
			},
			"animations": {
				"move": "animation.simple_vehicles.opel_corsa.move",
				"turn": "animation.opel_corsa.turn",
				"general": "controller.animation.vehicle.v_turn",
				"close": "animation.simple_vehicles.opel_corsa.close",
				"close2": "animation.simple_vehicles.opel_astra.close2",
				"open": "animation.simple_vehicles.opel_astra.open",
				"door_mech": "controller.animation.ae86.door_mech"
			},
			"scripts": {
				"animate": [
					{
						"move": "query.modified_move_speed"
					},
					"general",
					"door_mech",
					{
						"close2": "query.has_rider"
					}
				]
			},
			"render_controllers": [
				"controller.render.corolla"
			],
			"particle_effects": {
				"arrow_particle": "simple_vehicles:arrow_spell_emitter"
			},
			"sound_effects": {
				"opel_astra_door_open": "simple_vehicles.auv_car.open",
				"opel_corsa_door_close": "simple_vehicles.auv_car.close"
			}
		}
	}
}