{
	"file_path": "C:\\Users\\windows10\\AppData\\Local\\Packages\\Microsoft.MinecraftUWP_8wekyb3d8bbwe\\LocalState\\games\\com.mojang\\development_resource_packs\\UT_gaster\\ui\\debug_screen.json",
	"file_type": "unknown",
	"format_version": 1,
	"file_uuid": "128626a0_7e2d_4edc_a965_a9b11a48953d",
	"file_version": 8,
	"cache_content": {
		"children": [
			{
				"data": "debug_screen",
				"key": "namespace"
			},
			{
				"key": "access_button@common_buttons.light_content_button",
				"is_minified": true,
				"children": {
					"$pressed_button_name": "button.access",
					"size": [
						20,
						20
					],
					"offset": [
						20,
						20
					],
					"anchor_to": "top_left",
					"anchor_from": "top_left",
					"bindings": [
						{
							"binding_name": "#access_screen_visible",
							"binding_name_override": "#visible"
						}
					]
				}
			},
			{
				"open": {
					"namespace": "debug_screen",
					"access_button@common_buttons.light_content_button": {
						"$pressed_button_name": "button.access",
						"size": [
							20,
							20
						],
						"offset": [
							20,
							20
						],
						"anchor_to": "top_left",
						"anchor_from": "top_left",
						"bindings": [
							{
								"binding_name": "#access_screen_visible",
								"binding_name_override": "#visible"
							}
						]
					},
					"wracksgaming_watermark": {
						"type": "label",
						"text": "\\n§5§kUT§r§9GASTER Undertale§5§kUT§r\\n§3Addon§r\\n§7By §l§4WracksGaming§r",
						"color": [
							1,
							1,
							1
						],
						"shadow": true,
						"font_size": "tiny",
						"anchor_from": "top_right",
						"anchor_to": "top_right",
						"alpha": 10
					},
					"wracksgaming_watermark_image": {
						"type": "image",
						"texture": "textures/items/wggaster",
						"layer": 3,
						"offset": [
							-110,
							3
						],
						"anchor_from": "top_right",
						"anchor_to": "top_right",
						"size": [
							16,
							16
						]
					},
					"special_render": {
						"type": "custom",
						"renderer": "debug_screen_renderer"
					},
					"content_panel": {
						"type": "panel",
						"clips_children": false,
						"size": [
							"100%",
							"100%"
						],
						"controls": [
							{
								"access_button@debug_screen.access_button": {}
							},
							{
								"special_render@debug_screen.special_render": {}
							},
							{
								"wracksgaming_watermark@debug_screen.wracksgaming_watermark": {}
							},
							{
								"wracksgaming_watermark_image@debug_screen.wracksgaming_watermark_image": {}
							}
						]
					},
					"debug_screen@common.base_screen": {
						"send_telemetry": false,
						"screen_not_flushable": true,
						"render_game_behind": true,
						"is_showing_menu": false,
						"low_frequency_rendering": true,
						"is_modal": true,
						"should_steal_mouse": false,
						"render_only_when_topmost": false,
						"screen_draws_last": true,
						"always_accepts_input": true,
						"$screen_content": "debug_screen.content_panel",
						"$screen_animations": {},
						"$use_loading_bars": false
					}
				},
				"key": "wracksgaming_watermark",
				"children": [
					{
						"open": {
							"type": "label",
							"text": "\\n§5§kUT§r§9GASTER Undertale§5§kUT§r\\n§3Addon§r\\n§7By §l§4WracksGaming§r",
							"color": [
								1,
								1,
								1
							],
							"shadow": true,
							"font_size": "tiny",
							"anchor_from": "top_right",
							"anchor_to": "top_right",
							"alpha": 10
						},
						"data": "label",
						"key": "type"
					},
					{
						"open": {
							"type": "label",
							"text": "\\n§5§kUT§r§9GASTER Undertale§5§kUT§r\\n§3Addon§r\\n§7By §l§4WracksGaming§r",
							"color": [
								1,
								1,
								1
							],
							"shadow": true,
							"font_size": "tiny",
							"anchor_from": "top_right",
							"anchor_to": "top_right",
							"alpha": 10
						},
						"data": "\\n§5§kUT§r§9GASTER Undertale§5§kUT§r\\n§3Addon§r\\n§7By §l§4WracksGaming§r",
						"key": "text"
					},
					{
						"open": {
							"type": "label",
							"text": "\\n§5§kUT§r§9GASTER Undertale§5§kUT§r\\n§3Addon§r\\n§7By §l§4WracksGaming§r",
							"color": [
								1,
								1,
								1
							],
							"shadow": true,
							"font_size": "tiny",
							"anchor_from": "top_right",
							"anchor_to": "top_right",
							"alpha": 10
						},
						"key": "color",
						"is_minified": true,
						"children": [
							1,
							1,
							1
						]
					},
					{
						"data": "true",
						"key": "shadow"
					},
					{
						"data": "tiny",
						"key": "font_size"
					},
					{
						"data": "top_right",
						"key": "anchor_from"
					},
					{
						"data": "top_right",
						"key": "anchor_to"
					},
					{
						"data": "10",
						"key": "alpha"
					}
				]
			},
			{
				"open": {
					"namespace": "debug_screen",
					"access_button@common_buttons.light_content_button": {
						"$pressed_button_name": "button.access",
						"size": [
							20,
							20
						],
						"offset": [
							20,
							20
						],
						"anchor_to": "top_left",
						"anchor_from": "top_left",
						"bindings": [
							{
								"binding_name": "#access_screen_visible",
								"binding_name_override": "#visible"
							}
						]
					},
					"wracksgaming_watermark": {
						"type": "label",
						"text": "\\n§5§kUT§r§9GASTER Undertale§5§kUT§r\\n§3Addon§r\\n§7By §l§4WracksGaming§r",
						"color": [
							1,
							1,
							1
						],
						"shadow": true,
						"font_size": "tiny",
						"anchor_from": "top_right",
						"anchor_to": "top_right",
						"alpha": 10
					},
					"wracksgaming_watermark_image": {
						"type": "image",
						"texture": "textures/items/wggaster",
						"layer": 3,
						"offset": [
							-110,
							3
						],
						"anchor_from": "top_right",
						"anchor_to": "top_right",
						"size": [
							16,
							16
						]
					},
					"special_render": {
						"type": "custom",
						"renderer": "debug_screen_renderer"
					},
					"content_panel": {
						"type": "panel",
						"clips_children": false,
						"size": [
							"100%",
							"100%"
						],
						"controls": [
							{
								"access_button@debug_screen.access_button": {}
							},
							{
								"special_render@debug_screen.special_render": {}
							},
							{
								"wracksgaming_watermark@debug_screen.wracksgaming_watermark": {}
							},
							{
								"wracksgaming_watermark_image@debug_screen.wracksgaming_watermark_image": {}
							}
						]
					},
					"debug_screen@common.base_screen": {
						"send_telemetry": false,
						"screen_not_flushable": true,
						"render_game_behind": true,
						"is_showing_menu": false,
						"low_frequency_rendering": true,
						"is_modal": true,
						"should_steal_mouse": false,
						"render_only_when_topmost": false,
						"screen_draws_last": true,
						"always_accepts_input": true,
						"$screen_content": "debug_screen.content_panel",
						"$screen_animations": {},
						"$use_loading_bars": false
					}
				},
				"key": "wracksgaming_watermark_image",
				"is_minified": true,
				"children": {
					"type": "image",
					"texture": "textures/items/wggaster",
					"layer": 3,
					"offset": [
						-110,
						3
					],
					"anchor_from": "top_right",
					"anchor_to": "top_right",
					"size": [
						16,
						16
					]
				}
			},
			{
				"key": "special_render",
				"is_minified": true,
				"children": {
					"type": "custom",
					"renderer": "debug_screen_renderer"
				}
			},
			{
				"key": "content_panel",
				"is_minified": true,
				"children": {
					"type": "panel",
					"clips_children": false,
					"size": [
						"100%",
						"100%"
					],
					"controls": [
						{
							"access_button@debug_screen.access_button": {}
						},
						{
							"special_render@debug_screen.special_render": {}
						},
						{
							"wracksgaming_watermark@debug_screen.wracksgaming_watermark": {}
						},
						{
							"wracksgaming_watermark_image@debug_screen.wracksgaming_watermark_image": {}
						}
					]
				}
			},
			{
				"key": "debug_screen@common.base_screen",
				"is_minified": true,
				"children": {
					"send_telemetry": false,
					"screen_not_flushable": true,
					"render_game_behind": true,
					"is_showing_menu": false,
					"low_frequency_rendering": true,
					"is_modal": true,
					"should_steal_mouse": false,
					"render_only_when_topmost": false,
					"screen_draws_last": true,
					"always_accepts_input": true,
					"$screen_content": "debug_screen.content_panel",
					"$screen_animations": {},
					"$use_loading_bars": false
				}
			}
		]
	}
}