{
	"format_version": "1.8.0",
	"render_controllers": {
		"controller.render.ambulance": {
			"rebuild_animation_matrices": true,
			"geometry": "geometry.default",
			"materials": [
				{
					"*": "material.default"
				}
			],
			"textures": [
				"texture.default"
			]
		},
		"controller.render.ambu_lights": {
			"part_visibility": [
				{
					"*": true
				},
				{
					"ambu_lights": "query.is_saddled"
				}
			],
			"geometry": "geometry.ambu_lights",
			"materials": [
				{
					"*": "material.default"
				},
				{
					"ambu_lights": "material.ambu_lights"
				}
			],
			"textures": [
				"texture.ambu_lights"
			]
		}
	}
}