{
	"format_version": "1.8.0",
	"render_controllers": {
		"controller.render.carlow_lights": {
			"part_visibility": [
				{
					"*": true
				},
				{
					"car_lowrider_lights": "query.is_saddled"
				}
			],
			"geometry": "geometry.car_lowrider_lights",
			"materials": [
				{
					"*": "material.default"
				},
				{
					"car_lowrider_lights": "material.car_lowrider_lights"
				}
			],
			"textures": [
				"texture.car_lowrider_lights"
			]
		},
		"controller.render.car_lowrider": {
			"rebuild_animation_matrices": true,
			"geometry": "geometry.default",
			"materials": [
				{
					"*": "material.default"
				}
			],
			"textures": [
				"texture.default"
			]
		}
	}
}