{
	"format_version": "1.8.0",
	"render_controllers": {
		"controller.render.corolla": {
			"rebuild_animation_matrices": true,
			"geometry": "geometry.default",
			"materials": [
				{
					"*": "material.default"
				}
			],
			"textures": [
				"texture.default"
			]
		},
		"controller.render.corolla_lights": {
			"part_visibility": [
				{
					"*": true
				},
				{
					"corolla_lights": "query.is_saddled"
				}
			],
			"geometry": "geometry.corolla_lights",
			"materials": [
				{
					"*": "material.default"
				},
				{
					"corolla_lights": "material.corolla_lights"
				}
			],
			"textures": [
				"texture.corolla_lights"
			]
		},
		"controller.render.ev4_lights": {
			"part_visibility": [
				{
					"*": true
				},
				{
					"ev4_lights": "query.is_saddled"
				}
			],
			"geometry": "geometry.ev4_lights",
			"materials": [
				{
					"*": "material.default"
				},
				{
					"ev4_lights": "material.ev4_lights"
				}
			],
			"textures": [
				"texture.ev4_lights"
			]
		}
	}
}