{"format_version":"1.16.100","minecraft:block":{"description":{"identifier":"loled:air_colision","properties":{"loled:face":[2,3,4,5,6],"loled:open":[false,true]}},"components":{"minecraft:material_instances":{"*":{"texture":"colisao","render_method":"blend"}},"minecraft:pick_collision":{"origin":[-8,0,-8],"size":[16,16,16]},"minecraft:creative_category":{"group":"itemGroup.name.z","category":"construction"},"minecraft:loot":"loot_tables/air/air_colision.json","minecraft:geometry":"geometry.colisao","minecraft:block_light_absorption":2,"minecraft:destroy_time":2,"minecraft:unwalkable":true,"minecraft:entity_collision":{"origin":[-8,0,-8],"size":[16,16,16]},"minecraft:friction":0.6,"minecraft:map_color":"#00ff00","minecraft:flammable":{"flame_odds":0,"burn_odds":0},"minecraft:on_interact":{"event":"loled:toggle","condition":"query.get_equipped_item_name=='item_tool'"},"minecraft:on_player_placing":{"event":"loled:face"},"minecraft:block_light_emission":0},"permutations":[{"condition":"query.block_property('loled:face') == 3","components":{"minecraft:rotation":[0,180,0]}},{"condition":"query.block_property('loled:face') == 4","components":{"minecraft:rotation":[0,90,0]}},{"condition":"query.block_property('loled:face') == 5","components":{"minecraft:rotation":[0,270,0]}},{"condition":"!query.block_property('loled:open')","components":{"minecraft:geometry":"geometry.colisao","minecraft:block_light_absorption":2,"minecraft:material_instances":{"*":{"texture":"colisao_off","render_method":"blend"}},"minecraft:block_light_emission":0}}],"events":{"loled:face":{"set_block_property":{"loled:face":"(query.cardinal_player_facing)"}},"loled:toggle":{"set_block_property":{"loled:open":"query.block_property('loled:open') ? false : true"}}}}}