{
	"file_path": "C:\\Users\\windows10\\AppData\\Local\\Packages\\Microsoft.MinecraftUWP_8wekyb3d8bbwe\\LocalState\\games\\com.mojang\\development_behavior_packs\\UT_gaster\\entities\\voidthorn.json",
	"file_type": "entity",
	"format_version": 1,
	"file_uuid": "47244944_7922_475d_9be9_809b5934019a",
	"file_version": 2,
	"cache_content": {
		"children": [
			{
				"data": "1.10.0",
				"key": "format_version"
			},
			{
				"open": {
					"format_version": "1.10.0",
					"minecraft:entity": {
						"description": {
							"identifier": "void:thorn",
							"is_spawnable": false,
							"is_summonable": true,
							"is_experimental": false
						},
						"components": {
							"minecraft:physics": {
								"has_collision": true,
								"has_gravity": true
							},
							"minecraft:health": {
								"value": 1,
								"max": 1,
								"min": 1
							},
							"minecraft:type_family": {
								"family": [
									"gaster"
								]
							},
							"minecraft:fire_immune": true,
							"minecraft:collision_box": {
								"width": 0,
								"height": 0
							}
						},
						"component_groups": {
							"all": {
								"minecraft:behavior.knockback_roar": {
									"priority": 0,
									"attack_time": 0.1,
									"duration": 1,
									"knockback_damage": 3,
									"knockback_range": 2,
									"knockback_strength": 3,
									"cooldown_time": 0.1,
									"knockback_filters": {
										"all_of": [
											{
												"subject": "other",
												"test": "is_family",
												"operator": "!=",
												"value": "gaster"
											}
										]
									},
									"damage_filters": {
										"all_of": [
											{
												"subject": "other",
												"test": "is_family",
												"operator": "!=",
												"value": "gaster"
											}
										]
									}
								},
								"minecraft:explode": {
									"causesFire": false,
									"destroyAffectedByGriefing": true,
									"fuseLength": 5,
									"fuseLit": true,
									"power": 0
								}
							}
						},
						"events": {
							"minecraft:entity_spawned": {
								"add": {
									"component_groups": [
										"all"
									]
								}
							}
						}
					}
				},
				"key": "minecraft:entity",
				"children": [
					{
						"open": {
							"description": {
								"identifier": "void:thorn",
								"is_spawnable": false,
								"is_summonable": true,
								"is_experimental": false
							},
							"components": {
								"minecraft:physics": {
									"has_collision": true,
									"has_gravity": true
								},
								"minecraft:health": {
									"value": 1,
									"max": 1,
									"min": 1
								},
								"minecraft:type_family": {
									"family": [
										"gaster"
									]
								},
								"minecraft:fire_immune": true,
								"minecraft:collision_box": {
									"width": 0,
									"height": 0
								}
							},
							"component_groups": {
								"all": {
									"minecraft:behavior.knockback_roar": {
										"priority": 0,
										"attack_time": 0.1,
										"duration": 1,
										"knockback_damage": 3,
										"knockback_range": 2,
										"knockback_strength": 3,
										"cooldown_time": 0.1,
										"knockback_filters": {
											"all_of": [
												{
													"subject": "other",
													"test": "is_family",
													"operator": "!=",
													"value": "gaster"
												}
											]
										},
										"damage_filters": {
											"all_of": [
												{
													"subject": "other",
													"test": "is_family",
													"operator": "!=",
													"value": "gaster"
												}
											]
										}
									},
									"minecraft:explode": {
										"causesFire": false,
										"destroyAffectedByGriefing": true,
										"fuseLength": 5,
										"fuseLit": true,
										"power": 0
									}
								}
							},
							"events": {
								"minecraft:entity_spawned": {
									"add": {
										"component_groups": [
											"all"
										]
									}
								}
							}
						},
						"key": "description",
						"is_minified": true,
						"children": {
							"identifier": "void:thorn",
							"is_spawnable": false,
							"is_summonable": true,
							"is_experimental": false
						}
					},
					{
						"open": {
							"description": {
								"identifier": "void:thorn",
								"is_spawnable": false,
								"is_summonable": true,
								"is_experimental": false
							},
							"components": {
								"minecraft:physics": {
									"has_collision": true,
									"has_gravity": true
								},
								"minecraft:health": {
									"value": 1,
									"max": 1,
									"min": 1
								},
								"minecraft:type_family": {
									"family": [
										"gaster"
									]
								},
								"minecraft:fire_immune": true,
								"minecraft:collision_box": {
									"width": 0,
									"height": 0
								}
							},
							"component_groups": {
								"all": {
									"minecraft:behavior.knockback_roar": {
										"priority": 0,
										"attack_time": 0.1,
										"duration": 1,
										"knockback_damage": 3,
										"knockback_range": 2,
										"knockback_strength": 3,
										"cooldown_time": 0.1,
										"knockback_filters": {
											"all_of": [
												{
													"subject": "other",
													"test": "is_family",
													"operator": "!=",
													"value": "gaster"
												}
											]
										},
										"damage_filters": {
											"all_of": [
												{
													"subject": "other",
													"test": "is_family",
													"operator": "!=",
													"value": "gaster"
												}
											]
										}
									},
									"minecraft:explode": {
										"causesFire": false,
										"destroyAffectedByGriefing": true,
										"fuseLength": 5,
										"fuseLit": true,
										"power": 0
									}
								}
							},
							"events": {
								"minecraft:entity_spawned": {
									"add": {
										"component_groups": [
											"all"
										]
									}
								}
							}
						},
						"key": "components",
						"children": [
							{
								"open": {
									"minecraft:physics": {
										"has_collision": true,
										"has_gravity": true
									},
									"minecraft:health": {
										"value": 1,
										"max": 1,
										"min": 1
									},
									"minecraft:type_family": {
										"family": [
											"gaster"
										]
									},
									"minecraft:fire_immune": true,
									"minecraft:collision_box": {
										"width": 0,
										"height": 0
									}
								},
								"key": "minecraft:physics",
								"is_minified": true,
								"children": {
									"has_collision": true,
									"has_gravity": true
								}
							},
							{
								"open": {
									"minecraft:physics": {
										"has_collision": true,
										"has_gravity": true
									},
									"minecraft:health": {
										"value": 1,
										"max": 1,
										"min": 1
									},
									"minecraft:type_family": {
										"family": [
											"gaster"
										]
									},
									"minecraft:fire_immune": true,
									"minecraft:collision_box": {
										"width": 0,
										"height": 0
									}
								},
								"key": "minecraft:health",
								"is_minified": true,
								"children": {
									"value": 1,
									"max": 1,
									"min": 1
								}
							},
							{
								"open": {
									"minecraft:physics": {
										"has_collision": true,
										"has_gravity": true
									},
									"minecraft:health": {
										"value": 1,
										"max": 1,
										"min": 1
									},
									"minecraft:type_family": {
										"family": [
											"gaster"
										]
									},
									"minecraft:fire_immune": true,
									"minecraft:collision_box": {
										"width": 0,
										"height": 0
									}
								},
								"key": "minecraft:type_family",
								"children": [
									{
										"open": {
											"family": [
												"gaster"
											]
										},
										"key": "family",
										"is_minified": true,
										"children": [
											"gaster"
										]
									}
								]
							},
							{
								"data": "true",
								"key": "minecraft:fire_immune"
							},
							{
								"open": {
									"minecraft:physics": {
										"has_collision": true,
										"has_gravity": true
									},
									"minecraft:health": {
										"value": 1,
										"max": 1,
										"min": 1
									},
									"minecraft:type_family": {
										"family": [
											"gaster"
										]
									},
									"minecraft:fire_immune": true,
									"minecraft:collision_box": {
										"width": 0,
										"height": 0
									}
								},
								"key": "minecraft:collision_box",
								"is_minified": true,
								"children": {
									"width": 0,
									"height": 0
								}
							}
						]
					},
					{
						"open": {
							"description": {
								"identifier": "void:thorn",
								"is_spawnable": false,
								"is_summonable": true,
								"is_experimental": false
							},
							"components": {
								"minecraft:physics": {
									"has_collision": true,
									"has_gravity": true
								},
								"minecraft:health": {
									"value": 1,
									"max": 1,
									"min": 1
								},
								"minecraft:type_family": {
									"family": [
										"gaster"
									]
								},
								"minecraft:fire_immune": true,
								"minecraft:collision_box": {
									"width": 0,
									"height": 0
								}
							},
							"component_groups": {
								"all": {
									"minecraft:behavior.knockback_roar": {
										"priority": 0,
										"attack_time": 0.1,
										"duration": 1,
										"knockback_damage": 3,
										"knockback_range": 2,
										"knockback_strength": 3,
										"cooldown_time": 0.1,
										"knockback_filters": {
											"all_of": [
												{
													"subject": "other",
													"test": "is_family",
													"operator": "!=",
													"value": "gaster"
												}
											]
										},
										"damage_filters": {
											"all_of": [
												{
													"subject": "other",
													"test": "is_family",
													"operator": "!=",
													"value": "gaster"
												}
											]
										}
									},
									"minecraft:explode": {
										"causesFire": false,
										"destroyAffectedByGriefing": true,
										"fuseLength": 5,
										"fuseLit": true,
										"power": 0
									}
								}
							},
							"events": {
								"minecraft:entity_spawned": {
									"add": {
										"component_groups": [
											"all"
										]
									}
								}
							}
						},
						"key": "component_groups",
						"children": [
							{
								"open": {
									"all": {
										"minecraft:behavior.knockback_roar": {
											"priority": 0,
											"attack_time": 0.1,
											"duration": 1,
											"knockback_damage": 3,
											"knockback_range": 2,
											"knockback_strength": 3,
											"cooldown_time": 0.1,
											"knockback_filters": {
												"all_of": [
													{
														"subject": "other",
														"test": "is_family",
														"operator": "!=",
														"value": "gaster"
													}
												]
											},
											"damage_filters": {
												"all_of": [
													{
														"subject": "other",
														"test": "is_family",
														"operator": "!=",
														"value": "gaster"
													}
												]
											}
										},
										"minecraft:explode": {
											"causesFire": false,
											"destroyAffectedByGriefing": true,
											"fuseLength": 5,
											"fuseLit": true,
											"power": 0
										}
									}
								},
								"key": "all",
								"children": [
									{
										"key": "minecraft:behavior.knockback_roar",
										"is_minified": true,
										"children": {
											"priority": 0,
											"attack_time": 0.1,
											"duration": 1,
											"knockback_damage": 3,
											"knockback_range": 2,
											"knockback_strength": 3,
											"cooldown_time": 0.1,
											"knockback_filters": {
												"all_of": [
													{
														"subject": "other",
														"test": "is_family",
														"operator": "!=",
														"value": "gaster"
													}
												]
											},
											"damage_filters": {
												"all_of": [
													{
														"subject": "other",
														"test": "is_family",
														"operator": "!=",
														"value": "gaster"
													}
												]
											}
										}
									},
									{
										"open": {
											"minecraft:behavior.knockback_roar": {
												"priority": 0,
												"attack_time": 0.1,
												"duration": 1,
												"knockback_damage": 3,
												"knockback_range": 2,
												"knockback_strength": 3,
												"cooldown_time": 0.1,
												"knockback_filters": {
													"all_of": [
														{
															"subject": "other",
															"test": "is_family",
															"operator": "!=",
															"value": "gaster"
														}
													]
												},
												"damage_filters": {
													"all_of": [
														{
															"subject": "other",
															"test": "is_family",
															"operator": "!=",
															"value": "gaster"
														}
													]
												}
											},
											"minecraft:explode": {
												"causesFire": false,
												"destroyAffectedByGriefing": true,
												"fuseLength": 5,
												"fuseLit": true,
												"power": 0
											}
										},
										"key": "minecraft:explode",
										"is_minified": true,
										"children": {
											"causesFire": false,
											"destroyAffectedByGriefing": true,
											"fuseLength": 5,
											"fuseLit": true,
											"power": 0
										}
									}
								]
							}
						]
					},
					{
						"open": {
							"description": {
								"identifier": "void:thorn",
								"is_spawnable": false,
								"is_summonable": true,
								"is_experimental": false
							},
							"components": {
								"minecraft:physics": {
									"has_collision": true,
									"has_gravity": true
								},
								"minecraft:health": {
									"value": 1,
									"max": 1,
									"min": 1
								},
								"minecraft:type_family": {
									"family": [
										"gaster"
									]
								},
								"minecraft:fire_immune": true,
								"minecraft:collision_box": {
									"width": 0,
									"height": 0
								}
							},
							"component_groups": {
								"all": {
									"minecraft:behavior.knockback_roar": {
										"priority": 0,
										"attack_time": 0.1,
										"duration": 1,
										"knockback_damage": 3,
										"knockback_range": 2,
										"knockback_strength": 3,
										"cooldown_time": 0.1,
										"knockback_filters": {
											"all_of": [
												{
													"subject": "other",
													"test": "is_family",
													"operator": "!=",
													"value": "gaster"
												}
											]
										},
										"damage_filters": {
											"all_of": [
												{
													"subject": "other",
													"test": "is_family",
													"operator": "!=",
													"value": "gaster"
												}
											]
										}
									},
									"minecraft:explode": {
										"causesFire": false,
										"destroyAffectedByGriefing": true,
										"fuseLength": 5,
										"fuseLit": true,
										"power": 0
									}
								}
							},
							"events": {
								"minecraft:entity_spawned": {
									"add": {
										"component_groups": [
											"all"
										]
									}
								}
							}
						},
						"key": "events",
						"children": [
							{
								"open": {
									"minecraft:entity_spawned": {
										"add": {
											"component_groups": [
												"all"
											]
										}
									}
								},
								"key": "minecraft:entity_spawned",
								"children": [
									{
										"open": {
											"add": {
												"component_groups": [
													"all"
												]
											}
										},
										"key": "add",
										"children": [
											{
												"open": {
													"component_groups": [
														"all"
													]
												},
												"key": "component_groups",
												"is_minified": true,
												"children": [
													"all"
												]
											}
										]
									}
								]
							}
						]
					}
				]
			}
		]
	}
}