{
	"format_version": "1.12.0",
	"minecraft:geometry": [
		{
			"description": {
				"identifier": "geometry.small_engine",
				"texture_width": 64,
				"texture_height": 64,
				"visible_bounds_width": 4,
				"visible_bounds_height": 4.5,
				"visible_bounds_offset": [
					0,
					0.75,
					0
				]
			},
			"bones": [
				{
					"name": "root",
					"pivot": [
						0,
						0,
						0
					]
				},
				{
					"name": "waist",
					"parent": "root",
					"pivot": [
						0,
						12,
						0
					]
				},
				{
					"name": "body",
					"parent": "waist",
					"pivot": [
						0,
						24,
						0
					]
				},
				{
					"name": "head",
					"parent": "body",
					"pivot": [
						0,
						24,
						0
					]
				},
				{
					"name": "hat",
					"parent": "head",
					"pivot": [
						0,
						24,
						0
					]
				},
				{
					"name": "cape",
					"parent": "body",
					"pivot": [
						0,
						24,
						3
					]
				},
				{
					"name": "leftArm",
					"parent": "body",
					"pivot": [
						5,
						22,
						0
					]
				},
				{
					"name": "leftSleeve",
					"parent": "leftArm",
					"pivot": [
						5,
						22,
						0
					]
				},
				{
					"name": "leftItem",
					"parent": "leftArm",
					"pivot": [
						6,
						15,
						1
					]
				},
				{
					"name": "rightArm",
					"parent": "body",
					"pivot": [
						-5,
						22,
						0
					]
				},
				{
					"name": "rightSleeve",
					"parent": "rightArm",
					"pivot": [
						-5,
						22,
						0
					]
				},
				{
					"name": "rightItem",
					"parent": "rightArm",
					"pivot": [
						-6,
						15,
						1
					],
					"locators": {
						"lead_hold": [
							-6,
							15,
							1
						]
					}
				},
				{
					"name": "small_engine",
					"parent": "rightItem",
					"pivot": [
						-6,
						15,
						1
					],
					"cubes": [
						{
							"origin": [
								-9,
								11,
								-4
							],
							"size": [
								6,
								5,
								6
							],
							"uv": [
								0,
								0
							]
						},
						{
							"origin": [
								-8,
								12,
								-5
							],
							"size": [
								4,
								3,
								1
							],
							"uv": [
								16,
								22
							]
						},
						{
							"origin": [
								-8,
								12,
								2
							],
							"size": [
								4,
								3,
								1
							],
							"uv": [
								16,
								22
							],
							"mirror": true
						},
						{
							"origin": [
								-13,
								11,
								-3
							],
							"size": [
								4,
								4,
								4
							],
							"uv": [
								0,
								22
							]
						},
						{
							"origin": [
								-6,
								12,
								-3
							],
							"size": [
								8,
								3,
								4
							],
							"pivot": [
								-6,
								13.5,
								-1
							],
							"rotation": [
								0,
								0,
								-45
							],
							"uv": [
								24,
								0
							]
						},
						{
							"origin": [
								0,
								11,
								-4
							],
							"size": [
								1,
								5,
								6
							],
							"pivot": [
								-6,
								13.5,
								-1
							],
							"rotation": [
								0,
								0,
								-45
							],
							"uv": [
								14,
								11
							]
						},
						{
							"origin": [
								-2,
								11,
								-4
							],
							"size": [
								1,
								5,
								6
							],
							"pivot": [
								-6,
								13.5,
								-1
							],
							"rotation": [
								0,
								0,
								-45
							],
							"uv": [
								0,
								11
							]
						}
					]
				},
				{
					"name": "jacket",
					"parent": "root",
					"pivot": [
						0,
						24,
						0
					]
				},
				{
					"name": "leftLeg",
					"parent": "root",
					"pivot": [
						1.9,
						12,
						0
					]
				},
				{
					"name": "leftPants",
					"parent": "leftLeg",
					"pivot": [
						1.9,
						12,
						0
					]
				},
				{
					"name": "rightLeg",
					"parent": "root",
					"pivot": [
						-1.9,
						12,
						0
					]
				},
				{
					"name": "rightPants",
					"parent": "rightLeg",
					"pivot": [
						-1.9,
						12,
						0
					]
				},
				{
					"name": "bodypart1",
					"pivot": [
						-6,
						17,
						-5.5
					],
					"rotation": [
						45,
						0,
						0
					]
				}
			]
		}
	]
}