{
    "format_version": "1.16.0",
    "minecraft:block": {
      "description": {
        "identifier": "loled:setup_notebook",
        "properties": {
          "loled:face": [
            2,
            3,
            4,
            5,
            6
          ],
          "loled:on": [
            false,
            true
          ]
        }
      },
      "components": {
        "minecraft:material_instances": {
          "*": {
            "texture": "notebook",
            "render_method": "opaque"
          }
        },
        "minecraft:creative_category": {
          "group": "itemGroup.name.setup",
          "category": "construction"
        },
        "minecraft:pick_collision": {
          "origin": [
            -8,
            0,
            -6
          ],
          "size": [
            16,
            1.2,
            13
          ]
        },
        "minecraft:loot": "loot_tables/setup/setup_notebook.json",
        "minecraft:geometry": "geometry.notebook",
        "minecraft:destroy_time": 2,
        "minecraft:block_light_absorption": 2,
        "minecraft:entity_collision": {
          "origin": [
            -8,
            0,
            -6
          ],
          "size": [
            16,
            1.3,
            13
          ]
        },
        "minecraft:friction": 0.6,
        "minecraft:map_color": "#00ff00",
        "minecraft:flammable": {
          "flame_odds": 0,
          "burn_odds": 0
        },
        "minecraft:on_placed": {
          "event": "loled:summon"
        },
        "minecraft:on_interact": {
          "event": "loled:toggle"
        },
        "minecraft:on_player_placing": {
          "event": "loled:face"
        },
        "minecraft:block_light_emission": 0.5
      },
      "permutations": [
        {
          "condition": "query.block_property('loled:face') == 3",
          "components": {
            "minecraft:rotation": [
              0,
              180,
              0
            ]
          }
        },
        {
          "condition": "query.block_property('loled:face') == 4",
          "components": {
            "minecraft:rotation": [
              0,
              90,
              0
            ]
          }
        },
        {
          "condition": "query.block_property('loled:face') == 5",
          "components": {
            "minecraft:rotation": [
              0,
              270,
              0
            ]
          }
        },
        {
          "condition": "!query.block_property('loled:on')",
          "components": {
            "minecraft:material_instances": {
              "*": {
                "texture": "notebook_off",
                "render_method": "opaque"
              }
            },
            "minecraft:pick_collision": {
              "origin": [
                -8,
                0,
                -6
              ],
              "size": [
                16,
                1.2,
                13
              ]
            },
            "minecraft:block_light_absorption": 2,
            "minecraft:block_light_emission": 0,
            "minecraft:entity_collision": {
              "origin": [
                -8,
                0,
                -6
              ],
              "size": [
                16,
                1.3,
                13
              ]
            }
          }
        }
      ],
      "events": {
        "loled:face": {
          "set_block_property": {
            "loled:face": "(query.cardinal_player_facing)"
          }
        },
        "loled:summon": {
          "run_command": {
            "command": [
              "summon tl:camera_monitor_c1_search_none_found"
            ]
          }
        },
        "loled:toggle": {
          "set_block_property": {
            "loled:on": "query.block_property('loled:on') ? false : true"
          }
        }
      }
    }
  }