{"format_version":"1.13.0","minecraft:entity":{"description":{"identifier":"wg:asgore","is_spawnable":true,"is_summonable":true,"is_experimental":false,"scripts":{"animate":["time","bgm","saying","comeback"]},"animations":{"time":"controller.animation.time","say":"animation.say","bgm":"controller.animation.bgm","saying":"controller.animation.say","comeback":"controller.animation.comeback","talk":"animation.talk"}},"component_groups":{"trident":{"minecraft:variant":{"value":0},"minecraft:behavior.melee_attack":{"priority":1,"speed_multiplier":2,"track_target":true,"target_dist":50,"look_distance":30},"minecraft:attack":{"damage":20},"minecraft:timer":{"looping":true,"time":[10,10],"time_down_event":{"event":"firemagic","target":"self"}},"minecraft:movement":{"value":0.3},"damage":{}},"fire_pillar":{"minecraft:variant":{"value":1},"minecraft:behavior.summon_entity":{"priority":1,"summon_choices":[{"weight":5,"cooldown_time":1.45,"cast_duration":0.54,"sequence":[{"shape":"line","target":"self","base_delay":0.08,"delay_per_summon":0.01,"num_entities_spawned":10,"entity_type":"wg:pillar","summon_cap":5,"size":5},{"shape":"line","target":"target","base_delay":0.08,"delay_per_summon":0.01,"num_entities_spawned":10,"entity_type":"wg:pillar","summon_cap":5,"size":5}]}]},"minecraft:attack":{"damage":2},"minecraft:timer":{"time":[5,5],"looping":true,"time_down_event":{"event":"firemagic","target":"self"}}},"waves_of_fire":{"minecraft:variant":{"value":2},"minecraft:behavior.summon_entity":{"priority":1,"summon_choices":[{"weight":5,"cooldown_time":1.45,"cast_duration":0.54,"sequence":[{"shape":"circle","target":"target","base_delay":0.08,"delay_per_summon":0.01,"num_entities_spawned":40,"entity_type":"wg:pillar","summon_cap":8,"size":40},{"shape":"circle","target":"target","base_delay":0.08,"delay_per_summon":0.01,"num_entities_spawned":100,"entity_type":"wg:pillar","summon_cap":8,"size":100}]}]},"minecraft:attack":{"damage":2},"minecraft:timer":{"time":[5,5],"looping":true,"time_down_event":{"event":"firemagic","target":"self"}}},"trident_throw":{"minecraft:variant":{"value":3},"minecraft:behavior.summon_entity":{"priority":1,"summon_choices":[{"weight":5,"cooldown_time":1.45,"cast_duration":0.54,"sequence":[{"shape":"line","target":"self","base_delay":0.08,"delay_per_summon":0.01,"num_entities_spawned":40,"entity_type":"wg:trident","summon_cap":8,"size":40},{"shape":"line","target":"target","base_delay":0.08,"delay_per_summon":0.01,"num_entities_spawned":100,"entity_type":"wg:trident","summon_cap":8,"size":100}]}]},"minecraft:attack":{"damage":30},"minecraft:timer":{"looping":true,"time":[5,5],"time_down_event":{"event":"firemagic","target":"self"}}},"im":{"minecraft:transformation":{"into":"is:dead<minecraft:entity_spawned>"}},"im2":{"minecraft:is_illager_captain":{}}},"components":{"minecraft:type_family":{"family":["asgore"]},"minecraft:collision_box":{"width":0.6,"height":1.9},"minecraft:movement.basic":{},"minecraft:navigation.walk":{"is_amphibious":true,"can_pass_doors":true,"can_walk":true,"can_break_doors":true},"minecraft:annotation.break_door":{},"minecraft:jump.static":{},"minecraft:can_climb":{},"minecraft:health":{"value":2000,"max":2000},"minecraft:hurt_on_condition":{"damage_conditions":[{"filters":{"test":"in_lava","subject":"self","operator":"==","value":true},"cause":"lava","damage_per_tick":4}]},"minecraft:breathable":{"total_supply":15,"suffocate_time":0,"breathes_air":true,"breathes_water":true},"minecraft:attack":{"damage":3},"minecraft:behavior.move_towards_restriction":{"priority":5,"speed_multiplier":1},"minecraft:behavior.random_stroll":{"priority":6,"speed_multiplier":1},"minecraft:behavior.look_at_player":{"priority":7,"look_distance":6,"probability":0.02},"minecraft:behavior.hurt_by_target":{"priority":1,"entity_types":[{"filters":{"all_of":[{"subject":"other","operator":"!=","test":"is_family"}]}}]},"minecraft:behavior.nearest_attackable_target":{"priority":0,"entity_types":[{"filters":{"all_of":[{"test":"is_family","subject":"other","operator":"!=","value":"asgore"}]}},{"max_dist":6666}],"must_see":true},"minecraft:physics":{},"minecraft:pushable":{"is_pushable":true,"is_pushable_by_piston":true},"minecraft:scale":{"value":1},"minecraft:knockback_resistance":{"value":99999,"max":999999},"minecraft:fire_immune":true,"minecraft:boss":{"name":"KING ASGORE","should_darken_sky":true,"hud_range":125},"minecraft:damage_sensor":{"triggers":[{"cause":"entity_explosion","deals_damage":false}]}},"events":{"minecraft:entity_spawned":{"add":{"component_groups":["trident"]}},"firemagic":{"randomize":[{"weight":5,"add":{"component_groups":["fire_pillar"]},"remove":{"component_groups":["trident","waves_of_fire","trident_throw"]}},{"weight":5,"add":{"component_groups":["waves_of_fire"]},"remove":{"component_groups":["fire_pillar","trident","trident_throw"]}},{"weight":5,"add":{"component_groups":["trident"]},"remove":{"component_groups":["fire_pillar","waves_of_fire","trident_throw"]}},{"weight":5,"add":{"component_groups":["trident_throw"]},"remove":{"component_groups":["trident","fire_pillar","waves_of_fire"]}}]},"wg:comeback":{"add":{"component_groups":["im","im2"]}}}}}
