{
	"format_version": "1.12.0",
	"minecraft:geometry": [
		{
			"description": {
				"identifier": "geometry.tuktukthai",
				"texture_width": 512,
				"texture_height": 512,
				"visible_bounds_width": 6,
				"visible_bounds_height": 3.5,
				"visible_bounds_offset": [
					0,
					1.25,
					0
				]
			},
			"bones": [
				{
					"name": "body",
					"pivot": [
						0,
						0,
						0
					],
					"cubes": [
						{
							"origin": [
								-17,
								2,
								-13
							],
							"size": [
								34,
								2,
								33
							],
							"uv": [
								0,
								43
							]
						},
						{
							"origin": [
								-15,
								4,
								-19
							],
							"size": [
								30,
								2,
								39
							],
							"uv": [
								152,
								0
							]
						},
						{
							"origin": [
								-17,
								4,
								19
							],
							"size": [
								5,
								10,
								1
							],
							"uv": [
								52,
								315
							]
						},
						{
							"origin": [
								-17,
								4,
								-1
							],
							"size": [
								2,
								11,
								20
							],
							"uv": [
								0,
								182
							]
						},
						{
							"origin": [
								-17,
								4,
								32
							],
							"size": [
								5,
								7,
								4
							],
							"uv": [
								62,
								268
							]
						},
						{
							"origin": [
								-17,
								6,
								31
							],
							"size": [
								5,
								5,
								1
							],
							"uv": [
								0,
								342
							]
						},
						{
							"origin": [
								-17,
								11,
								20
							],
							"size": [
								5,
								3,
								16
							],
							"uv": [
								42,
								213
							]
						},
						{
							"origin": [
								-17,
								11.1,
								20.2
							],
							"size": [
								5,
								2,
								4
							],
							"pivot": [
								-14.5,
								10.6,
								24.2
							],
							"rotation": [
								25,
								0,
								0
							],
							"uv": [
								0,
								310
							]
						},
						{
							"origin": [
								-17,
								12.2,
								26.5
							],
							"size": [
								5,
								2,
								4
							],
							"pivot": [
								-14.5,
								10.6,
								24.2
							],
							"rotation": [
								-25,
								0,
								0
							],
							"uv": [
								74,
								301
							]
						},
						{
							"origin": [
								-18,
								11.1,
								20.7
							],
							"size": [
								1,
								2,
								4
							],
							"pivot": [
								-15.5,
								10.6,
								24.7
							],
							"rotation": [
								25,
								0,
								0
							],
							"uv": [
								32,
								342
							]
						},
						{
							"origin": [
								-18,
								10.89069,
								23.50593
							],
							"size": [
								1,
								2,
								5
							],
							"uv": [
								68,
								327
							]
						},
						{
							"origin": [
								-18,
								12.2,
								27
							],
							"size": [
								1,
								2,
								4
							],
							"pivot": [
								-15.5,
								10.6,
								24.7
							],
							"rotation": [
								-25,
								0,
								0
							],
							"uv": [
								42,
								342
							]
						},
						{
							"origin": [
								17,
								10.89069,
								23.50593
							],
							"size": [
								1,
								2,
								5
							],
							"uv": [
								56,
								335
							]
						},
						{
							"origin": [
								17,
								11.1,
								20.7
							],
							"size": [
								1,
								2,
								4
							],
							"pivot": [
								19.5,
								10.6,
								24.7
							],
							"rotation": [
								25,
								0,
								0
							],
							"uv": [
								12,
								342
							]
						},
						{
							"origin": [
								17,
								12.2,
								27
							],
							"size": [
								1,
								2,
								4
							],
							"pivot": [
								19.5,
								10.6,
								24.7
							],
							"rotation": [
								-25,
								0,
								0
							],
							"uv": [
								22,
								342
							]
						},
						{
							"origin": [
								-17,
								13.6,
								19.3
							],
							"size": [
								5,
								1,
								4
							],
							"pivot": [
								-14.5,
								10.6,
								24.2
							],
							"rotation": [
								75,
								0,
								0
							],
							"uv": [
								52,
								310
							]
						},
						{
							"origin": [
								-17,
								12.6,
								15.3
							],
							"size": [
								5,
								1,
								8
							],
							"pivot": [
								-14.5,
								10.6,
								24.2
							],
							"rotation": [
								75,
								0,
								0
							],
							"uv": [
								26,
								255
							]
						},
						{
							"origin": [
								-17,
								2.61303,
								21.40109
							],
							"size": [
								5,
								1,
								8
							],
							"pivot": [
								-14.5,
								0.61303,
								30.30109
							],
							"rotation": [
								-75,
								0,
								0
							],
							"uv": [
								26,
								246
							]
						},
						{
							"origin": [
								12,
								11,
								20
							],
							"size": [
								5,
								3,
								16
							],
							"uv": [
								0,
								213
							]
						},
						{
							"origin": [
								-12,
								4,
								20
							],
							"size": [
								24,
								7,
								16
							],
							"uv": [
								92,
								128
							]
						},
						{
							"origin": [
								-16,
								4,
								1
							],
							"size": [
								32,
								7,
								8
							],
							"uv": [
								172,
								128
							]
						},
						{
							"origin": [
								-16,
								13,
								29
							],
							"size": [
								32,
								9,
								3
							],
							"uv": [
								0,
								167
							]
						},
						{
							"origin": [
								-16,
								10,
								1
							],
							"size": [
								32,
								11,
								3
							],
							"pivot": [
								0,
								10.5,
								2.5
							],
							"rotation": [
								12.5,
								0,
								0
							],
							"uv": [
								220,
								151
							]
						},
						{
							"origin": [
								-12,
								11,
								29
							],
							"size": [
								24,
								2,
								3
							],
							"uv": [
								84,
								213
							]
						},
						{
							"origin": [
								16,
								14,
								19
							],
							"size": [
								1,
								1,
								17
							],
							"uv": [
								210,
								213
							]
						},
						{
							"origin": [
								-17,
								14,
								19
							],
							"size": [
								1,
								1,
								17
							],
							"uv": [
								174,
								213
							]
						},
						{
							"origin": [
								12,
								4,
								19
							],
							"size": [
								5,
								10,
								1
							],
							"uv": [
								34,
								315
							]
						},
						{
							"origin": [
								12,
								4,
								32
							],
							"size": [
								5,
								7,
								4
							],
							"uv": [
								38,
								275
							]
						},
						{
							"origin": [
								12,
								2.61303,
								21.40109
							],
							"size": [
								5,
								1,
								8
							],
							"pivot": [
								14.5,
								0.61303,
								30.30109
							],
							"rotation": [
								-75,
								0,
								0
							],
							"uv": [
								0,
								255
							]
						},
						{
							"origin": [
								12,
								12.6,
								15.3
							],
							"size": [
								5,
								1,
								8
							],
							"pivot": [
								14.5,
								10.6,
								24.2
							],
							"rotation": [
								75,
								0,
								0
							],
							"uv": [
								0,
								246
							]
						},
						{
							"origin": [
								12,
								11.1,
								20.2
							],
							"size": [
								5,
								2,
								4
							],
							"pivot": [
								14.5,
								10.6,
								24.2
							],
							"rotation": [
								25,
								0,
								0
							],
							"uv": [
								74,
								295
							]
						},
						{
							"origin": [
								12,
								13.6,
								19.3
							],
							"size": [
								5,
								1,
								4
							],
							"pivot": [
								14.5,
								10.6,
								24.2
							],
							"rotation": [
								75,
								0,
								0
							],
							"uv": [
								34,
								310
							]
						},
						{
							"origin": [
								12,
								12.2,
								26.5
							],
							"size": [
								5,
								2,
								4
							],
							"pivot": [
								14.5,
								10.6,
								24.2
							],
							"rotation": [
								-25,
								0,
								0
							],
							"uv": [
								74,
								289
							]
						},
						{
							"origin": [
								12,
								6,
								31
							],
							"size": [
								5,
								5,
								1
							],
							"uv": [
								112,
								327
							]
						},
						{
							"origin": [
								-15,
								6,
								-9
							],
							"size": [
								30,
								5,
								8
							],
							"uv": [
								252,
								128
							]
						},
						{
							"origin": [
								-6,
								10,
								-11
							],
							"size": [
								12,
								2,
								8
							],
							"uv": [
								0,
								232
							]
						},
						{
							"origin": [
								-6,
								11,
								-3
							],
							"size": [
								12,
								11,
								2
							],
							"uv": [
								130,
								232
							]
						},
						{
							"origin": [
								-5,
								4,
								-10
							],
							"size": [
								10,
								6,
								7
							],
							"uv": [
								40,
								232
							]
						},
						{
							"origin": [
								15,
								4,
								-3
							],
							"size": [
								2,
								17,
								2
							],
							"uv": [
								88,
								268
							]
						},
						{
							"origin": [
								16,
								4,
								-1
							],
							"size": [
								1,
								16,
								5
							],
							"uv": [
								26,
								268
							]
						},
						{
							"origin": [
								16,
								2.6185,
								1.52135
							],
							"size": [
								1,
								17,
								5
							],
							"inflate": -0.001,
							"pivot": [
								16.5,
								11.6185,
								4.02135
							],
							"rotation": [
								17.5,
								0,
								0
							],
							"uv": [
								52,
								246
							]
						},
						{
							"origin": [
								6,
								15,
								-3
							],
							"size": [
								9,
								2,
								2
							],
							"uv": [
								0,
								297
							]
						},
						{
							"origin": [
								6,
								18,
								-3
							],
							"size": [
								9,
								2,
								2
							],
							"uv": [
								0,
								293
							]
						},
						{
							"origin": [
								6,
								12,
								-3
							],
							"size": [
								9,
								2,
								2
							],
							"uv": [
								0,
								289
							]
						},
						{
							"origin": [
								-15,
								18,
								-3
							],
							"size": [
								9,
								2,
								2
							],
							"uv": [
								108,
								276
							]
						},
						{
							"origin": [
								-15,
								15,
								-3
							],
							"size": [
								9,
								2,
								2
							],
							"uv": [
								108,
								272
							]
						},
						{
							"origin": [
								-15,
								12,
								-3
							],
							"size": [
								9,
								2,
								2
							],
							"uv": [
								108,
								268
							]
						},
						{
							"origin": [
								-17,
								4,
								-3
							],
							"size": [
								2,
								17,
								2
							],
							"uv": [
								80,
								268
							]
						},
						{
							"origin": [
								-17,
								21,
								-3
							],
							"size": [
								2,
								13,
								2
							],
							"uv": [
								26,
								310
							]
						},
						{
							"origin": [
								15,
								21,
								-3
							],
							"size": [
								2,
								13,
								2
							],
							"uv": [
								18,
								310
							]
						},
						{
							"origin": [
								-12,
								2,
								20
							],
							"size": [
								24,
								2,
								12
							],
							"uv": [
								70,
								151
							]
						},
						{
							"origin": [
								-17,
								2,
								32
							],
							"size": [
								34,
								2,
								5
							],
							"uv": [
								142,
								151
							]
						},
						{
							"origin": [
								-17,
								4,
								36
							],
							"size": [
								34,
								11,
								1
							],
							"uv": [
								0,
								151
							]
						},
						{
							"origin": [
								-16,
								2,
								-17
							],
							"size": [
								32,
								2,
								4
							],
							"uv": [
								70,
								167
							]
						},
						{
							"origin": [
								-15,
								15,
								-23
							],
							"size": [
								30,
								4,
								4
							],
							"uv": [
								272,
								167
							]
						},
						{
							"origin": [
								-16,
								11.17157,
								-20
							],
							"size": [
								32,
								7,
								2
							],
							"pivot": [
								0,
								16.17157,
								-19
							],
							"rotation": [
								45,
								0,
								0
							],
							"uv": [
								204,
								167
							]
						},
						{
							"origin": [
								14.61798,
								15,
								-21.44983
							],
							"size": [
								2,
								4,
								4
							],
							"pivot": [
								16.11798,
								16.54269,
								-19.44983
							],
							"rotation": [
								0,
								11.2687,
								0
							],
							"uv": [
								56,
								327
							]
						},
						{
							"origin": [
								-16.65282,
								15,
								-21.38149
							],
							"size": [
								2,
								4,
								4
							],
							"pivot": [
								-16.15282,
								16.54269,
								-19.38149
							],
							"rotation": [
								0,
								-11.2687,
								0
							],
							"uv": [
								44,
								327
							]
						},
						{
							"origin": [
								14.73634,
								15,
								-22.90723
							],
							"size": [
								1,
								4,
								2
							],
							"pivot": [
								15.23634,
								16,
								-21.90723
							],
							"rotation": [
								0,
								38.7687,
								0
							],
							"uv": [
								118,
								370
							]
						},
						{
							"origin": [
								-15.73634,
								15,
								-22.90723
							],
							"size": [
								1,
								4,
								2
							],
							"pivot": [
								-15.23634,
								16,
								-21.90723
							],
							"rotation": [
								0,
								-38.7687,
								0
							],
							"uv": [
								112,
								370
							]
						},
						{
							"origin": [
								15.08091,
								30.09468,
								-15.58541
							],
							"size": [
								1,
								4,
								5
							],
							"pivot": [
								0,
								32.59468,
								-17.96015
							],
							"rotation": [
								7.6457,
								11.17105,
								1.48979
							],
							"uv": [
								12,
								327
							]
						},
						{
							"origin": [
								14.08091,
								32.09468,
								-15.58541
							],
							"size": [
								1,
								2,
								4
							],
							"pivot": [
								0,
								32.59468,
								-17.96015
							],
							"rotation": [
								7.6457,
								11.17105,
								1.48979
							],
							"uv": [
								10,
								370
							]
						},
						{
							"origin": [
								-14.98258,
								30.09468,
								-20.26459
							],
							"size": [
								30,
								4,
								1
							],
							"pivot": [
								0,
								32.59468,
								-17.96015
							],
							"rotation": [
								7.5,
								0,
								0
							],
							"uv": [
								44,
								195
							]
						},
						{
							"origin": [
								-1,
								28.86343,
								-20.18389
							],
							"size": [
								2,
								3,
								1
							],
							"pivot": [
								0,
								31.86343,
								-19.68389
							],
							"rotation": [
								50,
								0,
								0
							],
							"uv": [
								124,
								370
							]
						},
						{
							"origin": [
								-2,
								28.06343,
								-23.08389
							],
							"size": [
								4,
								1,
								5
							],
							"pivot": [
								0,
								31.86343,
								-19.68389
							],
							"rotation": [
								65,
								0,
								0
							],
							"uv": [
								40,
								304
							]
						},
						{
							"origin": [
								-14.98258,
								32.09468,
								-19.26459
							],
							"size": [
								30,
								2,
								16
							],
							"pivot": [
								0,
								32.59468,
								-17.96015
							],
							"rotation": [
								7.5,
								0,
								0
							],
							"uv": [
								0,
								128
							]
						},
						{
							"origin": [
								15.01742,
								32.09468,
								-15.26459
							],
							"size": [
								2,
								2,
								12
							],
							"pivot": [
								0,
								32.59468,
								-17.96015
							],
							"rotation": [
								7.5,
								0,
								0
							],
							"uv": [
								102,
								232
							]
						},
						{
							"origin": [
								-16.98258,
								32.09468,
								-15.26459
							],
							"size": [
								2,
								2,
								12
							],
							"pivot": [
								0,
								32.59468,
								-17.96015
							],
							"rotation": [
								7.5,
								0,
								0
							],
							"uv": [
								74,
								232
							]
						},
						{
							"origin": [
								12.15177,
								30.09468,
								-10.35329
							],
							"size": [
								1,
								4,
								2
							],
							"pivot": [
								0,
								32.59468,
								-17.96015
							],
							"rotation": [
								9.58424,
								38.37611,
								5.98437
							],
							"uv": [
								106,
								370
							]
						},
						{
							"origin": [
								-13.12461,
								30.09468,
								-10.37511
							],
							"size": [
								1,
								4,
								2
							],
							"pivot": [
								0,
								32.59468,
								-17.96015
							],
							"rotation": [
								9.58424,
								-38.37611,
								-5.98437
							],
							"uv": [
								100,
								370
							]
						},
						{
							"origin": [
								-16.06755,
								30.09468,
								-15.51839
							],
							"size": [
								1,
								4,
								5
							],
							"pivot": [
								0,
								32.59468,
								-17.96015
							],
							"rotation": [
								7.6457,
								-11.17105,
								-1.48979
							],
							"uv": [
								0,
								327
							]
						},
						{
							"origin": [
								-15.06755,
								32.09468,
								-15.51839
							],
							"size": [
								1,
								2,
								4
							],
							"pivot": [
								0,
								32.59468,
								-17.96015
							],
							"rotation": [
								7.6457,
								-11.17105,
								-1.48979
							],
							"uv": [
								0,
								370
							]
						},
						{
							"origin": [
								-15.39062,
								18.54886,
								-18.28283
							],
							"size": [
								0,
								13,
								3
							],
							"pivot": [
								-0.37098,
								18.54886,
								-20.96505
							],
							"rotation": [
								-12.73777,
								-10.99821,
								2.46941
							],
							"uv": [
								104,
								310
							]
						},
						{
							"origin": [
								-16.03706,
								18.5543,
								-15.30734
							],
							"size": [
								1,
								16,
								1
							],
							"pivot": [
								-0.01742,
								18.5543,
								-20.98956
							],
							"rotation": [
								-12.73777,
								-10.99821,
								2.46941
							],
							"uv": [
								114,
								310
							]
						},
						{
							"origin": [
								-15,
								18.5543,
								-22.04881
							],
							"size": [
								30,
								13,
								0
							],
							"pivot": [
								-0.01742,
								18.5543,
								-20.98956
							],
							"rotation": [
								-12.5,
								0,
								0
							],
							"uv": [
								44,
								182
							]
						},
						{
							"origin": [
								15.01557,
								18.5543,
								-15.37436
							],
							"size": [
								1,
								16,
								1
							],
							"pivot": [
								-0.01742,
								18.5543,
								-20.98956
							],
							"rotation": [
								-12.73777,
								10.99821,
								-2.46941
							],
							"uv": [
								110,
								310
							]
						},
						{
							"origin": [
								15.40495,
								18.53411,
								-18.28332
							],
							"size": [
								0,
								13,
								3
							],
							"pivot": [
								0.37196,
								18.53411,
								-20.89852
							],
							"rotation": [
								-12.73777,
								10.99821,
								-2.46941
							],
							"uv": [
								98,
								310
							]
						},
						{
							"origin": [
								12.7605,
								18.47339,
								-12.82658
							],
							"size": [
								0,
								13,
								1
							],
							"pivot": [
								0.76226,
								18.47339,
								-20.6246
							],
							"rotation": [
								-15.8726,
								37.6861,
								-9.86104
							],
							"uv": [
								76,
								356
							]
						},
						{
							"origin": [
								-12.14122,
								18.642,
								-12.60898
							],
							"size": [
								0,
								13,
								1
							],
							"pivot": [
								-0.17014,
								18.642,
								-21.38518
							],
							"rotation": [
								-15.8726,
								-37.6861,
								9.86104
							],
							"uv": [
								74,
								356
							]
						},
						{
							"origin": [
								-15,
								1.74435,
								-22.77859
							],
							"size": [
								30,
								14,
								1
							],
							"pivot": [
								0,
								14.74435,
								-20.77859
							],
							"rotation": [
								20,
								0,
								0
							],
							"uv": [
								142,
								167
							]
						},
						{
							"origin": [
								-21.07523,
								-2.80163,
								-34.26856
							],
							"size": [
								1,
								14,
								1
							],
							"pivot": [
								-5.07523,
								10.19837,
								-33.26856
							],
							"rotation": [
								30.87463,
								48.20277,
								24.02393
							],
							"uv": [
								92,
								327
							]
						},
						{
							"origin": [
								-21.68399,
								-2.53028,
								-33.52305
							],
							"size": [
								1,
								14,
								1
							],
							"pivot": [
								-5.68399,
								10.46972,
								-32.52305
							],
							"rotation": [
								30.87463,
								48.20277,
								24.02393
							],
							"uv": [
								88,
								327
							]
						},
						{
							"origin": [
								14.21208,
								1.7976,
								-20.07433
							],
							"size": [
								1,
								14,
								1
							],
							"pivot": [
								15.21208,
								8.7976,
								-19.57433
							],
							"rotation": [
								30.87463,
								-48.20277,
								-24.02393
							],
							"uv": [
								84,
								327
							]
						},
						{
							"origin": [
								15.21208,
								1.7976,
								-20.07433
							],
							"size": [
								1,
								14,
								1
							],
							"pivot": [
								15.21208,
								8.7976,
								-19.57433
							],
							"rotation": [
								30.87463,
								-48.20277,
								-24.02393
							],
							"uv": [
								80,
								327
							]
						},
						{
							"origin": [
								14.4748,
								2.5785,
								-16.91627
							],
							"size": [
								1,
								13,
								1
							],
							"pivot": [
								15.4748,
								8.5785,
								-16.41627
							],
							"rotation": [
								30.87463,
								-48.20277,
								-24.02393
							],
							"uv": [
								108,
								327
							]
						},
						{
							"origin": [
								-18.07242,
								2.66818,
								-17.68242
							],
							"size": [
								4,
								14,
								1
							],
							"pivot": [
								-16.07242,
								9.66818,
								-17.18242
							],
							"rotation": [
								64.49445,
								67.73126,
								62.72683
							],
							"uv": [
								40,
								289
							]
						},
						{
							"origin": [
								14.07242,
								2.66818,
								-17.68242
							],
							"size": [
								4,
								14,
								1
							],
							"pivot": [
								16.07242,
								9.66818,
								-17.18242
							],
							"rotation": [
								64.4944,
								-67.73126,
								-62.72683
							],
							"uv": [
								30,
								289
							]
						},
						{
							"origin": [
								-18.13027,
								2.03687,
								-15.34891
							],
							"size": [
								4,
								2,
								1
							],
							"pivot": [
								-16.13027,
								3.03687,
								-14.84891
							],
							"rotation": [
								0.76051,
								77.60482,
								-1.95775
							],
							"uv": [
								80,
								373
							]
						},
						{
							"origin": [
								14.12396,
								1.95232,
								-15.33981
							],
							"size": [
								4,
								2,
								1
							],
							"pivot": [
								16.12396,
								2.95232,
								-14.83981
							],
							"rotation": [
								0.74794,
								-77.39308,
								-3.43044
							],
							"uv": [
								80,
								370
							]
						},
						{
							"origin": [
								-3,
								10.2,
								-28.1
							],
							"size": [
								6,
								1,
								8
							],
							"uv": [
								218,
								232
							]
						},
						{
							"origin": [
								3,
								9.2,
								-28.1
							],
							"size": [
								1,
								1,
								7
							],
							"uv": [
								58,
								297
							]
						},
						{
							"origin": [
								-4,
								9.2,
								-28.1
							],
							"size": [
								1,
								1,
								7
							],
							"uv": [
								58,
								289
							]
						},
						{
							"origin": [
								-3,
								9.2,
								-29.1
							],
							"size": [
								6,
								1,
								1
							],
							"uv": [
								60,
								364
							]
						},
						{
							"origin": [
								-16,
								34,
								-4.5861
							],
							"size": [
								1,
								1,
								41
							],
							"uv": [
								84,
								86
							]
						},
						{
							"origin": [
								15,
								34,
								-4.5861
							],
							"size": [
								1,
								1,
								41
							],
							"uv": [
								0,
								86
							]
						},
						{
							"origin": [
								-16,
								14,
								35.4139
							],
							"size": [
								1,
								20,
								1
							],
							"uv": [
								26,
								289
							]
						},
						{
							"origin": [
								-15,
								34,
								35.4139
							],
							"size": [
								30,
								1,
								1
							],
							"uv": [
								44,
								202
							]
						},
						{
							"origin": [
								-15,
								34,
								14.4139
							],
							"size": [
								30,
								1,
								1
							],
							"uv": [
								44,
								200
							]
						},
						{
							"origin": [
								15,
								14,
								35.4139
							],
							"size": [
								1,
								20,
								1
							],
							"uv": [
								22,
								289
							]
						},
						{
							"origin": [
								16,
								17,
								19.4139
							],
							"size": [
								1,
								1,
								17
							],
							"uv": [
								138,
								213
							]
						},
						{
							"origin": [
								16,
								15,
								19
							],
							"size": [
								1,
								2,
								1
							],
							"uv": [
								142,
								370
							]
						},
						{
							"origin": [
								16,
								15,
								26
							],
							"size": [
								1,
								2,
								1
							],
							"uv": [
								138,
								373
							]
						},
						{
							"origin": [
								16,
								15,
								32
							],
							"size": [
								1,
								2,
								1
							],
							"uv": [
								138,
								370
							]
						},
						{
							"origin": [
								10,
								15,
								36
							],
							"size": [
								1,
								2,
								1
							],
							"uv": [
								138,
								370
							]
						},
						{
							"origin": [
								4,
								15,
								36
							],
							"size": [
								1,
								2,
								1
							],
							"uv": [
								138,
								370
							]
						},
						{
							"origin": [
								-10,
								15,
								36
							],
							"size": [
								1,
								2,
								1
							],
							"uv": [
								138,
								370
							]
						},
						{
							"origin": [
								-4,
								15,
								36
							],
							"size": [
								1,
								2,
								1
							],
							"uv": [
								138,
								370
							]
						},
						{
							"origin": [
								-17,
								17,
								-1.5861
							],
							"size": [
								1,
								1,
								38
							],
							"uv": [
								168,
								86
							]
						},
						{
							"origin": [
								-17,
								17,
								36.4139
							],
							"size": [
								34,
								1,
								1
							],
							"uv": [
								254,
								138
							]
						},
						{
							"origin": [
								-17,
								15,
								25
							],
							"size": [
								1,
								2,
								1
							],
							"uv": [
								134,
								370
							]
						},
						{
							"origin": [
								-17,
								15,
								17
							],
							"size": [
								1,
								2,
								1
							],
							"uv": [
								130,
								373
							]
						},
						{
							"origin": [
								-17,
								15,
								8
							],
							"size": [
								1,
								2,
								1
							],
							"uv": [
								130,
								370
							]
						},
						{
							"origin": [
								-17,
								15,
								32
							],
							"size": [
								1,
								2,
								1
							],
							"uv": [
								134,
								373
							]
						}
					]
				},
				{
					"name": "steer",
					"parent": "body",
					"pivot": [
						0,
						5,
						-24
					],
					"cubes": [
						{
							"origin": [
								-3,
								4,
								-25
							],
							"size": [
								1,
								18,
								2
							],
							"inflate": -0.001,
							"pivot": [
								0,
								5,
								-24
							],
							"rotation": [
								-45,
								0,
								0
							],
							"uv": [
								102,
								268
							]
						},
						{
							"origin": [
								2,
								4,
								-25
							],
							"size": [
								1,
								18,
								2
							],
							"inflate": -0.001,
							"pivot": [
								0,
								5,
								-24
							],
							"rotation": [
								-45,
								0,
								0
							],
							"uv": [
								96,
								268
							]
						},
						{
							"origin": [
								-4,
								20,
								-26
							],
							"size": [
								8,
								3,
								4
							],
							"pivot": [
								0,
								5,
								-24
							],
							"rotation": [
								-45,
								0,
								0
							],
							"uv": [
								38,
								268
							]
						},
						{
							"origin": [
								4,
								21,
								-25
							],
							"size": [
								4,
								1,
								1
							],
							"pivot": [
								0,
								5,
								-24
							],
							"rotation": [
								-45,
								0,
								0
							],
							"uv": [
								90,
								370
							]
						},
						{
							"origin": [
								-8,
								21,
								-25
							],
							"size": [
								4,
								1,
								1
							],
							"pivot": [
								0,
								5,
								-24
							],
							"rotation": [
								-45,
								0,
								0
							],
							"uv": [
								90,
								372
							]
						}
					]
				},
				{
					"name": "bumpe",
					"parent": "body",
					"pivot": [
						0,
						11.80466,
						-20.93657
					],
					"cubes": [
						{
							"origin": [
								8.5,
								14,
								-24.5
							],
							"size": [
								4,
								2,
								5
							],
							"uv": [
								65,
								255
							]
						},
						{
							"origin": [
								5,
								14.58579,
								-23.5
							],
							"size": [
								2,
								2,
								4
							],
							"pivot": [
								6,
								15.58579,
								-21.5
							],
							"rotation": [
								0,
								0,
								-45
							],
							"uv": [
								96,
								333
							]
						},
						{
							"origin": [
								-6,
								13,
								-23.5
							],
							"size": [
								12,
								3,
								4
							],
							"uv": [
								158,
								232
							]
						},
						{
							"origin": [
								-12.5,
								14,
								-24.5
							],
							"size": [
								4,
								2,
								5
							],
							"uv": [
								65,
								247
							]
						},
						{
							"origin": [
								8.5,
								16,
								-24.5
							],
							"size": [
								4,
								1,
								5
							],
							"uv": [
								91,
								261
							]
						},
						{
							"origin": [
								-12.5,
								16,
								-24.5
							],
							"size": [
								4,
								1,
								5
							],
							"uv": [
								1,
								269
							]
						},
						{
							"origin": [
								8.5,
								13,
								-24.5
							],
							"size": [
								4,
								1,
								5
							],
							"uv": [
								91,
								247
							]
						},
						{
							"origin": [
								-12.5,
								13,
								-24.5
							],
							"size": [
								4,
								1,
								5
							],
							"uv": [
								91,
								254
							]
						},
						{
							"origin": [
								-2,
								14,
								-24.5
							],
							"size": [
								4,
								2,
								5
							],
							"uv": [
								65,
								247
							]
						},
						{
							"origin": [
								-1,
								16,
								-24.5
							],
							"size": [
								2,
								1,
								5
							],
							"uv": [
								1,
								269
							]
						},
						{
							"origin": [
								-1,
								13,
								-24.5
							],
							"size": [
								2,
								1,
								5
							],
							"uv": [
								91,
								254
							]
						},
						{
							"origin": [
								7.5,
								14,
								-24.5
							],
							"size": [
								1,
								2,
								5
							],
							"uv": [
								85,
								311
							]
						},
						{
							"origin": [
								-13.5,
								14,
								-24.5
							],
							"size": [
								1,
								2,
								5
							],
							"uv": [
								85,
								319
							]
						},
						{
							"origin": [
								12.5,
								14,
								-24.5
							],
							"size": [
								1,
								2,
								5
							],
							"uv": [
								71,
								311
							]
						},
						{
							"origin": [
								-8.5,
								14,
								-24.5
							],
							"size": [
								1,
								2,
								5
							],
							"uv": [
								71,
								319
							]
						},
						{
							"origin": [
								-7,
								14.58579,
								-23.5
							],
							"size": [
								2,
								2,
								4
							],
							"pivot": [
								-6,
								15.58579,
								-21.5
							],
							"rotation": [
								0,
								0,
								45
							],
							"uv": [
								96,
								327
							]
						},
						{
							"origin": [
								6,
								12.80466,
								-22.93657
							],
							"size": [
								1,
								1,
								4
							],
							"pivot": [
								0,
								11.80466,
								-20.93657
							],
							"rotation": [
								20,
								0,
								0
							],
							"uv": [
								70,
								370
							]
						},
						{
							"origin": [
								5,
								11.80466,
								-22.93657
							],
							"size": [
								1,
								1,
								4
							],
							"pivot": [
								0,
								11.80466,
								-20.93657
							],
							"rotation": [
								20,
								0,
								0
							],
							"uv": [
								60,
								370
							]
						},
						{
							"origin": [
								-5,
								7.80466,
								-22.93657
							],
							"size": [
								10,
								6,
								4
							],
							"pivot": [
								0,
								11.80466,
								-20.93657
							],
							"rotation": [
								20,
								0,
								0
							],
							"uv": [
								190,
								232
							]
						},
						{
							"origin": [
								-6,
								12.80466,
								-22.93657
							],
							"size": [
								1,
								1,
								4
							],
							"pivot": [
								0,
								11.80466,
								-20.93657
							],
							"rotation": [
								20,
								0,
								0
							],
							"uv": [
								50,
								370
							]
						},
						{
							"origin": [
								-7,
								12.80466,
								-22.93657
							],
							"size": [
								1,
								1,
								4
							],
							"pivot": [
								0,
								11.80466,
								-20.93657
							],
							"rotation": [
								20,
								0,
								0
							],
							"uv": [
								40,
								370
							]
						},
						{
							"origin": [
								-6,
								11.80466,
								-22.93657
							],
							"size": [
								1,
								1,
								4
							],
							"pivot": [
								0,
								11.80466,
								-20.93657
							],
							"rotation": [
								20,
								0,
								0
							],
							"uv": [
								30,
								370
							]
						},
						{
							"origin": [
								5,
								12.80466,
								-22.93657
							],
							"size": [
								1,
								1,
								4
							],
							"pivot": [
								0,
								11.80466,
								-20.93657
							],
							"rotation": [
								20,
								0,
								0
							],
							"uv": [
								20,
								370
							]
						}
					]
				},
				{
					"name": "door0",
					"parent": "body",
					"pivot": [
						16.5,
						10.5,
						-1.5
					]
				},
				{
					"name": "hardtop",
					"parent": "body",
					"pivot": [
						0,
						0,
						4
					],
					"cubes": [
						{
							"origin": [
								16,
								34,
								-3.5861
							],
							"size": [
								1,
								1,
								42
							],
							"uv": [
								220,
								43
							]
						},
						{
							"origin": [
								-17,
								35,
								-3.5861
							],
							"size": [
								34,
								1,
								42
							],
							"uv": [
								0,
								0
							]
						},
						{
							"origin": [
								-17,
								34,
								-3.5861
							],
							"size": [
								1,
								1,
								42
							],
							"uv": [
								134,
								43
							]
						}
					]
				},
				{
					"name": "tire0",
					"pivot": [
						0,
						5,
						-24
					],
					"cubes": [
						{
							"origin": [
								-2,
								0,
								-25
							],
							"size": [
								4,
								2,
								2
							],
							"uv": [
								60,
								360
							]
						},
						{
							"origin": [
								-2,
								2,
								-25
							],
							"size": [
								4,
								2,
								2
							],
							"uv": [
								60,
								356
							]
						},
						{
							"origin": [
								-2,
								8,
								-25
							],
							"size": [
								4,
								2,
								2
							],
							"uv": [
								48,
								364
							]
						},
						{
							"origin": [
								-2,
								6,
								-25
							],
							"size": [
								4,
								2,
								2
							],
							"uv": [
								48,
								360
							]
						},
						{
							"origin": [
								-2,
								6,
								-25
							],
							"size": [
								4,
								2,
								2
							],
							"pivot": [
								0,
								5,
								-24
							],
							"rotation": [
								-45,
								0,
								0
							],
							"uv": [
								48,
								356
							]
						},
						{
							"origin": [
								-2,
								2,
								-25
							],
							"size": [
								4,
								2,
								2
							],
							"pivot": [
								0,
								5,
								-24
							],
							"rotation": [
								-45,
								0,
								0
							],
							"uv": [
								36,
								364
							]
						},
						{
							"origin": [
								-2,
								6,
								-25
							],
							"size": [
								4,
								2,
								2
							],
							"pivot": [
								0,
								5,
								-24
							],
							"rotation": [
								-90,
								0,
								0
							],
							"uv": [
								36,
								360
							]
						},
						{
							"origin": [
								-3,
								4,
								-25
							],
							"size": [
								6,
								2,
								2
							],
							"pivot": [
								0,
								5,
								-24
							],
							"rotation": [
								-90,
								0,
								0
							],
							"uv": [
								28,
								331
							]
						},
						{
							"origin": [
								-2,
								2,
								-25
							],
							"size": [
								4,
								2,
								2
							],
							"pivot": [
								0,
								5,
								-24
							],
							"rotation": [
								-90,
								0,
								0
							],
							"uv": [
								36,
								356
							]
						},
						{
							"origin": [
								-2,
								6,
								-25
							],
							"size": [
								4,
								2,
								2
							],
							"pivot": [
								0,
								5,
								-24
							],
							"rotation": [
								45,
								0,
								0
							],
							"uv": [
								24,
								364
							]
						},
						{
							"origin": [
								-2,
								2,
								-25
							],
							"size": [
								4,
								2,
								2
							],
							"pivot": [
								0,
								5,
								-24
							],
							"rotation": [
								45,
								0,
								0
							],
							"uv": [
								24,
								360
							]
						},
						{
							"origin": [
								-2,
								8,
								-25
							],
							"size": [
								4,
								2,
								2
							],
							"pivot": [
								0,
								5,
								-24
							],
							"rotation": [
								-22.5,
								0,
								0
							],
							"uv": [
								24,
								356
							]
						},
						{
							"origin": [
								-2,
								0,
								-25
							],
							"size": [
								4,
								2,
								2
							],
							"pivot": [
								0,
								5,
								-24
							],
							"rotation": [
								-22.5,
								0,
								0
							],
							"uv": [
								12,
								364
							]
						},
						{
							"origin": [
								-2,
								8,
								-25
							],
							"size": [
								4,
								2,
								2
							],
							"pivot": [
								0,
								5,
								-24
							],
							"rotation": [
								-45,
								0,
								0
							],
							"uv": [
								12,
								360
							]
						},
						{
							"origin": [
								-2,
								0,
								-25
							],
							"size": [
								4,
								2,
								2
							],
							"pivot": [
								0,
								5,
								-24
							],
							"rotation": [
								-45,
								0,
								0
							],
							"uv": [
								12,
								356
							]
						},
						{
							"origin": [
								-2,
								8,
								-25
							],
							"size": [
								4,
								2,
								2
							],
							"pivot": [
								0,
								5,
								-24
							],
							"rotation": [
								-67.5,
								0,
								0
							],
							"uv": [
								0,
								364
							]
						},
						{
							"origin": [
								-2,
								0,
								-25
							],
							"size": [
								4,
								2,
								2
							],
							"pivot": [
								0,
								5,
								-24
							],
							"rotation": [
								-67.5,
								0,
								0
							],
							"uv": [
								0,
								360
							]
						},
						{
							"origin": [
								-2,
								8,
								-25
							],
							"size": [
								4,
								2,
								2
							],
							"pivot": [
								0,
								5,
								-24
							],
							"rotation": [
								-90,
								0,
								0
							],
							"uv": [
								0,
								356
							]
						},
						{
							"origin": [
								-2,
								0,
								-25
							],
							"size": [
								4,
								2,
								2
							],
							"pivot": [
								0,
								5,
								-24
							],
							"rotation": [
								-90,
								0,
								0
							],
							"uv": [
								228,
								352
							]
						},
						{
							"origin": [
								-2,
								8,
								-25
							],
							"size": [
								4,
								2,
								2
							],
							"pivot": [
								0,
								5,
								-24
							],
							"rotation": [
								-112.5,
								0,
								0
							],
							"uv": [
								216,
								352
							]
						},
						{
							"origin": [
								-2,
								0,
								-25
							],
							"size": [
								4,
								2,
								2
							],
							"pivot": [
								0,
								5,
								-24
							],
							"rotation": [
								-112.5,
								0,
								0
							],
							"uv": [
								204,
								352
							]
						},
						{
							"origin": [
								-2,
								8,
								-25
							],
							"size": [
								4,
								2,
								2
							],
							"pivot": [
								0,
								5,
								-24
							],
							"rotation": [
								-135,
								0,
								0
							],
							"uv": [
								192,
								352
							]
						},
						{
							"origin": [
								-2,
								0,
								-25
							],
							"size": [
								4,
								2,
								2
							],
							"pivot": [
								0,
								5,
								-24
							],
							"rotation": [
								-135,
								0,
								0
							],
							"uv": [
								180,
								352
							]
						},
						{
							"origin": [
								-2,
								8,
								-25
							],
							"size": [
								4,
								2,
								2
							],
							"pivot": [
								0,
								5,
								-24
							],
							"rotation": [
								-157.5,
								0,
								0
							],
							"uv": [
								168,
								352
							]
						},
						{
							"origin": [
								-2,
								0,
								-25
							],
							"size": [
								4,
								2,
								2
							],
							"pivot": [
								0,
								5,
								-24
							],
							"rotation": [
								-157.5,
								0,
								0
							],
							"uv": [
								156,
								352
							]
						}
					]
				},
				{
					"name": "tire1",
					"pivot": [
						-14,
						5,
						13
					],
					"cubes": [
						{
							"origin": [
								-16,
								0,
								25
							],
							"size": [
								4,
								2,
								2
							],
							"uv": [
								144,
								352
							]
						},
						{
							"origin": [
								-16,
								2,
								25
							],
							"size": [
								4,
								2,
								2
							],
							"uv": [
								132,
								352
							]
						},
						{
							"origin": [
								-16,
								8,
								25
							],
							"size": [
								4,
								2,
								2
							],
							"uv": [
								120,
								352
							]
						},
						{
							"origin": [
								-16,
								6,
								25
							],
							"size": [
								4,
								2,
								2
							],
							"uv": [
								108,
								352
							]
						},
						{
							"origin": [
								-16,
								6,
								25
							],
							"size": [
								4,
								2,
								2
							],
							"pivot": [
								-14,
								5,
								26
							],
							"rotation": [
								-45,
								0,
								0
							],
							"uv": [
								96,
								352
							]
						},
						{
							"origin": [
								-16,
								2,
								25
							],
							"size": [
								4,
								2,
								2
							],
							"pivot": [
								-14,
								5,
								26
							],
							"rotation": [
								-45,
								0,
								0
							],
							"uv": [
								84,
								352
							]
						},
						{
							"origin": [
								-16,
								6,
								25
							],
							"size": [
								4,
								2,
								2
							],
							"pivot": [
								-14,
								5,
								26
							],
							"rotation": [
								-90,
								0,
								0
							],
							"uv": [
								72,
								352
							]
						},
						{
							"origin": [
								-17,
								4,
								25
							],
							"size": [
								6,
								2,
								2
							],
							"pivot": [
								-14,
								5,
								26
							],
							"rotation": [
								-90,
								0,
								0
							],
							"uv": [
								28,
								327
							]
						},
						{
							"origin": [
								-16,
								2,
								25
							],
							"size": [
								4,
								2,
								2
							],
							"pivot": [
								-14,
								5,
								26
							],
							"rotation": [
								-90,
								0,
								0
							],
							"uv": [
								60,
								352
							]
						},
						{
							"origin": [
								-16,
								6,
								25
							],
							"size": [
								4,
								2,
								2
							],
							"pivot": [
								-14,
								5,
								26
							],
							"rotation": [
								45,
								0,
								0
							],
							"uv": [
								48,
								352
							]
						},
						{
							"origin": [
								-16,
								2,
								25
							],
							"size": [
								4,
								2,
								2
							],
							"pivot": [
								-14,
								5,
								26
							],
							"rotation": [
								45,
								0,
								0
							],
							"uv": [
								36,
								352
							]
						},
						{
							"origin": [
								-16,
								8,
								25
							],
							"size": [
								4,
								2,
								2
							],
							"pivot": [
								-14,
								5,
								26
							],
							"rotation": [
								-22.5,
								0,
								0
							],
							"uv": [
								24,
								352
							]
						},
						{
							"origin": [
								-16,
								0,
								25
							],
							"size": [
								4,
								2,
								2
							],
							"pivot": [
								-14,
								5,
								26
							],
							"rotation": [
								-22.5,
								0,
								0
							],
							"uv": [
								12,
								352
							]
						},
						{
							"origin": [
								-16,
								8,
								25
							],
							"size": [
								4,
								2,
								2
							],
							"pivot": [
								-14,
								5,
								26
							],
							"rotation": [
								-45,
								0,
								0
							],
							"uv": [
								0,
								352
							]
						},
						{
							"origin": [
								-16,
								0,
								25
							],
							"size": [
								4,
								2,
								2
							],
							"pivot": [
								-14,
								5,
								26
							],
							"rotation": [
								-45,
								0,
								0
							],
							"uv": [
								228,
								348
							]
						},
						{
							"origin": [
								-16,
								8,
								25
							],
							"size": [
								4,
								2,
								2
							],
							"pivot": [
								-14,
								5,
								26
							],
							"rotation": [
								-67.5,
								0,
								0
							],
							"uv": [
								216,
								348
							]
						},
						{
							"origin": [
								-16,
								0,
								25
							],
							"size": [
								4,
								2,
								2
							],
							"pivot": [
								-14,
								5,
								26
							],
							"rotation": [
								-67.5,
								0,
								0
							],
							"uv": [
								204,
								348
							]
						},
						{
							"origin": [
								-16,
								8,
								25
							],
							"size": [
								4,
								2,
								2
							],
							"pivot": [
								-14,
								5,
								26
							],
							"rotation": [
								-90,
								0,
								0
							],
							"uv": [
								192,
								348
							]
						},
						{
							"origin": [
								-16,
								0,
								25
							],
							"size": [
								4,
								2,
								2
							],
							"pivot": [
								-14,
								5,
								26
							],
							"rotation": [
								-90,
								0,
								0
							],
							"uv": [
								180,
								348
							]
						},
						{
							"origin": [
								-16,
								8,
								25
							],
							"size": [
								4,
								2,
								2
							],
							"pivot": [
								-14,
								5,
								26
							],
							"rotation": [
								-112.5,
								0,
								0
							],
							"uv": [
								168,
								348
							]
						},
						{
							"origin": [
								-16,
								0,
								25
							],
							"size": [
								4,
								2,
								2
							],
							"pivot": [
								-14,
								5,
								26
							],
							"rotation": [
								-112.5,
								0,
								0
							],
							"uv": [
								156,
								348
							]
						},
						{
							"origin": [
								-16,
								8,
								25
							],
							"size": [
								4,
								2,
								2
							],
							"pivot": [
								-14,
								5,
								26
							],
							"rotation": [
								-135,
								0,
								0
							],
							"uv": [
								144,
								348
							]
						},
						{
							"origin": [
								-16,
								0,
								25
							],
							"size": [
								4,
								2,
								2
							],
							"pivot": [
								-14,
								5,
								26
							],
							"rotation": [
								-135,
								0,
								0
							],
							"uv": [
								132,
								348
							]
						},
						{
							"origin": [
								-16,
								8,
								25
							],
							"size": [
								4,
								2,
								2
							],
							"pivot": [
								-14,
								5,
								26
							],
							"rotation": [
								-157.5,
								0,
								0
							],
							"uv": [
								120,
								348
							]
						},
						{
							"origin": [
								-16,
								0,
								25
							],
							"size": [
								4,
								2,
								2
							],
							"pivot": [
								-14,
								5,
								26
							],
							"rotation": [
								-157.5,
								0,
								0
							],
							"uv": [
								108,
								348
							]
						}
					]
				},
				{
					"name": "tire2",
					"pivot": [
						14,
						5,
						13
					],
					"cubes": [
						{
							"origin": [
								12,
								0,
								25
							],
							"size": [
								4,
								2,
								2
							],
							"uv": [
								96,
								348
							]
						},
						{
							"origin": [
								12,
								2,
								25
							],
							"size": [
								4,
								2,
								2
							],
							"uv": [
								84,
								348
							]
						},
						{
							"origin": [
								12,
								8,
								25
							],
							"size": [
								4,
								2,
								2
							],
							"uv": [
								72,
								348
							]
						},
						{
							"origin": [
								12,
								6,
								25
							],
							"size": [
								4,
								2,
								2
							],
							"uv": [
								60,
								348
							]
						},
						{
							"origin": [
								12,
								6,
								25
							],
							"size": [
								4,
								2,
								2
							],
							"pivot": [
								14,
								5,
								26
							],
							"rotation": [
								-45,
								0,
								0
							],
							"uv": [
								48,
								348
							]
						},
						{
							"origin": [
								12,
								2,
								25
							],
							"size": [
								4,
								2,
								2
							],
							"pivot": [
								14,
								5,
								26
							],
							"rotation": [
								-45,
								0,
								0
							],
							"uv": [
								36,
								348
							]
						},
						{
							"origin": [
								12,
								6,
								25
							],
							"size": [
								4,
								2,
								2
							],
							"pivot": [
								14,
								5,
								26
							],
							"rotation": [
								-90,
								0,
								0
							],
							"uv": [
								24,
								348
							]
						},
						{
							"origin": [
								11,
								4,
								25
							],
							"size": [
								6,
								2,
								2
							],
							"pivot": [
								14,
								5,
								26
							],
							"rotation": [
								-90,
								0,
								0
							],
							"uv": [
								12,
								336
							]
						},
						{
							"origin": [
								12,
								2,
								25
							],
							"size": [
								4,
								2,
								2
							],
							"pivot": [
								14,
								5,
								26
							],
							"rotation": [
								-90,
								0,
								0
							],
							"uv": [
								12,
								348
							]
						},
						{
							"origin": [
								12,
								6,
								25
							],
							"size": [
								4,
								2,
								2
							],
							"pivot": [
								14,
								5,
								26
							],
							"rotation": [
								45,
								0,
								0
							],
							"uv": [
								0,
								348
							]
						},
						{
							"origin": [
								12,
								2,
								25
							],
							"size": [
								4,
								2,
								2
							],
							"pivot": [
								14,
								5,
								26
							],
							"rotation": [
								45,
								0,
								0
							],
							"uv": [
								220,
								342
							]
						},
						{
							"origin": [
								12,
								8,
								25
							],
							"size": [
								4,
								2,
								2
							],
							"pivot": [
								14,
								5,
								26
							],
							"rotation": [
								-22.5,
								0,
								0
							],
							"uv": [
								208,
								342
							]
						},
						{
							"origin": [
								12,
								0,
								25
							],
							"size": [
								4,
								2,
								2
							],
							"pivot": [
								14,
								5,
								26
							],
							"rotation": [
								-22.5,
								0,
								0
							],
							"uv": [
								196,
								342
							]
						},
						{
							"origin": [
								12,
								8,
								25
							],
							"size": [
								4,
								2,
								2
							],
							"pivot": [
								14,
								5,
								26
							],
							"rotation": [
								-45,
								0,
								0
							],
							"uv": [
								184,
								342
							]
						},
						{
							"origin": [
								12,
								0,
								25
							],
							"size": [
								4,
								2,
								2
							],
							"pivot": [
								14,
								5,
								26
							],
							"rotation": [
								-45,
								0,
								0
							],
							"uv": [
								172,
								342
							]
						},
						{
							"origin": [
								12,
								8,
								25
							],
							"size": [
								4,
								2,
								2
							],
							"pivot": [
								14,
								5,
								26
							],
							"rotation": [
								-67.5,
								0,
								0
							],
							"uv": [
								160,
								342
							]
						},
						{
							"origin": [
								12,
								0,
								25
							],
							"size": [
								4,
								2,
								2
							],
							"pivot": [
								14,
								5,
								26
							],
							"rotation": [
								-67.5,
								0,
								0
							],
							"uv": [
								148,
								342
							]
						},
						{
							"origin": [
								12,
								8,
								25
							],
							"size": [
								4,
								2,
								2
							],
							"pivot": [
								14,
								5,
								26
							],
							"rotation": [
								-90,
								0,
								0
							],
							"uv": [
								136,
								342
							]
						},
						{
							"origin": [
								12,
								0,
								25
							],
							"size": [
								4,
								2,
								2
							],
							"pivot": [
								14,
								5,
								26
							],
							"rotation": [
								-90,
								0,
								0
							],
							"uv": [
								124,
								342
							]
						},
						{
							"origin": [
								12,
								8,
								25
							],
							"size": [
								4,
								2,
								2
							],
							"pivot": [
								14,
								5,
								26
							],
							"rotation": [
								-112.5,
								0,
								0
							],
							"uv": [
								112,
								342
							]
						},
						{
							"origin": [
								12,
								0,
								25
							],
							"size": [
								4,
								2,
								2
							],
							"pivot": [
								14,
								5,
								26
							],
							"rotation": [
								-112.5,
								0,
								0
							],
							"uv": [
								100,
								342
							]
						},
						{
							"origin": [
								12,
								8,
								25
							],
							"size": [
								4,
								2,
								2
							],
							"pivot": [
								14,
								5,
								26
							],
							"rotation": [
								-135,
								0,
								0
							],
							"uv": [
								88,
								342
							]
						},
						{
							"origin": [
								12,
								0,
								25
							],
							"size": [
								4,
								2,
								2
							],
							"pivot": [
								14,
								5,
								26
							],
							"rotation": [
								-135,
								0,
								0
							],
							"uv": [
								76,
								342
							]
						},
						{
							"origin": [
								12,
								8,
								25
							],
							"size": [
								4,
								2,
								2
							],
							"pivot": [
								14,
								5,
								26
							],
							"rotation": [
								-157.5,
								0,
								0
							],
							"uv": [
								64,
								342
							]
						},
						{
							"origin": [
								12,
								0,
								25
							],
							"size": [
								4,
								2,
								2
							],
							"pivot": [
								14,
								5,
								26
							],
							"rotation": [
								-157.5,
								0,
								0
							],
							"uv": [
								52,
								342
							]
						}
					]
				}
			]
		}
	]
}