{
	"format_version": "1.13.0",
	"minecraft:feature_rules": {
		"description": {
			"identifier": "dragonmounts:ice_dragon_nest_je0_feature",
			"places_feature": "dragonmounts:ice_dragon_nest_je0_structure"
		},
		"conditions": {
			"placement_pass": "surface_pass",
			"minecraft:biome_filter": [
				{
					"all_of": [
						{
							"test": "has_biome_tag",
							"operator": "==",
							"value": "overworld"
						},
						{
							"any_of": [
								{
									"test": "has_biome_tag",
									"operator": "==",
									"value": "frozen"
								},
								{
									"test": "has_biome_tag",
									"operator": "==",
									"value": "ice"
								},
								{
									"test": "has_biome_tag",
									"operator": "==",
									"value": "ice_plains"
								}
							]
						}
					]
				}
			]
		},
		"distribution": {
			"iterations": 1,
			"scatter_chance": 0.04,
			"x": {
				"distribution": "uniform",
				"extent": [
					0,
					16
				]
			},
			"y": "query.heightmap(variable.worldx, variable.worldz) - 1",
			"z": {
				"distribution": "uniform",
				"extent": [
					0,
					16
				]
			}
		}
	}
}