{
	"format_version": "1.13.0",
	"minecraft:feature_rules": {
		"description": {
			"identifier": "dragonmounts:zombie_dragon_nest_je0_feature",
			"places_feature": "dragonmounts:zombie_dragon_nest_je0_structure"
		},
		"conditions": {
			"placement_pass": "surface_pass",
			"minecraft:biome_filter": [
				{
					"all_of": [
						{
							"test": "has_biome_tag",
							"operator": "!=",
							"value": "ocean"
						},
						{
							"test": "has_biome_tag",
							"operator": "!=",
							"value": "river"
						},
						{
							"test": "has_biome_tag",
							"operator": "!=",
							"value": "lakes"
						},
						{
							"any_of": [
								{
									"test": "has_biome_tag",
									"operator": "==",
									"value": "nether"
								}
							]
						}
					]
				}
			]
		},
		"distribution": {
			"iterations": 1,
			"scatter_chance": 2,
			"x": {
				"distribution": "uniform",
				"extent": [
					0,
					16
				]
			},
			"y": {
				"distribution": "uniform",
				"extent": [1, 128]
			},
			"z": {
				"distribution": "uniform",
				"extent": [
					0,
					16
				]
			}
		}
	}
}