{
    "format_version": "1.8.0",
    "render_controllers": {
        "controller.render.player.third_person": {
            "geometry": "Geometry.default",
            "materials": [ { "*": "query.variant==0?Material.default:Material.invisible" } ],
            "textures": [ "Texture.default" ],
            "part_visibility": [
              { "*": true },
              { "helmet": "variable.helmet_layer_visible" },
              { "leftLegging": "variable.leg_layer_visible" },
              { "rightLegging": "variable.leg_layer_visible" },
              { "leftBoot": "variable.boot_layer_visible" },
              { "rightBoot": "variable.boot_layer_visible" },
              { "leftSock": "variable.boot_layer_visible && variable.leg_layer_visible" },
              { "rightSock": "variable.boot_layer_visible && variable.leg_layer_visible" },
              { "bodyArmor": "variable.chest_layer_visible && !query.has_cape" },
              { "leftArmArmor": "variable.chest_layer_visible && !query.has_cape" },
              { "rightArmArmor": "variable.chest_layer_visible && !query.has_cape" },
              { "belt": "variable.chest_layer_visible && variable.leg_layer_visible" }
            ]
        },
        "controller.render.v_01": {
            "textures": [ "Texture.v_01" ],
            "geometry": "Geometry.v_01",
            "materials": [ { "*": "Material.default" } ]
        },
        "controller.render.v_02": {
            "textures": [ "Texture.v_02" ],
            "geometry": "Geometry.v_02",
            "materials": [ { "*": "Material.default" } ]
        },
        "controller.render.v_03": {
            "textures": [ "Texture.v_03" ],
            "geometry": "Geometry.v_03",
            "materials": [ { "*": "Material.default" } ]
        },
        "controller.render.v_04": {
            "textures": [ "Texture.v_04" ],
            "geometry": "Geometry.v_04",
            "materials": [
                { "*": "Material.blaze_body" },
                { "head": "Material.blaze_head" }
            ]
        },
        "controller.render.v_05": {
            "textures": [ "Texture.v_05" ],
            "geometry": "Geometry.v_05",
            "materials": [ { "*": "Material.default" } ]
        },
        "controller.render.v_06": {
            "textures": [ "Texture.v_06" ],
            "geometry": "Geometry.v_06",
            "materials": [ { "*": "Material.spider" } ]
        },
        "controller.render.v_07": {
            "textures": [ "Texture.v_07" ],
            "geometry": "Geometry.v_07",
            "materials": [ { "*": "Material.default" } ]
        },
        "controller.render.v_08": {
            "textures": [ "Texture.v_08" ],
            "geometry": "Geometry.v_08",
            "materials": [ { "*": "Material.default" } ]
        },
        "controller.render.v_09": {
            "textures": [ "Texture.v_09" ],
            "geometry": "Geometry.v_09",
            "materials": [ { "*": "Material.default" } ]
        },
        "controller.render.v_10": {
            "textures": [ "Texture.v_10" ],
            "geometry": "Geometry.v_10",
            "materials": [ { "*": "Material.default" } ]
        },
        "controller.render.v_11": {
            "textures": [ "Texture.v_11" ],
            "geometry": "Geometry.v_11",
            "materials": [ { "*": "Material.default" } ],
            "part_visibility": [
                { "*saddle*":false },
                { "SaddleMouthLine": false },
                { "SaddleMouthLineR": false },
                { "Bag*": false },
                { "Bridle": false },
                { "Bit*": false },
                { "Reins*": false },
                { "Ear*": false }
            ]
        },
        "controller.render.v_12": {
            "textures": [ "Texture.v_12" ],
            "geometry": "Geometry.v_12",
            "materials": [ { "*": "Material.default" } ]
        },
        "controller.render.v_13": {
            "textures": [ "Texture.v_13" ],
            "geometry": "Geometry.v_13",
            "materials": [ { "*": "Material.default" } ]
        },
        "controller.render.v_14": {
            "textures": [ "Texture.v_14" ],
            "geometry": "Geometry.v_14",
            "materials": [ { "*": "Material.default" } ]
        },
        "controller.render.v_15": {
            "textures": [ "Texture.v_15" ],
            "geometry": "Geometry.v_15",
            "materials": [ { "*": "Material.enderman" } ]
        },
        "controller.render.v_16": {
            "textures": [ "Texture.v_16" ],
            "geometry": "Geometry.v_16",
            "materials": [ { "*": "Material.default" } ]
        },
        "controller.render.v_17": {
            "textures": [ "Texture.v_17" ],
            "geometry": "Geometry.v_17",
            "materials": [ { "*": "Material.default" } ]
        },
        "controller.render.v_18": {
            "textures": [ "Texture.v_18" ],
            "geometry": "Geometry.v_18",
            "materials": [ { "*": "Material.default" } ]
        },
        "controller.render.v_19": {
            "textures": [ "Texture.v_19" ],
            "geometry": "Geometry.v_19",
            "materials": [ { "*": "Material.default" } ]
        },
        "controller.render.v_20": {
            "textures": [ "Texture.v_20" ],
            "geometry": "Geometry.v_20",
            "materials": [ { "*": "Material.glow_squid" } ]
        },
        "controller.render.v_21": {
            "textures": [ "Texture.v_21" ],
            "geometry": "Geometry.v_21",
            "materials": [ { "*": "Material.default" } ]
        },
        "controller.render.v_22": {
            "textures": [ "Texture.v_22" ],
            "geometry": "Geometry.v_22",
            "materials": [ { "*": "Material.default" } ]
        },
        "controller.render.v_23": {
            "textures": [ "Texture.v_23" ],
            "geometry": "Geometry.v_23",
            "materials": [ { "*": "Material.default" } ]
        },
        "controller.render.v_24": {
            "textures": [ "Texture.v_24" ],
            "geometry": "Geometry.v_24",
            "materials": [ { "*": "Material.default" } ],
            "part_visibility": [
                { "MuleEar*": false },
                { "*saddle*":false },
                { "SaddleMouthLine": false },
                { "SaddleMouthLineR": false },
                { "Bag*": false },
                { "Bridle": false },
                { "Bit*": false },
                { "Reins*": false }
            ]
        },
        "controller.render.v_25": {
            "textures": [ "Texture.v_25" ],
            "geometry": "Geometry.v_25",
            "materials": [ { "*": "Material.default" } ]
        },
        "controller.render.v_26": {
            "textures": [ "Texture.v_26" ],
            "geometry": "Geometry.v_26",
            "materials": [ { "*": "Material.default" } ]
        },
        "controller.render.v_27": {
            "textures": [ "Texture.v_27" ],
            "geometry": "Geometry.v_27",
            "materials": [ { "*": "Material.default" } ],
            "part_visibility": [ { "chest*": false } ]
        },
        "controller.render.v_28": {
            "textures": [ "Texture.v_28" ],
            "geometry": "Geometry.v_28",
            "materials": [ { "*": "Material.magma_cube" } ]
        },
        "controller.render.v_29": {
            "textures": [ "Texture.v_29" ],
            "geometry": "Geometry.v_29",
            "materials": [ { "*": "Material.default" } ]
        },
        "controller.render.v_30": {
            "textures": [ "Texture.v_30" ],
            "geometry": "Geometry.v_30",
            "materials": [ { "*": "Material.default" } ],
            "part_visibility": [
                { "MuleEar*": false },
                { "*saddle*":false },
                { "SaddleMouthLine": false },
                { "SaddleMouthLineR": false },
                { "Bag*": false },
                { "Bridle": false },
                { "Bit*": false },
                { "Reins*": false }
            ]
        },
        "controller.render.v_31": {
            "textures": [ "Texture.v_31" ],
            "geometry": "Geometry.v_31",
            "materials": [ { "*": "Material.default" } ]
        },
        "controller.render.v_32": {
            "textures": [ "Texture.v_32" ],
            "geometry": "Geometry.v_32",
            "materials": [ { "*": "Material.default" } ]
        },
        "controller.render.v_33": {
            "textures": [ "Texture.v_33" ],
            "geometry": "Geometry.v_33",
            "materials": [ { "*": "Material.default" } ]
        },
        "controller.render.v_34": {
            "textures": [ "Texture.v_34" ],
            "geometry": "Geometry.v_34",
            "materials": [ { "*": "Material.default" } ]
        },
        "controller.render.v_35": {
            "textures": [ "Texture.v_35" ],
            "geometry": "Geometry.v_35",
            "materials": [ { "*": "Material.default" } ]
        },
        "controller.render.v_36": {
            "textures": [ "Texture.v_36" ],
            "geometry": "Geometry.v_36",
            "materials": [ { "*": "Material.default" } ]
        },
        "controller.render.v_37": {
            "textures": [ "Texture.v_37" ],
            "geometry": "Geometry.v_37",
            "materials": [ { "*": "Material.default" } ]
        },
        "controller.render.v_38": {
            "textures": [ "Texture.v_38" ],
            "geometry": "Geometry.v_38",
            "materials": [ { "*": "Material.default" } ]
        },
        "controller.render.v_39": {
            "textures": [ "Texture.v_39" ],
            "geometry": "Geometry.v_39",
            "materials": [ { "*": "Material.default" } ]
        },
        "controller.render.v_40": {
            "textures": [ "Texture.v_40" ],
            "geometry": "Geometry.v_40",
            "materials": [ { "*": "Material.default" } ]
        },
        "controller.render.v_41": {
            "textures": [ "Texture.v_41" ],
            "geometry": "query.is_shaking?Geometry.v_41_sheared:Geometry.v_41",
            "materials": [ { "*": "Material.sheep" } ]
        },
        "controller.render.v_42": {
            "textures": [ "Texture.v_42" ],
            "geometry": "Geometry.v_42",
            "materials": [ { "*": "Material.default" } ]
        },
        "controller.render.v_43": {
            "textures": [ "Texture.v_43" ],
            "geometry": "Geometry.v_43",
            "materials": [ { "*": "Material.default" } ]
        },
        "controller.render.v_44": {
            "textures": [ "Texture.v_44" ],
            "geometry": "Geometry.v_44",
            "materials": [ { "*": "Material.default" } ]
        },
        "controller.render.v_45": {
            "textures": [ "Texture.v_45" ],
            "geometry": "Geometry.v_45",
            "materials": [ { "*": "Material.default" } ],
            "part_visibility": [
                { "MuleEar*": false },
                { "*saddle*":false },
                { "SaddleMouthLine": false },
                { "SaddleMouthLineR": false },
                { "Bag*": false },
                { "Bridle": false },
                { "Bit*": false },
                { "Reins*": false }
            ]
        },
        "controller.render.v_46": {
            "textures": [ "Texture.v_46" ],
            "geometry": "Geometry.v_46",
            "materials": [ { "*": "Material.default" } ]
        },
        "controller.render.v_46_armor": {
            "textures": [ "Texture.v_46" ],
            "geometry": "Geometry.v_46_armor",
            "materials": [ { "*": "Material.slime_outer" } ]
        },
        "controller.render.v_47": {
            "textures": [ "Texture.v_47" ],
            "geometry": "Geometry.v_47",
            "materials": [ { "*": "Material.default" } ]
        },
        "controller.render.v_48": {
            "textures": [ "Texture.v_48" ],
            "geometry": "Geometry.v_48",
            "materials": [ { "*": "Material.spider" } ]
        },
        "controller.render.v_49": {
            "textures": [ "Texture.v_49" ],
            "geometry": "Geometry.v_49",
            "materials": [ { "*": "Material.default" } ]
        },
        "controller.render.v_50": {
            "textures": [ "Texture.v_50" ],
            "geometry": "Geometry.v_50",
            "materials": [ { "*": "Material.default" } ]
        },
        "controller.render.v_50_overlay": {
            "textures": [ "Texture.v_50_overlay" ],
            "geometry": "Geometry.v_50_overlay",
            "materials": [ { "*": "Material.default" } ]
        },
        "controller.render.v_51": {
            "textures": [ "Texture.v_51" ],
            "geometry": "Geometry.v_51",
            "materials": [ { "*": "Material.default" } ]
        },
        "controller.render.v_52": {
            "textures": [ "Texture.v_52" ],
            "geometry": "Geometry.v_52",
            "materials": [ { "*": "Material.default" } ]
        },
        "controller.render.v_53": {
            "textures": [ "Texture.v_53" ],
            "geometry": "Geometry.v_53",
            "materials": [ { "*": "Material.default" } ]
        },
        "controller.render.v_54": {
            "textures": [ "Texture.v_54" ],
            "geometry": "Geometry.v_54",
            "materials": [ { "*": "Material.default" } ],
            "part_visibility": [
                { "rightArm": false },
                { "leftArm": false },
                { "rightItem": false},
                { "arms": true }
            ]
        },
        "controller.render.v_55": {
            "textures": [ "Texture.v_55" ],
            "geometry": "Geometry.v_55",
            "materials": [ { "*": "Material.default" } ]
        },
        "controller.render.v_56": {
            "textures": [ "Texture.v_56" ],
            "geometry": "Geometry.v_56",
            "materials": [ { "*": "Material.default" } ]
        },
        "controller.render.v_57": {
            "textures": [ "Texture.v_57" ],
            "geometry": "Geometry.v_57",
            "materials": [ { "*": "Material.default" } ]
        },
        "controller.render.v_58": {
            "textures": [ "Texture.v_58" ],
            "geometry": "Geometry.v_58",
            "materials": [ { "*": "Material.default" } ]
        },
        "controller.render.v_59": {
            "textures": [ "Texture.v_59" ],
            "geometry": "Geometry.v_59",
            "materials": [ { "*": "Material.default" } ]
        },
        "controller.render.v_60": {
            "textures": [ "Texture.v_60" ],
            "geometry": "Geometry.v_60",
            "materials": [ { "*": "Material.default" } ]
        },
        "controller.render.v_61": {
            "textures": [ "Texture.v_61" ],
            "geometry": "Geometry.v_61",
            "materials": [ { "*": "Material.default" } ]
        },
        "controller.render.v_62": {
            "textures": [ "Texture.v_62" ],
            "geometry": "Geometry.v_62",
            "materials": [ { "*": "Material.default" } ]
        },
        "controller.render.v_63": {
            "textures": [ "Texture.v_63" ],
            "geometry": "Geometry.v_63",
            "materials": [ { "*": "Material.default" } ]
        },
        "controller.render.v_64": {
            "textures": [ "Texture.v_64" ],
            "geometry": "Geometry.v_64",
            "materials": [ { "*": "Material.default" } ]
        },
        "controller.render.v_65": {
            "textures": [ "Texture.v_65" ],
            "geometry": "Geometry.v_65",
            "materials": [ { "*": "Material.default" } ]
        },
        "controller.render.v_66": {
            "textures": [ "Texture.v_66" ],
            "geometry": "Geometry.v_66",
            "materials": [ { "*": "Material.default" } ]
        },
        "controller.render.v_67": {
            "textures": [ "Texture.v_67" ],
            "geometry": "Geometry.v_67",
            "materials": [ { "*": "Material.warden" } ]
        },
        "controller.render.v_68": {
            "textures": [ "Texture.v_68" ],
            "geometry": "Geometry.v_68",
            "materials": [ { "*": "Material.frog" } ]
        },
        "controller.render.v_69": {
            "textures": [ "Texture.v_69" ],
            "geometry": "Geometry.v_69",
            "materials": [ { "*": "Material.allay" } ]
        }
    }
}