{
  "format_version": "1.10.0",
  "minecraft:client_entity": {
    "description": {
      "identifier": "omega:fire",
      "materials": {
        "default": "charged_creeper"
      },
      "textures": {
        "default": "textures/entity/omegafire"
      },
      "geometry": {
        "default": "geometry.omegafire"
      },
      "scripts": {
        "animate": [
          "particles",
          "move",
          "look_at_target"
        ]
      },
      "animations": {
        "particles": "controller.animation.pa_bruh",
        "look_at_target": "animation.humanoid.look_at_target.default.v1.0",
        "move": "animation.Lurks.idle"
      },
      "spawn_egg": {
        "texture": "spawn_egg",
        "texture_index": 99
      },
      "render_controllers": [
        "controller.render.zombie"
      ]
    }
  }
}
