{
	"format_version": "1.12.0",
	"minecraft:geometry": [
		{
			"description": {
				"identifier": "geometry.tractor_seeder",
				"texture_width": 512,
				"texture_height": 512,
				"visible_bounds_width": 8,
				"visible_bounds_height": 5,
				"visible_bounds_offset": [
					0,
					1.5,
					0
				]
			},
			"bones": [
				{
					"name": "root",
					"pivot": [
						0,
						0,
						0
					]
				},
				{
					"name": "body",
					"parent": "root",
					"pivot": [
						1.02314,
						18.40103,
						-4.92122
					],
					"cubes": [
						{
							"origin": [
								-14,
								10,
								-1
							],
							"size": [
								28,
								6,
								1
							],
							"uv": [
								58,
								126
							]
						},
						{
							"origin": [
								-14,
								13,
								0
							],
							"size": [
								28,
								3,
								1
							],
							"uv": [
								58,
								133
							]
						},
						{
							"origin": [
								-14,
								14,
								1
							],
							"size": [
								28,
								2,
								1
							],
							"uv": [
								58,
								137
							]
						},
						{
							"origin": [
								-14,
								15,
								2
							],
							"size": [
								28,
								1,
								1
							],
							"uv": [
								0,
								0
							]
						},
						{
							"origin": [
								-14,
								10.01015,
								-0.0771
							],
							"size": [
								28,
								2,
								1
							],
							"inflate": 0.1,
							"pivot": [
								0,
								13.51015,
								0.4229
							],
							"rotation": [
								-15,
								0,
								0
							],
							"uv": [
								0,
								147
							]
						},
						{
							"origin": [
								-14,
								3.08811,
								-0.9884
							],
							"size": [
								28,
								7,
								1
							],
							"inflate": 0.1,
							"uv": [
								58,
								140
							]
						},
						{
							"origin": [
								-12,
								5.08811,
								-13.9884
							],
							"size": [
								24,
								4,
								13
							],
							"uv": [
								88,
								53
							]
						},
						{
							"origin": [
								-14,
								11.8067,
								-0.01528
							],
							"size": [
								28,
								2,
								1
							],
							"inflate": 0.1,
							"pivot": [
								0,
								12.8067,
								0.48472
							],
							"rotation": [
								-30,
								0,
								0
							],
							"uv": [
								0,
								144
							]
						},
						{
							"origin": [
								-14,
								13.27627,
								1.11237
							],
							"size": [
								28,
								2,
								1
							],
							"inflate": 0.1,
							"pivot": [
								0,
								14.27627,
								1.61237
							],
							"rotation": [
								-45,
								0,
								0
							],
							"uv": [
								0,
								141
							]
						},
						{
							"origin": [
								-14,
								14.40392,
								2.58195
							],
							"size": [
								28,
								2,
								1
							],
							"inflate": 0.1,
							"pivot": [
								0,
								15.40392,
								3.08195
							],
							"rotation": [
								-60,
								0,
								0
							],
							"uv": [
								0,
								138
							]
						},
						{
							"origin": [
								-14,
								15.11279,
								4.29331
							],
							"size": [
								28,
								2,
								1
							],
							"inflate": 0.1,
							"pivot": [
								0,
								16.11279,
								4.79331
							],
							"rotation": [
								-75,
								0,
								0
							],
							"uv": [
								0,
								135
							]
						},
						{
							"origin": [
								-14,
								15.35457,
								6.12983
							],
							"size": [
								28,
								10,
								1
							],
							"inflate": 0.1,
							"pivot": [
								0,
								16.35457,
								6.62983
							],
							"rotation": [
								-90,
								0,
								0
							],
							"uv": [
								0,
								292
							]
						},
						{
							"origin": [
								-11,
								3,
								-1
							],
							"size": [
								22,
								13,
								14
							],
							"uv": [
								88,
								26
							]
						},
						{
							"origin": [
								-11,
								3,
								13
							],
							"size": [
								22,
								13,
								5
							],
							"uv": [
								152,
								147
							],
							"mirror": true
						},
						{
							"origin": [
								7.76604,
								34.35721,
								-24
							],
							"size": [
								2,
								3,
								2
							],
							"pivot": [
								8.76604,
								34.35721,
								-23
							],
							"rotation": [
								0,
								0,
								40
							],
							"uv": [
								163,
								63
							]
						},
						{
							"origin": [
								8,
								25,
								-24
							],
							"size": [
								2,
								10,
								2
							],
							"uv": [
								163,
								51
							]
						},
						{
							"origin": [
								-11,
								16,
								13
							],
							"size": [
								22,
								11,
								5
							],
							"uv": [
								153,
								130
							]
						},
						{
							"origin": [
								-23,
								7,
								8
							],
							"size": [
								45,
								8,
								8
							],
							"uv": [
								0,
								218
							]
						},
						{
							"origin": [
								-14,
								16,
								-1
							],
							"size": [
								28,
								1,
								14
							],
							"uv": [
								60,
								98
							]
						},
						{
							"origin": [
								-6,
								17,
								-2
							],
							"size": [
								12,
								1,
								6
							],
							"uv": [
								0,
								211
							]
						},
						{
							"origin": [
								8,
								16.6,
								0
							],
							"size": [
								2,
								3,
								2
							],
							"inflate": -0.2,
							"uv": [
								0,
								0
							]
						},
						{
							"origin": [
								8,
								16.6,
								4
							],
							"size": [
								2,
								3,
								2
							],
							"inflate": -0.2,
							"uv": [
								0,
								0
							]
						},
						{
							"origin": [
								8,
								19,
								0
							],
							"size": [
								2,
								6,
								2
							],
							"inflate": 0.1,
							"uv": [
								0,
								0
							]
						},
						{
							"origin": [
								8,
								19,
								4
							],
							"size": [
								2,
								6,
								2
							],
							"inflate": 0.1,
							"uv": [
								0,
								0
							]
						},
						{
							"origin": [
								-6,
								15.94379,
								4.00991
							],
							"size": [
								12,
								1,
								1
							],
							"pivot": [
								0,
								16.44379,
								1.00991
							],
							"rotation": [
								20,
								0,
								0
							],
							"uv": [
								0,
								209
							]
						},
						{
							"origin": [
								-6,
								15.29668,
								5.32017
							],
							"size": [
								12,
								1,
								1
							],
							"pivot": [
								0,
								15.79668,
								2.32017
							],
							"rotation": [
								40,
								0,
								0
							],
							"uv": [
								0,
								207
							]
						},
						{
							"origin": [
								-6,
								15.13673,
								6.77272
							],
							"size": [
								12,
								1,
								1
							],
							"pivot": [
								0,
								15.63673,
								3.77272
							],
							"rotation": [
								60,
								0,
								0
							],
							"uv": [
								0,
								205
							]
						},
						{
							"origin": [
								-6,
								15.48323,
								8.19239
							],
							"size": [
								12,
								1,
								14
							],
							"pivot": [
								0,
								15.98323,
								5.19239
							],
							"rotation": [
								80,
								0,
								0
							],
							"uv": [
								0,
								190
							]
						},
						{
							"origin": [
								-14,
								45.76249,
								-9.45713
							],
							"size": [
								28,
								2,
								23
							],
							"uv": [
								0,
								73
							]
						},
						{
							"origin": [
								-14,
								8,
								-13
							],
							"size": [
								28,
								3,
								13
							],
							"uv": [
								144,
								97
							]
						},
						{
							"origin": [
								-14,
								3,
								-13
							],
							"size": [
								28,
								3,
								13
							],
							"uv": [
								116,
								113
							]
						},
						{
							"origin": [
								12,
								11,
								-13
							],
							"size": [
								2,
								16,
								12
							],
							"uv": [
								0,
								162
							]
						},
						{
							"origin": [
								-14,
								11,
								-13
							],
							"size": [
								2,
								16,
								12
							],
							"uv": [
								0,
								162
							],
							"mirror": true
						},
						{
							"origin": [
								-10,
								8,
								-41
							],
							"size": [
								20,
								17,
								24
							],
							"uv": [
								0,
								0
							]
						},
						{
							"origin": [
								-10,
								8,
								-41
							],
							"size": [
								20,
								17,
								24
							],
							"inflate": 0.1,
							"uv": [
								160,
								0
							]
						},
						{
							"origin": [
								-10,
								6.67416,
								-36.29631
							],
							"size": [
								20,
								2,
								6
							],
							"pivot": [
								-2,
								7.67416,
								-33.29631
							],
							"rotation": [
								-25,
								0,
								0
							],
							"uv": [
								88,
								70
							]
						},
						{
							"origin": [
								-10,
								6.67416,
								-27.70369
							],
							"size": [
								20,
								2,
								6
							],
							"pivot": [
								-2,
								7.67416,
								-24.70369
							],
							"rotation": [
								25,
								0,
								0
							],
							"uv": [
								88,
								86
							]
						},
						{
							"origin": [
								-11,
								8,
								-43
							],
							"size": [
								22,
								6,
								2
							],
							"uv": [
								0,
								234
							]
						},
						{
							"origin": [
								-11.54677,
								8,
								-38.44489
							],
							"size": [
								2,
								6,
								2
							],
							"pivot": [
								-20.54677,
								12,
								-37.44489
							],
							"rotation": [
								0,
								25,
								0
							],
							"uv": [
								0,
								242
							]
						},
						{
							"origin": [
								11.42061,
								8,
								-46.89726
							],
							"size": [
								2,
								6,
								2
							],
							"pivot": [
								2.42061,
								12,
								-45.89726
							],
							"rotation": [
								0,
								-25,
								0
							],
							"uv": [
								0,
								242
							]
						},
						{
							"origin": [
								-10.11723,
								8,
								-34.08549
							],
							"size": [
								2,
								6,
								2
							],
							"pivot": [
								-19.11723,
								12,
								-33.08549
							],
							"rotation": [
								0,
								50,
								0
							],
							"uv": [
								8,
								242
							]
						},
						{
							"origin": [
								15.26148,
								8,
								-49.40638
							],
							"size": [
								2,
								6,
								2
							],
							"pivot": [
								6.26148,
								12,
								-48.40638
							],
							"rotation": [
								0,
								-50,
								0
							],
							"uv": [
								8,
								242
							]
						},
						{
							"origin": [
								-14,
								3,
								-17
							],
							"size": [
								28,
								22,
								4
							],
							"uv": [
								88,
								0
							]
						},
						{
							"origin": [
								-14,
								24.34607,
								-16.03287
							],
							"size": [
								4,
								8,
								4
							],
							"pivot": [
								-12,
								28.34607,
								-14.03287
							],
							"rotation": [
								-15,
								0,
								0
							],
							"uv": [
								16,
								61
							],
							"mirror": true
						},
						{
							"origin": [
								10,
								24.34607,
								-16.03287
							],
							"size": [
								4,
								8,
								4
							],
							"pivot": [
								-12,
								28.34607,
								-14.03287
							],
							"rotation": [
								-15,
								0,
								0
							],
							"uv": [
								16,
								61
							]
						},
						{
							"origin": [
								-10,
								24.34607,
								-16.03287
							],
							"size": [
								20,
								8,
								0
							],
							"pivot": [
								-12,
								28.34607,
								-14.03287
							],
							"rotation": [
								-15,
								0,
								0
							],
							"uv": [
								137,
								260
							],
							"mirror": true
						},
						{
							"origin": [
								10,
								32.3449,
								-16.76016
							],
							"size": [
								4,
								16,
								4
							],
							"pivot": [
								12,
								27.3449,
								-14.76016
							],
							"rotation": [
								-20,
								0,
								0
							],
							"uv": [
								16,
								41
							]
						},
						{
							"origin": [
								-10,
								46.3449,
								-16.76016
							],
							"size": [
								20,
								2,
								4
							],
							"pivot": [
								12,
								27.3449,
								-14.76016
							],
							"rotation": [
								-20,
								0,
								0
							],
							"uv": [
								0,
								303
							]
						},
						{
							"origin": [
								-14,
								32.3449,
								-16.76016
							],
							"size": [
								4,
								16,
								4
							],
							"pivot": [
								-12,
								27.3449,
								-14.76016
							],
							"rotation": [
								-20,
								0,
								0
							],
							"uv": [
								16,
								41
							],
							"mirror": true
						},
						{
							"origin": [
								-10,
								32.3449,
								-16.76016
							],
							"size": [
								20,
								14,
								0
							],
							"pivot": [
								-12,
								27.3449,
								-14.76016
							],
							"rotation": [
								-20,
								0,
								0
							],
							"uv": [
								137,
								269
							],
							"mirror": true
						},
						{
							"origin": [
								12,
								17,
								-1
							],
							"size": [
								2,
								10,
								14
							],
							"uv": [
								28,
								162
							]
						},
						{
							"origin": [
								-12,
								17,
								11
							],
							"size": [
								24,
								10,
								2
							],
							"uv": [
								0,
								150
							]
						},
						{
							"origin": [
								-14,
								17,
								-1
							],
							"size": [
								2,
								10,
								14
							],
							"uv": [
								28,
								162
							],
							"mirror": true
						},
						{
							"origin": [
								-21,
								24.3923,
								9
							],
							"size": [
								7,
								1,
								10
							],
							"uv": [
								2,
								252
							]
						},
						{
							"origin": [
								14,
								24.3923,
								9
							],
							"size": [
								7,
								1,
								10
							],
							"uv": [
								2,
								252
							],
							"mirror": true
						},
						{
							"origin": [
								-21,
								22.95929,
								3.65192
							],
							"size": [
								7,
								1,
								6
							],
							"pivot": [
								-17.5,
								23.45929,
								6.65192
							],
							"rotation": [
								30,
								0,
								0
							],
							"uv": [
								0,
								263
							]
						},
						{
							"origin": [
								-21,
								22.85871,
								18.26152
							],
							"size": [
								7,
								1,
								6
							],
							"pivot": [
								-17.5,
								23.35871,
								21.26152
							],
							"rotation": [
								-32.5,
								0,
								0
							],
							"uv": [
								0,
								263
							]
						},
						{
							"origin": [
								14,
								22.85871,
								18.26152
							],
							"size": [
								7,
								1,
								6
							],
							"pivot": [
								17.5,
								23.35871,
								21.26152
							],
							"rotation": [
								-32.5,
								0,
								0
							],
							"uv": [
								0,
								263
							],
							"mirror": true
						},
						{
							"origin": [
								-21,
								19.27277,
								-0.74149
							],
							"size": [
								7,
								1,
								6
							],
							"pivot": [
								-17.5,
								19.77277,
								2.25851
							],
							"rotation": [
								50,
								0,
								0
							],
							"uv": [
								0,
								270
							]
						},
						{
							"origin": [
								14,
								19.27277,
								-0.74149
							],
							"size": [
								7,
								1,
								6
							],
							"pivot": [
								17.5,
								19.77277,
								2.25851
							],
							"rotation": [
								50,
								0,
								0
							],
							"uv": [
								0,
								270
							],
							"mirror": true
						},
						{
							"origin": [
								-21,
								14.3658,
								-0.86758
							],
							"size": [
								7,
								1,
								3
							],
							"pivot": [
								-17.5,
								14.8658,
								-0.86758
							],
							"rotation": [
								65,
								0,
								0
							],
							"uv": [
								0,
								277
							]
						},
						{
							"origin": [
								14,
								14.3658,
								-0.86758
							],
							"size": [
								7,
								1,
								3
							],
							"pivot": [
								17.5,
								14.8658,
								-0.86758
							],
							"rotation": [
								65,
								0,
								0
							],
							"uv": [
								0,
								277
							],
							"mirror": true
						},
						{
							"origin": [
								-21,
								5.07711,
								-1.32073
							],
							"size": [
								7,
								10,
								1
							],
							"uv": [
								0,
								281
							]
						},
						{
							"origin": [
								14,
								5.07711,
								-1.32073
							],
							"size": [
								7,
								10,
								1
							],
							"uv": [
								0,
								281
							],
							"mirror": true
						},
						{
							"origin": [
								-14,
								27,
								9
							],
							"size": [
								2,
								19,
								4
							],
							"uv": [
								44,
								41
							]
						},
						{
							"origin": [
								12,
								27,
								9
							],
							"size": [
								2,
								19,
								4
							],
							"uv": [
								44,
								41
							],
							"mirror": true
						},
						{
							"origin": [
								14,
								22.95929,
								3.65192
							],
							"size": [
								7,
								1,
								6
							],
							"pivot": [
								17.5,
								23.45929,
								6.65192
							],
							"rotation": [
								30,
								0,
								0
							],
							"uv": [
								0,
								263
							],
							"mirror": true
						},
						{
							"origin": [
								-12,
								5.5,
								-31
							],
							"size": [
								24,
								4,
								4
							],
							"uv": [
								88,
								78
							]
						}
					]
				},
				{
					"name": "seeder",
					"parent": "body",
					"pivot": [
						0,
						0,
						0
					],
					"cubes": [
						{
							"origin": [
								-2,
								8,
								17
							],
							"size": [
								4,
								5,
								23
							],
							"uv": [
								270,
								189
							]
						},
						{
							"origin": [
								-6,
								9,
								40
							],
							"size": [
								12,
								1,
								15
							],
							"uv": [
								323,
								199
							]
						},
						{
							"origin": [
								5,
								10,
								40
							],
							"size": [
								1,
								7,
								15
							],
							"uv": [
								216,
								257
							]
						},
						{
							"origin": [
								-6,
								10,
								40
							],
							"size": [
								1,
								7,
								15
							],
							"uv": [
								216,
								257
							]
						},
						{
							"origin": [
								-5,
								10,
								40
							],
							"size": [
								10,
								7,
								1
							],
							"uv": [
								192,
								271
							]
						},
						{
							"origin": [
								-5,
								10,
								41
							],
							"size": [
								10,
								6,
								13
							],
							"uv": [
								192,
								280
							]
						},
						{
							"origin": [
								-5,
								10,
								54
							],
							"size": [
								10,
								7,
								1
							],
							"uv": [
								192,
								271
							]
						},
						{
							"origin": [
								-20,
								7,
								44
							],
							"size": [
								40,
								2,
								7
							],
							"uv": [
								275,
								241
							]
						},
						{
							"origin": [
								-3,
								3,
								44.5
							],
							"size": [
								6,
								4,
								6
							],
							"uv": [
								298,
								224
							]
						},
						{
							"origin": [
								13,
								3,
								44.5
							],
							"size": [
								6,
								4,
								6
							],
							"uv": [
								298,
								224
							]
						},
						{
							"origin": [
								-19,
								3,
								44.5
							],
							"size": [
								6,
								4,
								6
							],
							"uv": [
								298,
								224
							]
						},
						{
							"origin": [
								-26,
								5.7,
								44.9
							],
							"size": [
								6,
								4,
								4
							],
							"uv": [
								288,
								193
							]
						},
						{
							"origin": [
								20,
								5.7,
								44.9
							],
							"size": [
								6,
								4,
								4
							],
							"uv": [
								288,
								193
							]
						}
					]
				},
				{
					"name": "steer",
					"parent": "body",
					"pivot": [
						0,
						23,
						-6.8
					],
					"rotation": [
						-35,
						0,
						0
					],
					"cubes": [
						{
							"origin": [
								-2,
								8.2269,
								-8.98449
							],
							"size": [
								4,
								16,
								4
							],
							"uv": [
								256,
								127
							]
						},
						{
							"origin": [
								-2,
								23.2269,
								-1.98449
							],
							"size": [
								4,
								1,
								1
							],
							"uv": [
								256,
								151
							]
						},
						{
							"origin": [
								-2,
								23.2269,
								-13.18064
							],
							"size": [
								4,
								1,
								1
							],
							"uv": [
								256,
								151
							]
						},
						{
							"origin": [
								1.48205,
								23.2269,
								-2.9175
							],
							"size": [
								3,
								1,
								1
							],
							"pivot": [
								3.48205,
								23.7269,
								-2.4175
							],
							"rotation": [
								0,
								30,
								0
							],
							"uv": [
								256,
								151
							]
						},
						{
							"origin": [
								1.98205,
								23.2269,
								-12.3816
							],
							"size": [
								3,
								1,
								1
							],
							"pivot": [
								3.48205,
								23.7269,
								-12.74763
							],
							"rotation": [
								0,
								-30,
								0
							],
							"uv": [
								256,
								151
							]
						},
						{
							"origin": [
								3.16506,
								23.2269,
								-4.96654
							],
							"size": [
								3,
								1,
								1
							],
							"pivot": [
								5.16506,
								23.7269,
								-4.46654
							],
							"rotation": [
								0,
								60,
								0
							],
							"uv": [
								256,
								151
							]
						},
						{
							"origin": [
								3.66506,
								23.2269,
								-10.06462
							],
							"size": [
								3,
								1,
								1
							],
							"pivot": [
								5.53109,
								23.7269,
								-10.06462
							],
							"rotation": [
								0,
								-60,
								0
							],
							"uv": [
								256,
								151
							]
						},
						{
							"origin": [
								-4.61603,
								23.2269,
								-2.4175
							],
							"size": [
								3,
								1,
								1
							],
							"pivot": [
								-2.61603,
								23.7269,
								-1.9175
							],
							"rotation": [
								0,
								-30,
								0
							],
							"uv": [
								256,
								151
							]
						},
						{
							"origin": [
								-4.84808,
								23.2269,
								-11.8816
							],
							"size": [
								3,
								1,
								1
							],
							"pivot": [
								-4.34808,
								23.7269,
								-12.24763
							],
							"rotation": [
								0,
								30,
								0
							],
							"uv": [
								256,
								151
							]
						},
						{
							"origin": [
								-6.66506,
								23.2269,
								-4.10052
							],
							"size": [
								3,
								1,
								1
							],
							"pivot": [
								-4.66506,
								23.7269,
								-3.60052
							],
							"rotation": [
								0,
								-60,
								0
							],
							"uv": [
								256,
								151
							]
						},
						{
							"origin": [
								-6.16506,
								23.2269,
								-9.19859
							],
							"size": [
								3,
								1,
								1
							],
							"pivot": [
								-6.03109,
								23.7269,
								-9.19859
							],
							"rotation": [
								0,
								60,
								0
							],
							"uv": [
								256,
								151
							]
						},
						{
							"origin": [
								-8.59808,
								23.2269,
								-6.58257
							],
							"size": [
								4,
								1,
								1
							],
							"pivot": [
								-5.59808,
								23.7269,
								-6.08257
							],
							"rotation": [
								0,
								-90,
								0
							],
							"uv": [
								256,
								151
							]
						},
						{
							"origin": [
								-5.68301,
								21.90991,
								-9.58257
							],
							"size": [
								4,
								1,
								5
							],
							"pivot": [
								-3.68301,
								22.40991,
								-7.08257
							],
							"rotation": [
								0,
								-90,
								30
							],
							"uv": [
								256,
								169
							]
						},
						{
							"origin": [
								3.59808,
								23.2269,
								-7.58257
							],
							"size": [
								4,
								1,
								1
							],
							"pivot": [
								5.59808,
								23.7269,
								-7.08257
							],
							"rotation": [
								0,
								-90,
								0
							],
							"uv": [
								256,
								151
							]
						},
						{
							"origin": [
								1.68301,
								21.90991,
								-9.58257
							],
							"size": [
								4,
								1,
								5
							],
							"pivot": [
								3.68301,
								22.40991,
								-7.08257
							],
							"rotation": [
								0,
								90,
								-30
							],
							"uv": [
								256,
								169
							],
							"mirror": true
						},
						{
							"origin": [
								-4.48205,
								23.2269,
								-2.9175
							],
							"size": [
								3,
								1,
								1
							],
							"pivot": [
								-3.48205,
								23.7269,
								-2.4175
							],
							"rotation": [
								0,
								-30,
								0
							],
							"uv": [
								256,
								151
							],
							"mirror": true
						},
						{
							"origin": [
								-4.98205,
								23.2269,
								-12.3816
							],
							"size": [
								3,
								1,
								1
							],
							"pivot": [
								-3.48205,
								23.7269,
								-12.74763
							],
							"rotation": [
								0,
								30,
								0
							],
							"uv": [
								256,
								151
							],
							"mirror": true
						},
						{
							"origin": [
								-6.16506,
								23.2269,
								-4.96654
							],
							"size": [
								3,
								1,
								1
							],
							"pivot": [
								-5.16506,
								23.7269,
								-4.46654
							],
							"rotation": [
								0,
								-60,
								0
							],
							"uv": [
								256,
								151
							],
							"mirror": true
						},
						{
							"origin": [
								-6.66506,
								23.2269,
								-10.06462
							],
							"size": [
								3,
								1,
								1
							],
							"pivot": [
								-5.53109,
								23.7269,
								-10.06462
							],
							"rotation": [
								0,
								60,
								0
							],
							"uv": [
								256,
								151
							],
							"mirror": true
						},
						{
							"origin": [
								1.61603,
								23.2269,
								-2.4175
							],
							"size": [
								3,
								1,
								1
							],
							"pivot": [
								2.61603,
								23.7269,
								-1.9175
							],
							"rotation": [
								0,
								30,
								0
							],
							"uv": [
								256,
								151
							],
							"mirror": true
						},
						{
							"origin": [
								1.84808,
								23.2269,
								-11.8816
							],
							"size": [
								3,
								1,
								1
							],
							"pivot": [
								4.34808,
								23.7269,
								-12.24763
							],
							"rotation": [
								0,
								-30,
								0
							],
							"uv": [
								256,
								151
							],
							"mirror": true
						},
						{
							"origin": [
								3.66506,
								23.2269,
								-4.10052
							],
							"size": [
								3,
								1,
								1
							],
							"pivot": [
								4.66506,
								23.7269,
								-3.60052
							],
							"rotation": [
								0,
								60,
								0
							],
							"uv": [
								256,
								151
							],
							"mirror": true
						},
						{
							"origin": [
								3.16506,
								23.2269,
								-9.19859
							],
							"size": [
								3,
								1,
								1
							],
							"pivot": [
								6.03109,
								23.7269,
								-9.19859
							],
							"rotation": [
								0,
								-60,
								0
							],
							"uv": [
								256,
								151
							],
							"mirror": true
						},
						{
							"origin": [
								4.59808,
								23.2269,
								-6.58257
							],
							"size": [
								4,
								1,
								1
							],
							"pivot": [
								5.59808,
								23.7269,
								-6.08257
							],
							"rotation": [
								0,
								90,
								0
							],
							"uv": [
								256,
								151
							],
							"mirror": true
						},
						{
							"origin": [
								-7.59808,
								23.2269,
								-7.58257
							],
							"size": [
								4,
								1,
								1
							],
							"pivot": [
								-5.59808,
								23.7269,
								-7.08257
							],
							"rotation": [
								0,
								90,
								0
							],
							"uv": [
								256,
								151
							],
							"mirror": true
						}
					]
				},
				{
					"name": "wheel0",
					"parent": "root",
					"pivot": [
						-1,
						7.59,
						-29
					]
				},
				{
					"name": "tire1",
					"parent": "wheel0",
					"pivot": [
						-13,
						7.61193,
						-29
					],
					"cubes": [
						{
							"origin": [
								-15,
								6.59575,
								-36.59575
							],
							"size": [
								4,
								2,
								4
							],
							"uv": [
								168,
								232
							]
						},
						{
							"origin": [
								-14,
								4,
								-33
							],
							"size": [
								2,
								8,
								8
							],
							"uv": [
								236,
								169
							]
						},
						{
							"origin": [
								-15,
								0.19151,
								-30
							],
							"size": [
								4,
								4,
								2
							],
							"pivot": [
								-13,
								7.69151,
								-29
							],
							"rotation": [
								180,
								0,
								0
							],
							"uv": [
								168,
								232
							]
						},
						{
							"origin": [
								-15,
								11.38302,
								-30
							],
							"size": [
								4,
								4,
								2
							],
							"pivot": [
								-13,
								7.69151,
								-29
							],
							"rotation": [
								180,
								0,
								0
							],
							"uv": [
								168,
								232
							]
						},
						{
							"origin": [
								-15,
								6.78726,
								-36.59575
							],
							"size": [
								4,
								2,
								4
							],
							"pivot": [
								-13,
								7.69151,
								-29
							],
							"rotation": [
								180,
								0,
								0
							],
							"uv": [
								168,
								232
							]
						},
						{
							"origin": [
								-15,
								8.43227,
								-36.35397
							],
							"size": [
								4,
								2,
								4
							],
							"pivot": [
								-13,
								9.43227,
								-35.85397
							],
							"rotation": [
								-15,
								0,
								0
							],
							"uv": [
								168,
								232
							]
						},
						{
							"origin": [
								-15,
								6.784,
								-36.62054
							],
							"size": [
								4,
								2,
								4
							],
							"pivot": [
								-13,
								7.69151,
								-29
							],
							"rotation": [
								165,
								0,
								0
							],
							"uv": [
								168,
								232
							]
						},
						{
							"origin": [
								-15,
								10.14363,
								-35.6451
							],
							"size": [
								4,
								2,
								4
							],
							"pivot": [
								-13,
								11.14363,
								-35.1451
							],
							"rotation": [
								-30,
								0,
								0
							],
							"uv": [
								168,
								232
							]
						},
						{
							"origin": [
								-15,
								6.77443,
								-36.64363
							],
							"size": [
								4,
								2,
								4
							],
							"pivot": [
								-13,
								7.69151,
								-29
							],
							"rotation": [
								150,
								0,
								0
							],
							"uv": [
								168,
								232
							]
						},
						{
							"origin": [
								-15,
								11.61321,
								-34.51746
							],
							"size": [
								4,
								2,
								4
							],
							"pivot": [
								-13,
								12.61321,
								-34.01746
							],
							"rotation": [
								-45,
								0,
								0
							],
							"uv": [
								168,
								232
							]
						},
						{
							"origin": [
								-15,
								6.75922,
								-36.66346
							],
							"size": [
								4,
								2,
								4
							],
							"pivot": [
								-13,
								7.69151,
								-29
							],
							"rotation": [
								135,
								0,
								0
							],
							"uv": [
								168,
								232
							]
						},
						{
							"origin": [
								-15,
								12.74086,
								-33.04788
							],
							"size": [
								4,
								2,
								4
							],
							"pivot": [
								-13,
								13.74086,
								-32.54788
							],
							"rotation": [
								-60,
								0,
								0
							],
							"uv": [
								168,
								232
							]
						},
						{
							"origin": [
								-15,
								6.73939,
								-36.67868
							],
							"size": [
								4,
								2,
								4
							],
							"pivot": [
								-13,
								7.69151,
								-29
							],
							"rotation": [
								120,
								0,
								0
							],
							"uv": [
								168,
								232
							]
						},
						{
							"origin": [
								-15,
								13.44973,
								-31.33652
							],
							"size": [
								4,
								2,
								4
							],
							"pivot": [
								-13,
								14.44973,
								-30.83652
							],
							"rotation": [
								-75,
								0,
								0
							],
							"uv": [
								168,
								232
							]
						},
						{
							"origin": [
								-15,
								6.71629,
								-36.68825
							],
							"size": [
								4,
								2,
								4
							],
							"pivot": [
								-13,
								7.69151,
								-29
							],
							"rotation": [
								105,
								0,
								0
							],
							"uv": [
								168,
								232
							]
						},
						{
							"origin": [
								-15,
								2.0783,
								-35.01746
							],
							"size": [
								4,
								4,
								2
							],
							"pivot": [
								-13,
								2.5783,
								-34.01746
							],
							"rotation": [
								-45,
								0,
								0
							],
							"uv": [
								168,
								232
							]
						},
						{
							"origin": [
								-15,
								0.16346,
								-30.06771
							],
							"size": [
								4,
								4,
								2
							],
							"pivot": [
								-13,
								7.69151,
								-29
							],
							"rotation": [
								135,
								0,
								0
							],
							"uv": [
								168,
								232
							]
						},
						{
							"origin": [
								-15,
								3.54788,
								-36.1451
							],
							"size": [
								4,
								4,
								2
							],
							"pivot": [
								-13,
								4.04788,
								-35.1451
							],
							"rotation": [
								-60,
								0,
								0
							],
							"uv": [
								168,
								232
							]
						},
						{
							"origin": [
								-15,
								0.14363,
								-30.08293
							],
							"size": [
								4,
								4,
								2
							],
							"pivot": [
								-13,
								7.69151,
								-29
							],
							"rotation": [
								120,
								0,
								0
							],
							"uv": [
								168,
								232
							]
						},
						{
							"origin": [
								-15,
								5.25924,
								-36.85397
							],
							"size": [
								4,
								4,
								2
							],
							"pivot": [
								-13,
								5.75924,
								-35.85397
							],
							"rotation": [
								-75,
								0,
								0
							],
							"uv": [
								168,
								232
							]
						},
						{
							"origin": [
								-15,
								0.12054,
								-30.09249
							],
							"size": [
								4,
								4,
								2
							],
							"pivot": [
								-13,
								7.69151,
								-29
							],
							"rotation": [
								105,
								0,
								0
							],
							"uv": [
								168,
								232
							]
						},
						{
							"origin": [
								-15,
								0.24178,
								-31.83652
							],
							"size": [
								4,
								4,
								2
							],
							"pivot": [
								-13,
								0.74178,
								-30.83652
							],
							"rotation": [
								-15,
								0,
								0
							],
							"uv": [
								168,
								232
							]
						},
						{
							"origin": [
								-15,
								0.18825,
								-30.02478
							],
							"size": [
								4,
								4,
								2
							],
							"pivot": [
								-13,
								7.69151,
								-29
							],
							"rotation": [
								165,
								0,
								0
							],
							"uv": [
								168,
								232
							]
						},
						{
							"origin": [
								-15,
								0.95065,
								-33.54788
							],
							"size": [
								4,
								4,
								2
							],
							"pivot": [
								-13,
								1.45065,
								-32.54788
							],
							"rotation": [
								-30,
								0,
								0
							],
							"uv": [
								168,
								232
							]
						},
						{
							"origin": [
								-15,
								0.17868,
								-30.04788
							],
							"size": [
								4,
								4,
								2
							],
							"pivot": [
								-13,
								7.69151,
								-29
							],
							"rotation": [
								150,
								0,
								0
							],
							"uv": [
								168,
								232
							]
						}
					]
				},
				{
					"name": "tire0",
					"parent": "wheel0",
					"pivot": [
						13,
						7.61193,
						-29
					],
					"cubes": [
						{
							"origin": [
								12,
								3.59575,
								-32.59575
							],
							"size": [
								2,
								8,
								8
							],
							"uv": [
								236,
								169
							]
						},
						{
							"origin": [
								11,
								6.59575,
								-36.59575
							],
							"size": [
								4,
								2,
								4
							],
							"uv": [
								168,
								232
							],
							"mirror": true
						},
						{
							"origin": [
								11,
								0.19151,
								-30
							],
							"size": [
								4,
								4,
								2
							],
							"pivot": [
								13,
								7.69151,
								-29
							],
							"rotation": [
								180,
								0,
								0
							],
							"uv": [
								168,
								232
							],
							"mirror": true
						},
						{
							"origin": [
								11,
								11.38302,
								-30
							],
							"size": [
								4,
								4,
								2
							],
							"pivot": [
								13,
								7.69151,
								-29
							],
							"rotation": [
								180,
								0,
								0
							],
							"uv": [
								168,
								232
							],
							"mirror": true
						},
						{
							"origin": [
								11,
								6.78726,
								-36.59575
							],
							"size": [
								4,
								2,
								4
							],
							"pivot": [
								13,
								7.69151,
								-29
							],
							"rotation": [
								180,
								0,
								0
							],
							"uv": [
								168,
								232
							],
							"mirror": true
						},
						{
							"origin": [
								11,
								8.43227,
								-36.35397
							],
							"size": [
								4,
								2,
								4
							],
							"pivot": [
								13,
								9.43227,
								-35.85397
							],
							"rotation": [
								-15,
								0,
								0
							],
							"uv": [
								168,
								232
							],
							"mirror": true
						},
						{
							"origin": [
								11,
								6.784,
								-36.62054
							],
							"size": [
								4,
								2,
								4
							],
							"pivot": [
								13,
								7.69151,
								-29
							],
							"rotation": [
								165,
								0,
								0
							],
							"uv": [
								168,
								232
							],
							"mirror": true
						},
						{
							"origin": [
								11,
								10.14363,
								-35.6451
							],
							"size": [
								4,
								2,
								4
							],
							"pivot": [
								13,
								11.14363,
								-35.1451
							],
							"rotation": [
								-30,
								0,
								0
							],
							"uv": [
								168,
								232
							],
							"mirror": true
						},
						{
							"origin": [
								11,
								6.77443,
								-36.64363
							],
							"size": [
								4,
								2,
								4
							],
							"pivot": [
								13,
								7.69151,
								-29
							],
							"rotation": [
								150,
								0,
								0
							],
							"uv": [
								168,
								232
							],
							"mirror": true
						},
						{
							"origin": [
								11,
								11.61321,
								-34.51746
							],
							"size": [
								4,
								2,
								4
							],
							"pivot": [
								13,
								12.61321,
								-34.01746
							],
							"rotation": [
								-45,
								0,
								0
							],
							"uv": [
								168,
								232
							],
							"mirror": true
						},
						{
							"origin": [
								11,
								6.75922,
								-36.66346
							],
							"size": [
								4,
								2,
								4
							],
							"pivot": [
								13,
								7.69151,
								-29
							],
							"rotation": [
								135,
								0,
								0
							],
							"uv": [
								168,
								232
							],
							"mirror": true
						},
						{
							"origin": [
								11,
								12.74086,
								-33.04788
							],
							"size": [
								4,
								2,
								4
							],
							"pivot": [
								13,
								13.74086,
								-32.54788
							],
							"rotation": [
								-60,
								0,
								0
							],
							"uv": [
								168,
								232
							],
							"mirror": true
						},
						{
							"origin": [
								11,
								6.73939,
								-36.67868
							],
							"size": [
								4,
								2,
								4
							],
							"pivot": [
								13,
								7.69151,
								-29
							],
							"rotation": [
								120,
								0,
								0
							],
							"uv": [
								168,
								232
							],
							"mirror": true
						},
						{
							"origin": [
								11,
								13.44973,
								-31.33652
							],
							"size": [
								4,
								2,
								4
							],
							"pivot": [
								13,
								14.44973,
								-30.83652
							],
							"rotation": [
								-75,
								0,
								0
							],
							"uv": [
								168,
								232
							],
							"mirror": true
						},
						{
							"origin": [
								11,
								6.71629,
								-36.68825
							],
							"size": [
								4,
								2,
								4
							],
							"pivot": [
								13,
								7.69151,
								-29
							],
							"rotation": [
								105,
								0,
								0
							],
							"uv": [
								168,
								232
							],
							"mirror": true
						},
						{
							"origin": [
								11,
								2.0783,
								-35.01746
							],
							"size": [
								4,
								4,
								2
							],
							"pivot": [
								13,
								2.5783,
								-34.01746
							],
							"rotation": [
								-45,
								0,
								0
							],
							"uv": [
								168,
								232
							],
							"mirror": true
						},
						{
							"origin": [
								11,
								0.16346,
								-30.06771
							],
							"size": [
								4,
								4,
								2
							],
							"pivot": [
								13,
								7.69151,
								-29
							],
							"rotation": [
								135,
								0,
								0
							],
							"uv": [
								168,
								232
							],
							"mirror": true
						},
						{
							"origin": [
								11,
								3.54788,
								-36.1451
							],
							"size": [
								4,
								4,
								2
							],
							"pivot": [
								13,
								4.04788,
								-35.1451
							],
							"rotation": [
								-60,
								0,
								0
							],
							"uv": [
								168,
								232
							],
							"mirror": true
						},
						{
							"origin": [
								11,
								0.14363,
								-30.08293
							],
							"size": [
								4,
								4,
								2
							],
							"pivot": [
								13,
								7.69151,
								-29
							],
							"rotation": [
								120,
								0,
								0
							],
							"uv": [
								168,
								232
							],
							"mirror": true
						},
						{
							"origin": [
								11,
								5.25924,
								-36.85397
							],
							"size": [
								4,
								4,
								2
							],
							"pivot": [
								13,
								5.75924,
								-35.85397
							],
							"rotation": [
								-75,
								0,
								0
							],
							"uv": [
								168,
								232
							],
							"mirror": true
						},
						{
							"origin": [
								11,
								0.12054,
								-30.09249
							],
							"size": [
								4,
								4,
								2
							],
							"pivot": [
								13,
								7.69151,
								-29
							],
							"rotation": [
								105,
								0,
								0
							],
							"uv": [
								168,
								232
							],
							"mirror": true
						},
						{
							"origin": [
								11,
								0.24178,
								-31.83652
							],
							"size": [
								4,
								4,
								2
							],
							"pivot": [
								13,
								0.74178,
								-30.83652
							],
							"rotation": [
								-15,
								0,
								0
							],
							"uv": [
								168,
								232
							],
							"mirror": true
						},
						{
							"origin": [
								11,
								0.18825,
								-30.02478
							],
							"size": [
								4,
								4,
								2
							],
							"pivot": [
								13,
								7.69151,
								-29
							],
							"rotation": [
								165,
								0,
								0
							],
							"uv": [
								168,
								232
							],
							"mirror": true
						},
						{
							"origin": [
								11,
								0.95065,
								-33.54788
							],
							"size": [
								4,
								4,
								2
							],
							"pivot": [
								13,
								1.45065,
								-32.54788
							],
							"rotation": [
								-30,
								0,
								0
							],
							"uv": [
								168,
								232
							],
							"mirror": true
						},
						{
							"origin": [
								11,
								0.17868,
								-30.04788
							],
							"size": [
								4,
								4,
								2
							],
							"pivot": [
								13,
								7.69151,
								-29
							],
							"rotation": [
								150,
								0,
								0
							],
							"uv": [
								168,
								232
							],
							"mirror": true
						}
					]
				},
				{
					"name": "wheel1",
					"parent": "root",
					"pivot": [
						0,
						11.1961,
						12
					],
					"cubes": [
						{
							"origin": [
								-22.25,
								0,
								9
							],
							"size": [
								7,
								5,
								6
							],
							"uv": [
								172,
								209
							]
						},
						{
							"origin": [
								15.75,
								0,
								9
							],
							"size": [
								7,
								5,
								6
							],
							"uv": [
								172,
								209
							]
						},
						{
							"origin": [
								-22.25,
								17.3923,
								9
							],
							"size": [
								7,
								5,
								6
							],
							"uv": [
								172,
								209
							]
						},
						{
							"origin": [
								15.75,
								17.3923,
								9
							],
							"size": [
								7,
								5,
								6
							],
							"uv": [
								172,
								209
							]
						},
						{
							"origin": [
								-20.25,
								2.4641,
								10
							],
							"size": [
								2,
								2,
								4
							],
							"uv": [
								172,
								209
							]
						},
						{
							"origin": [
								17.75,
								2.4641,
								10
							],
							"size": [
								2,
								2,
								4
							],
							"uv": [
								172,
								209
							]
						},
						{
							"origin": [
								-22.25,
								0,
								9
							],
							"size": [
								7,
								5,
								6
							],
							"pivot": [
								0,
								11.19615,
								12
							],
							"rotation": [
								-30,
								0,
								0
							],
							"uv": [
								172,
								209
							]
						},
						{
							"origin": [
								15.75,
								0,
								9
							],
							"size": [
								7,
								5,
								6
							],
							"pivot": [
								0,
								11.19615,
								12
							],
							"rotation": [
								-30,
								0,
								0
							],
							"uv": [
								172,
								209
							]
						},
						{
							"origin": [
								-22.25,
								0,
								9
							],
							"size": [
								7,
								5,
								6
							],
							"pivot": [
								0,
								11.19615,
								12
							],
							"rotation": [
								30,
								0,
								0
							],
							"uv": [
								172,
								209
							]
						},
						{
							"origin": [
								15.75,
								0,
								9
							],
							"size": [
								7,
								5,
								6
							],
							"pivot": [
								0,
								11.19615,
								12
							],
							"rotation": [
								30,
								0,
								0
							],
							"uv": [
								172,
								209
							]
						},
						{
							"origin": [
								-22.25,
								0,
								9.00001
							],
							"size": [
								7,
								5,
								6
							],
							"pivot": [
								0,
								11.19615,
								12
							],
							"rotation": [
								60,
								0,
								0
							],
							"uv": [
								172,
								209
							]
						},
						{
							"origin": [
								15.75,
								0,
								9.00001
							],
							"size": [
								7,
								5,
								6
							],
							"pivot": [
								0,
								11.19615,
								12
							],
							"rotation": [
								60,
								0,
								0
							],
							"uv": [
								172,
								209
							]
						},
						{
							"origin": [
								-22.25,
								0,
								9
							],
							"size": [
								7,
								5,
								6
							],
							"pivot": [
								0,
								11.19615,
								12
							],
							"rotation": [
								-60,
								0,
								0
							],
							"uv": [
								172,
								209
							]
						},
						{
							"origin": [
								15.75,
								0,
								9
							],
							"size": [
								7,
								5,
								6
							],
							"pivot": [
								0,
								11.19615,
								12
							],
							"rotation": [
								-60,
								0,
								0
							],
							"uv": [
								172,
								209
							]
						},
						{
							"origin": [
								-22.25,
								0,
								9
							],
							"size": [
								7,
								5,
								6
							],
							"pivot": [
								0,
								11.19615,
								12
							],
							"rotation": [
								-90,
								0,
								0
							],
							"uv": [
								172,
								209
							]
						},
						{
							"origin": [
								15.75,
								0,
								9
							],
							"size": [
								7,
								5,
								6
							],
							"pivot": [
								0,
								11.19615,
								12
							],
							"rotation": [
								-90,
								0,
								0
							],
							"uv": [
								172,
								209
							]
						},
						{
							"origin": [
								-22.25,
								17.3923,
								9
							],
							"size": [
								7,
								5,
								6
							],
							"pivot": [
								0,
								11.19615,
								12
							],
							"rotation": [
								-90,
								0,
								0
							],
							"uv": [
								172,
								209
							]
						},
						{
							"origin": [
								15.75,
								17.3923,
								9
							],
							"size": [
								7,
								5,
								6
							],
							"pivot": [
								0,
								11.19615,
								12
							],
							"rotation": [
								-90,
								0,
								0
							],
							"uv": [
								172,
								209
							]
						},
						{
							"origin": [
								-22.25,
								17.3923,
								9
							],
							"size": [
								7,
								5,
								6
							],
							"pivot": [
								0,
								11.19615,
								12
							],
							"rotation": [
								-60,
								0,
								0
							],
							"uv": [
								172,
								209
							]
						},
						{
							"origin": [
								15.75,
								17.3923,
								9
							],
							"size": [
								7,
								5,
								6
							],
							"pivot": [
								0,
								11.19615,
								12
							],
							"rotation": [
								-60,
								0,
								0
							],
							"uv": [
								172,
								209
							]
						},
						{
							"origin": [
								-22.25,
								17.3923,
								9
							],
							"size": [
								7,
								5,
								6
							],
							"pivot": [
								0,
								11.19615,
								12
							],
							"rotation": [
								-30,
								0,
								0
							],
							"uv": [
								172,
								209
							]
						},
						{
							"origin": [
								15.75,
								17.3923,
								9
							],
							"size": [
								7,
								5,
								6
							],
							"pivot": [
								0,
								11.19615,
								12
							],
							"rotation": [
								-30,
								0,
								0
							],
							"uv": [
								172,
								209
							]
						},
						{
							"origin": [
								-22.25,
								0,
								9
							],
							"size": [
								7,
								5,
								6
							],
							"pivot": [
								0,
								11.19615,
								12
							],
							"rotation": [
								-120,
								0,
								0
							],
							"uv": [
								172,
								209
							]
						},
						{
							"origin": [
								15.75,
								0,
								9
							],
							"size": [
								7,
								5,
								6
							],
							"pivot": [
								0,
								11.19615,
								12
							],
							"rotation": [
								-120,
								0,
								0
							],
							"uv": [
								172,
								209
							]
						},
						{
							"origin": [
								-22.25,
								0,
								9
							],
							"size": [
								7,
								5,
								6
							],
							"pivot": [
								0,
								11.19615,
								12
							],
							"rotation": [
								-150,
								0,
								0
							],
							"uv": [
								172,
								209
							]
						},
						{
							"origin": [
								15.75,
								0,
								9
							],
							"size": [
								7,
								5,
								6
							],
							"pivot": [
								0,
								11.19615,
								12
							],
							"rotation": [
								-150,
								0,
								0
							],
							"uv": [
								172,
								209
							]
						}
					]
				},
				{
					"name": "xv",
					"parent": "wheel1",
					"pivot": [
						-18.75,
						9.9282,
						19.9641
					],
					"cubes": [
						{
							"origin": [
								-20.25,
								15.3923,
								10
							],
							"size": [
								2,
								2,
								4
							],
							"uv": [
								244,
								144
							]
						},
						{
							"origin": [
								17.75,
								15.3923,
								10
							],
							"size": [
								2,
								2,
								4
							],
							"uv": [
								244,
								144
							]
						},
						{
							"origin": [
								-20.25,
								4.19615,
								10
							],
							"size": [
								2,
								3,
								4
							],
							"uv": [
								244,
								144
							]
						},
						{
							"origin": [
								17.75,
								4.19615,
								10
							],
							"size": [
								2,
								3,
								4
							],
							"uv": [
								244,
								144
							]
						},
						{
							"origin": [
								-20.25,
								13.78942,
								15.98205
							],
							"size": [
								2,
								2,
								3
							],
							"pivot": [
								-18.75,
								20.28942,
								17.98205
							],
							"rotation": [
								-30,
								0,
								0
							],
							"uv": [
								244,
								144
							]
						},
						{
							"origin": [
								17.75,
								13.78942,
								15.98205
							],
							"size": [
								2,
								2,
								3
							],
							"pivot": [
								-18.75,
								20.28942,
								17.98205
							],
							"rotation": [
								-30,
								0,
								0
							],
							"uv": [
								244,
								144
							]
						},
						{
							"origin": [
								-20.25,
								18.78942,
								3.6782
							],
							"size": [
								2,
								2,
								3
							],
							"pivot": [
								-18.75,
								25.28942,
								14.6782
							],
							"rotation": [
								30,
								0,
								0
							],
							"uv": [
								244,
								144
							]
						},
						{
							"origin": [
								17.75,
								18.78942,
								3.6782
							],
							"size": [
								2,
								2,
								3
							],
							"pivot": [
								-18.75,
								25.28942,
								14.6782
							],
							"rotation": [
								30,
								0,
								0
							],
							"uv": [
								244,
								144
							]
						},
						{
							"origin": [
								-20.25,
								9.91025,
								19.49519
							],
							"size": [
								2,
								2,
								3
							],
							"pivot": [
								-18.75,
								16.41025,
								21.49519
							],
							"rotation": [
								-60,
								0,
								0
							],
							"uv": [
								244,
								144
							]
						},
						{
							"origin": [
								17.75,
								9.91025,
								19.49519
							],
							"size": [
								2,
								2,
								3
							],
							"pivot": [
								-18.75,
								16.41025,
								21.49519
							],
							"rotation": [
								-60,
								0,
								0
							],
							"uv": [
								244,
								144
							]
						},
						{
							"origin": [
								-20.25,
								10.77628,
								1.00481
							],
							"size": [
								2,
								2,
								3
							],
							"pivot": [
								-18.75,
								17.27628,
								3.00481
							],
							"rotation": [
								60,
								0,
								0
							],
							"uv": [
								244,
								144
							]
						},
						{
							"origin": [
								17.75,
								10.77628,
								1.00481
							],
							"size": [
								2,
								2,
								3
							],
							"pivot": [
								-18.75,
								17.27628,
								3.00481
							],
							"rotation": [
								60,
								0,
								0
							],
							"uv": [
								244,
								144
							]
						},
						{
							"origin": [
								-20.25,
								-1.18782,
								2.00481
							],
							"size": [
								2,
								2,
								3
							],
							"pivot": [
								-18.75,
								5.31218,
								3.00481
							],
							"rotation": [
								120,
								0,
								0
							],
							"uv": [
								244,
								144
							]
						},
						{
							"origin": [
								17.75,
								-1.18782,
								2.00481
							],
							"size": [
								2,
								2,
								3
							],
							"pivot": [
								-18.75,
								5.31218,
								3.00481
							],
							"rotation": [
								120,
								0,
								0
							],
							"uv": [
								244,
								144
							]
						},
						{
							"origin": [
								-20.25,
								5.81218,
								7.70096
							],
							"size": [
								2,
								2,
								3
							],
							"pivot": [
								-19.25,
								6.81218,
								9.20096
							],
							"rotation": [
								150,
								0,
								0
							],
							"uv": [
								244,
								144
							]
						},
						{
							"origin": [
								17.75,
								5.81218,
								7.70096
							],
							"size": [
								2,
								2,
								3
							],
							"pivot": [
								-19.25,
								6.81218,
								9.20096
							],
							"rotation": [
								150,
								0,
								0
							],
							"uv": [
								244,
								144
							]
						},
						{
							"origin": [
								-20.25,
								-0.3218,
								20.49519
							],
							"size": [
								2,
								2,
								3
							],
							"pivot": [
								-18.75,
								6.1782,
								21.49519
							],
							"rotation": [
								-120,
								0,
								0
							],
							"uv": [
								244,
								144
							]
						},
						{
							"origin": [
								17.75,
								-0.3218,
								20.49519
							],
							"size": [
								2,
								2,
								3
							],
							"pivot": [
								-18.75,
								6.1782,
								21.49519
							],
							"rotation": [
								-120,
								0,
								0
							],
							"uv": [
								244,
								144
							]
						},
						{
							"origin": [
								-20.25,
								-4.20096,
								16.98205
							],
							"size": [
								2,
								2,
								3
							],
							"pivot": [
								-18.75,
								2.29904,
								17.98205
							],
							"rotation": [
								-150,
								0,
								0
							],
							"uv": [
								244,
								144
							]
						},
						{
							"origin": [
								17.75,
								-4.20096,
								16.98205
							],
							"size": [
								2,
								2,
								3
							],
							"pivot": [
								-18.75,
								2.29904,
								17.98205
							],
							"rotation": [
								-150,
								0,
								0
							],
							"uv": [
								244,
								144
							]
						},
						{
							"origin": [
								-20.25,
								4.79423,
								10.40192
							],
							"size": [
								2,
								2,
								4
							],
							"pivot": [
								-18.75,
								11.29423,
								12.40192
							],
							"rotation": [
								-90,
								0,
								0
							],
							"uv": [
								244,
								144
							]
						},
						{
							"origin": [
								17.75,
								4.79423,
								10.40192
							],
							"size": [
								2,
								2,
								4
							],
							"pivot": [
								-18.75,
								11.29423,
								12.40192
							],
							"rotation": [
								-90,
								0,
								0
							],
							"uv": [
								244,
								144
							]
						},
						{
							"origin": [
								-20.25,
								4.79423,
								20.59808
							],
							"size": [
								2,
								2,
								4
							],
							"pivot": [
								-18.75,
								11.29423,
								22.59808
							],
							"rotation": [
								-90,
								0,
								0
							],
							"uv": [
								244,
								144
							]
						},
						{
							"origin": [
								17.75,
								4.79423,
								20.59808
							],
							"size": [
								2,
								2,
								4
							],
							"pivot": [
								-18.75,
								11.29423,
								22.59808
							],
							"rotation": [
								-90,
								0,
								0
							],
							"uv": [
								244,
								144
							]
						}
					]
				},
				{
					"name": "wheel2",
					"parent": "root",
					"pivot": [
						-1,
						7.59,
						47
					]
				},
				{
					"name": "tire2",
					"parent": "wheel2",
					"pivot": [
						-23,
						7.61193,
						47
					],
					"cubes": [
						{
							"origin": [
								-25,
								6.59575,
								39.40425
							],
							"size": [
								4,
								2,
								4
							],
							"uv": [
								168,
								232
							]
						},
						{
							"origin": [
								-24,
								4,
								43
							],
							"size": [
								2,
								8,
								8
							],
							"uv": [
								236,
								169
							]
						},
						{
							"origin": [
								-25,
								0.19151,
								46
							],
							"size": [
								4,
								4,
								2
							],
							"pivot": [
								-23,
								7.69151,
								47
							],
							"rotation": [
								180,
								0,
								0
							],
							"uv": [
								168,
								232
							]
						},
						{
							"origin": [
								-25,
								11.38302,
								46
							],
							"size": [
								4,
								4,
								2
							],
							"pivot": [
								-23,
								7.69151,
								47
							],
							"rotation": [
								180,
								0,
								0
							],
							"uv": [
								168,
								232
							]
						},
						{
							"origin": [
								-25,
								6.78726,
								39.40425
							],
							"size": [
								4,
								2,
								4
							],
							"pivot": [
								-23,
								7.69151,
								47
							],
							"rotation": [
								180,
								0,
								0
							],
							"uv": [
								168,
								232
							]
						},
						{
							"origin": [
								-25,
								8.43227,
								39.64603
							],
							"size": [
								4,
								2,
								4
							],
							"pivot": [
								-23,
								9.43227,
								40.14603
							],
							"rotation": [
								-15,
								0,
								0
							],
							"uv": [
								168,
								232
							]
						},
						{
							"origin": [
								-25,
								6.784,
								39.37946
							],
							"size": [
								4,
								2,
								4
							],
							"pivot": [
								-23,
								7.69151,
								47
							],
							"rotation": [
								165,
								0,
								0
							],
							"uv": [
								168,
								232
							]
						},
						{
							"origin": [
								-25,
								10.14363,
								40.3549
							],
							"size": [
								4,
								2,
								4
							],
							"pivot": [
								-23,
								11.14363,
								40.8549
							],
							"rotation": [
								-30,
								0,
								0
							],
							"uv": [
								168,
								232
							]
						},
						{
							"origin": [
								-25,
								6.77443,
								39.35637
							],
							"size": [
								4,
								2,
								4
							],
							"pivot": [
								-23,
								7.69151,
								47
							],
							"rotation": [
								150,
								0,
								0
							],
							"uv": [
								168,
								232
							]
						},
						{
							"origin": [
								-25,
								11.61321,
								41.48254
							],
							"size": [
								4,
								2,
								4
							],
							"pivot": [
								-23,
								12.61321,
								41.98254
							],
							"rotation": [
								-45,
								0,
								0
							],
							"uv": [
								168,
								232
							]
						},
						{
							"origin": [
								-25,
								6.75922,
								39.33654
							],
							"size": [
								4,
								2,
								4
							],
							"pivot": [
								-23,
								7.69151,
								47
							],
							"rotation": [
								135,
								0,
								0
							],
							"uv": [
								168,
								232
							]
						},
						{
							"origin": [
								-25,
								12.74086,
								42.95212
							],
							"size": [
								4,
								2,
								4
							],
							"pivot": [
								-23,
								13.74086,
								43.45212
							],
							"rotation": [
								-60,
								0,
								0
							],
							"uv": [
								168,
								232
							]
						},
						{
							"origin": [
								-25,
								6.73939,
								39.32132
							],
							"size": [
								4,
								2,
								4
							],
							"pivot": [
								-23,
								7.69151,
								47
							],
							"rotation": [
								120,
								0,
								0
							],
							"uv": [
								168,
								232
							]
						},
						{
							"origin": [
								-25,
								13.44973,
								44.66348
							],
							"size": [
								4,
								2,
								4
							],
							"pivot": [
								-23,
								14.44973,
								45.16348
							],
							"rotation": [
								-75,
								0,
								0
							],
							"uv": [
								168,
								232
							]
						},
						{
							"origin": [
								-25,
								6.71629,
								39.31175
							],
							"size": [
								4,
								2,
								4
							],
							"pivot": [
								-23,
								7.69151,
								47
							],
							"rotation": [
								105,
								0,
								0
							],
							"uv": [
								168,
								232
							]
						},
						{
							"origin": [
								-25,
								2.0783,
								40.98254
							],
							"size": [
								4,
								4,
								2
							],
							"pivot": [
								-23,
								2.5783,
								41.98254
							],
							"rotation": [
								-45,
								0,
								0
							],
							"uv": [
								168,
								232
							]
						},
						{
							"origin": [
								-25,
								0.16346,
								45.93229
							],
							"size": [
								4,
								4,
								2
							],
							"pivot": [
								-23,
								7.69151,
								47
							],
							"rotation": [
								135,
								0,
								0
							],
							"uv": [
								168,
								232
							]
						},
						{
							"origin": [
								-25,
								3.54788,
								39.8549
							],
							"size": [
								4,
								4,
								2
							],
							"pivot": [
								-23,
								4.04788,
								40.8549
							],
							"rotation": [
								-60,
								0,
								0
							],
							"uv": [
								168,
								232
							]
						},
						{
							"origin": [
								-25,
								0.14363,
								45.91707
							],
							"size": [
								4,
								4,
								2
							],
							"pivot": [
								-23,
								7.69151,
								47
							],
							"rotation": [
								120,
								0,
								0
							],
							"uv": [
								168,
								232
							]
						},
						{
							"origin": [
								-25,
								5.25924,
								39.14603
							],
							"size": [
								4,
								4,
								2
							],
							"pivot": [
								-23,
								5.75924,
								40.14603
							],
							"rotation": [
								-75,
								0,
								0
							],
							"uv": [
								168,
								232
							]
						},
						{
							"origin": [
								-25,
								0.12054,
								45.90751
							],
							"size": [
								4,
								4,
								2
							],
							"pivot": [
								-23,
								7.69151,
								47
							],
							"rotation": [
								105,
								0,
								0
							],
							"uv": [
								168,
								232
							]
						},
						{
							"origin": [
								-25,
								0.24178,
								44.16348
							],
							"size": [
								4,
								4,
								2
							],
							"pivot": [
								-23,
								0.74178,
								45.16348
							],
							"rotation": [
								-15,
								0,
								0
							],
							"uv": [
								168,
								232
							]
						},
						{
							"origin": [
								-25,
								0.18825,
								45.97522
							],
							"size": [
								4,
								4,
								2
							],
							"pivot": [
								-23,
								7.69151,
								47
							],
							"rotation": [
								165,
								0,
								0
							],
							"uv": [
								168,
								232
							]
						},
						{
							"origin": [
								-25,
								0.95065,
								42.45212
							],
							"size": [
								4,
								4,
								2
							],
							"pivot": [
								-23,
								1.45065,
								43.45212
							],
							"rotation": [
								-30,
								0,
								0
							],
							"uv": [
								168,
								232
							]
						},
						{
							"origin": [
								-25,
								0.17868,
								45.95212
							],
							"size": [
								4,
								4,
								2
							],
							"pivot": [
								-23,
								7.69151,
								47
							],
							"rotation": [
								150,
								0,
								0
							],
							"uv": [
								168,
								232
							]
						}
					]
				},
				{
					"name": "tire3",
					"parent": "wheel2",
					"pivot": [
						23,
						7.61193,
						47
					],
					"cubes": [
						{
							"origin": [
								22,
								3.59575,
								43.40425
							],
							"size": [
								2,
								8,
								8
							],
							"uv": [
								236,
								169
							]
						},
						{
							"origin": [
								21,
								6.59575,
								39.40425
							],
							"size": [
								4,
								2,
								4
							],
							"uv": [
								168,
								232
							],
							"mirror": true
						},
						{
							"origin": [
								21,
								0.19151,
								46
							],
							"size": [
								4,
								4,
								2
							],
							"pivot": [
								23,
								7.69151,
								47
							],
							"rotation": [
								180,
								0,
								0
							],
							"uv": [
								168,
								232
							],
							"mirror": true
						},
						{
							"origin": [
								21,
								11.38302,
								46
							],
							"size": [
								4,
								4,
								2
							],
							"pivot": [
								23,
								7.69151,
								47
							],
							"rotation": [
								180,
								0,
								0
							],
							"uv": [
								168,
								232
							],
							"mirror": true
						},
						{
							"origin": [
								21,
								6.78726,
								39.40425
							],
							"size": [
								4,
								2,
								4
							],
							"pivot": [
								23,
								7.69151,
								47
							],
							"rotation": [
								180,
								0,
								0
							],
							"uv": [
								168,
								232
							],
							"mirror": true
						},
						{
							"origin": [
								21,
								8.43227,
								39.64603
							],
							"size": [
								4,
								2,
								4
							],
							"pivot": [
								23,
								9.43227,
								40.14603
							],
							"rotation": [
								-15,
								0,
								0
							],
							"uv": [
								168,
								232
							],
							"mirror": true
						},
						{
							"origin": [
								21,
								6.784,
								39.37946
							],
							"size": [
								4,
								2,
								4
							],
							"pivot": [
								23,
								7.69151,
								47
							],
							"rotation": [
								165,
								0,
								0
							],
							"uv": [
								168,
								232
							],
							"mirror": true
						},
						{
							"origin": [
								21,
								10.14363,
								40.3549
							],
							"size": [
								4,
								2,
								4
							],
							"pivot": [
								23,
								11.14363,
								40.8549
							],
							"rotation": [
								-30,
								0,
								0
							],
							"uv": [
								168,
								232
							],
							"mirror": true
						},
						{
							"origin": [
								21,
								6.77443,
								39.35637
							],
							"size": [
								4,
								2,
								4
							],
							"pivot": [
								23,
								7.69151,
								47
							],
							"rotation": [
								150,
								0,
								0
							],
							"uv": [
								168,
								232
							],
							"mirror": true
						},
						{
							"origin": [
								21,
								11.61321,
								41.48254
							],
							"size": [
								4,
								2,
								4
							],
							"pivot": [
								23,
								12.61321,
								41.98254
							],
							"rotation": [
								-45,
								0,
								0
							],
							"uv": [
								168,
								232
							],
							"mirror": true
						},
						{
							"origin": [
								21,
								6.75922,
								39.33654
							],
							"size": [
								4,
								2,
								4
							],
							"pivot": [
								23,
								7.69151,
								47
							],
							"rotation": [
								135,
								0,
								0
							],
							"uv": [
								168,
								232
							],
							"mirror": true
						},
						{
							"origin": [
								21,
								12.74086,
								42.95212
							],
							"size": [
								4,
								2,
								4
							],
							"pivot": [
								23,
								13.74086,
								43.45212
							],
							"rotation": [
								-60,
								0,
								0
							],
							"uv": [
								168,
								232
							],
							"mirror": true
						},
						{
							"origin": [
								21,
								6.73939,
								39.32132
							],
							"size": [
								4,
								2,
								4
							],
							"pivot": [
								23,
								7.69151,
								47
							],
							"rotation": [
								120,
								0,
								0
							],
							"uv": [
								168,
								232
							],
							"mirror": true
						},
						{
							"origin": [
								21,
								13.44973,
								44.66348
							],
							"size": [
								4,
								2,
								4
							],
							"pivot": [
								23,
								14.44973,
								45.16348
							],
							"rotation": [
								-75,
								0,
								0
							],
							"uv": [
								168,
								232
							],
							"mirror": true
						},
						{
							"origin": [
								21,
								6.71629,
								39.31175
							],
							"size": [
								4,
								2,
								4
							],
							"pivot": [
								23,
								7.69151,
								47
							],
							"rotation": [
								105,
								0,
								0
							],
							"uv": [
								168,
								232
							],
							"mirror": true
						},
						{
							"origin": [
								21,
								2.0783,
								40.98254
							],
							"size": [
								4,
								4,
								2
							],
							"pivot": [
								23,
								2.5783,
								41.98254
							],
							"rotation": [
								-45,
								0,
								0
							],
							"uv": [
								168,
								232
							],
							"mirror": true
						},
						{
							"origin": [
								21,
								0.16346,
								45.93229
							],
							"size": [
								4,
								4,
								2
							],
							"pivot": [
								23,
								7.69151,
								47
							],
							"rotation": [
								135,
								0,
								0
							],
							"uv": [
								168,
								232
							],
							"mirror": true
						},
						{
							"origin": [
								21,
								3.54788,
								39.8549
							],
							"size": [
								4,
								4,
								2
							],
							"pivot": [
								23,
								4.04788,
								40.8549
							],
							"rotation": [
								-60,
								0,
								0
							],
							"uv": [
								168,
								232
							],
							"mirror": true
						},
						{
							"origin": [
								21,
								0.14363,
								45.91707
							],
							"size": [
								4,
								4,
								2
							],
							"pivot": [
								23,
								7.69151,
								47
							],
							"rotation": [
								120,
								0,
								0
							],
							"uv": [
								168,
								232
							],
							"mirror": true
						},
						{
							"origin": [
								21,
								5.25924,
								39.14603
							],
							"size": [
								4,
								4,
								2
							],
							"pivot": [
								23,
								5.75924,
								40.14603
							],
							"rotation": [
								-75,
								0,
								0
							],
							"uv": [
								168,
								232
							],
							"mirror": true
						},
						{
							"origin": [
								21,
								0.12054,
								45.90751
							],
							"size": [
								4,
								4,
								2
							],
							"pivot": [
								23,
								7.69151,
								47
							],
							"rotation": [
								105,
								0,
								0
							],
							"uv": [
								168,
								232
							],
							"mirror": true
						},
						{
							"origin": [
								21,
								0.24178,
								44.16348
							],
							"size": [
								4,
								4,
								2
							],
							"pivot": [
								23,
								0.74178,
								45.16348
							],
							"rotation": [
								-15,
								0,
								0
							],
							"uv": [
								168,
								232
							],
							"mirror": true
						},
						{
							"origin": [
								21,
								0.18825,
								45.97522
							],
							"size": [
								4,
								4,
								2
							],
							"pivot": [
								23,
								7.69151,
								47
							],
							"rotation": [
								165,
								0,
								0
							],
							"uv": [
								168,
								232
							],
							"mirror": true
						},
						{
							"origin": [
								21,
								0.95065,
								42.45212
							],
							"size": [
								4,
								4,
								2
							],
							"pivot": [
								23,
								1.45065,
								43.45212
							],
							"rotation": [
								-30,
								0,
								0
							],
							"uv": [
								168,
								232
							],
							"mirror": true
						},
						{
							"origin": [
								21,
								0.17868,
								45.95212
							],
							"size": [
								4,
								4,
								2
							],
							"pivot": [
								23,
								7.69151,
								47
							],
							"rotation": [
								150,
								0,
								0
							],
							"uv": [
								168,
								232
							],
							"mirror": true
						}
					]
				}
			]
		}
	]
}