{
	"format_version": "1.16.0",
	"minecraft:entity": {
		"description": {
			"identifier": "simple_vehicles:modern_jeep_ph",
			"is_spawnable": true,
			"is_summonable": true,
			"is_experimental": false,
			"scripts": {
				"animate": [
					"vehispeed",
					"vehionair"
				]
			},
			"animations": {
				"vehispeed": "controller.animation.simple_vehicles.vehicle_speed",
				"vehionair": "controller.animation.simple_vehicles.vehicles_onair"
			}
		},
		"component_groups": {
			"minecraft:vehicle": {
				"minecraft:is_tamed": {},
				"minecraft:rideable": {
					"seat_count": 5,
					"crouching_skip_interact": false,
					"family_types": [
						"player"
					],
					"interact_text": "Drive",
					"seats": [
						{
							"position": [
								0.5,
								0.5,
								0.45
							]
						},
						{
							"position": [
								-0.5,
								0.5,
								0.45
							]
						},
						{
							"position": [
								-0.5,
								0.5,
								-0.65
							]
						},
						{
							"position": [
								0.5,
								0.5,
								-0.65
							]
						},
						{
							"position": [
								0.5,
								0.5,
								-1.55
							]
						}
					]
				}
			},
			"minecraft:horse_saddled": {
				"minecraft:environment_sensor": {
					"triggers": [
						{
							"filters": {
								"all_of": [
									{
										"test": "has_tag",
										"operator": "equals",
										"value": "remove"
									},
									{
										"test": "hourly_clock_time",
										"operator": ">=",
										"value": 0
									},
									{
										"test": "hourly_clock_time",
										"operator": "<",
										"value": 12000
									}
								]
							},
							"event": "sfp:light_off"
						},
						{
							"filters": {
								"all_of": [
									{
										"any_of": [
											{
												"all_of": [
													{
														"test": "hourly_clock_time",
														"operator": ">=",
														"value": 12000
													},
													{
														"test": "hourly_clock_time",
														"operator": "<",
														"value": 24000
													}
												]
											},
											{
												"test": "light_level",
												"operator": "<",
												"value": 8
											}
										]
									},
									{
										"test": "has_tag",
										"operator": "not",
										"value": "remove"
									}
								]
							},
							"event": "sfp:light_on"
						}
					]
				},
				"minecraft:input_ground_controlled": {},
				"minecraft:can_power_jump": {},
				"minecraft:behavior.player_ride_tamed": {}
			}
		},
		"components": {
			"minecraft:scale": {
				"value": 1
			},
			"minecraft:equippable": {
				"slots": [
					{
						"slot": 0,
						"item": "simple_vehicles:key_jeepmode",
						"accepted_items": [
							"simple_vehicles:key_jeepmode"
						],
						"on_equip": {
							"event": "minecraft:horse_saddled"
						},
						"on_unequip": {
							"event": "minecraft:horse_unsaddled"
						}
					}
				]
			},
			"minecraft:type_family": {
				"family": [
					"jeep_modernization",
					"simple_vehicles"
				]
			},
			"minecraft:breathable": {
				"totalSupply": 15,
				"suffocateTime": 0
			},
			"minecraft:interact": {
				"interactions": [
					{
						"interact_text": "Fuel It Up!!",
						"on_interact": {
							"event": "simple_vehicles:refuel",
							"filters": {
								"all_of": [
									{
										"test": "is_family",
										"subject": "other",
										"value": "player"
									},
									{
										"test": "has_equipment",
										"subject": "other",
										"value": "simple_vehicles:jerry_can"
									}
								]
							}
						},
						"use_item": true
					}
				]
			},
			"minecraft:collision_box": {
				"width": 3,
				"height": 3
			},
			"minecraft:health": {
				"value": {
					"range_min": 15,
					"range_max": 15
				}
			},
			"minecraft:inventory": {
				"inventory_size": 15,
				"container_type": "horse",
				"private": false
			},
			"minecraft:movement": {
				"value": {
					"range_min": 0.1125,
					"range_max": 0.3375
				}
			},
			"minecraft:loot": {
				"table": "loot_tables/entities/jeep_ph_modern.json"
			},
			"minecraft:navigation.walk": {
				"can_path_over_water": true,
				"avoid_water": false,
				"avoid_damage_blocks": true,
				"is_amphibious": true
			},
			"minecraft:movement.basic": {},
			"minecraft:jump.static": {},
			"minecraft:nameable": {},
			"minecraft:horse.jump_strength": {
				"value": {
					"range_min": 0.4,
					"range_max": 0.6
				}
			},
			"minecraft:balloonable": {},
			"minecraft:behavior.float": {
				"priority": 0
			},
			"minecraft:is_chested": {},
			"minecraft:physics": {},
			"minecraft:damage_sensor": {
				"triggers": [
					{
						"cause": "fall"
					}
				]
			},
			"minecraft:underwater_movement": {
				"value": 0.1
			},
			"minecraft:healable": {
				"items": [
					{
						"item": "simple_vehicles:wrench",
						"heal_amount": 100,
						"effects": [
							{
								"name": "absorption",
								"chance": 0.8,
								"duration": 5,
								"amplifier": 5
							}
						]
					}
				],
				"force_use": true
			}
		},
		"events": {
			"minecraft:entity_spawned": {
				"add": {
					"component_groups": [
						"minecraft:vehicle"
					]
				},
				"run_command": {
					"command": [
						"tag @s add has_fuel",
						"scoreboard players set @s gasleft 1600"
					]
				}
			},
			"simple_vehicles:remove_vehicle": {
				"run_command": {
					"command": [
						"tag @s add remove",
						"fill ~-3~-2~-3 ~3~4~3 air 0 replace light_block 13",
						"kill @s"
					]
				}
			},
			"minecraft:horse_saddled": {
				"add": {
					"component_groups": [
						"minecraft:horse_saddled"
					]
				},
				"run_command": {
					"command": [
						"execute @s[tag=!car_moving] ~ ~ ~ playsound random.chestclosed @a ~~~ 0.3 0.3",
						"playanimation @s animation.car.enginestart k 3",
						"titleraw @a[r=2] actionbar {\"rawtext\":[{\"text\":\"§l§9Fuel Remaining: \"},{\"score\":{\"name\":\"@s\",\"objective\":\"gasleft\"}},{\"text\":\" §eSpeedometer: \"},{\"score\":{\"name\":\"@s\",\"objective\":\"carspeed\"}}]}",
						"scoreboard players remove @s gasleft 1",
						"fill ~-3~-2~-3 ~3~4~3 air 0 replace light_block 13",
						"setblock ~~1~ light_block 13 keep",
						"fill ~-3~-2~-3 ~3~-1~3 air 0 replace light_block 13",
						"fill ~-3~3~-3 ~3~4~3 air 0 replace light_block 13",
						"fill ~-3~-2~2 ~3~4~3 air 0 replace light_block 13",
						"fill ~-3~-2~-2 ~3~4~-3 air 0 replace light_block 13",
						"fill ~2~-2~-3 ~3~4~3 air 0 replace light_block 13"
					]
				}
			},
			"minecraft:horse_unsaddled": {
				"run_command": {
					"command": [
						"fill ~-3~-2~-3 ~3~4~3 air 0 replace light_block 13"
					]
				},
				"remove": {
					"component_groups": [
						"minecraft:horse_saddled"
					]
				}
			},
			"sfp:light_off": {
				"run_command": {
					"command": [
						"fill ~-3~-2~-3 ~3~4~3 air 0 replace light_block 13"
					]
				}
			},
			"sfp:light_on": {
				"run_command": {
					"command": [
						"fill ~-3~-2~-3 ~3~4~3 air 0 replace light_block 13",
						"setblock ~~1~ light_block 13 keep",
						"fill ~-3~-2~-3 ~3~-1~3 air 0 replace light_block 13",
						"fill ~-3~3~-3 ~3~4~3 air 0 replace light_block 13",
						"fill ~-3~-2~2 ~3~4~3 air 0 replace light_block 13",
						"fill ~-3~-2~-2 ~3~4~-3 air 0 replace light_block 13",
						"fill ~2~-2~-3 ~3~4~3 air 0 replace light_block 13"
					]
				}
			},
			"simple_vehicles:refuel": {
				"run_command": {
					"command": [
						"tag @s add has_fuel",
						"execute @s[scores={gasleft=..1599}] ~~~ clear @a[r=7,c=1] simple_vehicles:jerry_can 0 1",
						"execute @s[scores={gasleft=..1599}] ~~~ playsound cauldron.adddye @a ~~~ 5 2",
						"execute @s[scores={gasleft=1600..}] ~~~ title @a[r=7] actionbar §cVEHICLE FUEL IS FULL!!",
						"execute @s[scores={gasleft=..1599}] ~~~ scoreboard players add @s gasleft 800"
					]
				}
			}
		}
	}
}