{
    "format_version": "1.13.0",
    "minecraft:feature_rules": {
        "description": {
            "identifier": "minecraft:termite_mound_3_generate",
            "places_feature": "minecraft:termite_mound_3_feature"
        },
        "conditions": {
            "placement_pass": "surface_pass",
            "minecraft:biome_filter": [
                {
                    "all_of": [
                        {
                            "any_of": [
                                {
                                    "test": "has_biome_tag",
                                    "operator": "==",
                                    "value": "savanna"
                                }
                            ]
                        }
                    ]
                }
            ]
        },
        "distribution": {
            "iterations": 1,
            "scatter_chance": 2.6,
            "x": {
                "distribution": "uniform",
                "extent": [
                    0,
                    16
                ]
            },
            "y": {
                "distribution": "uniform",
                "extent": [
                    "query.heightmap(variable.worldx, variable.worldz) + 0",
                    "query.heightmap(variable.worldx, variable.worldz) + 1 + 0"
                ]
            },
            "z": {
                "distribution": "uniform",
                "extent": [
                    0,
                    16
                ]
            }
        }
    }
}