{
	"format_version": "1.10.0",
	"minecraft:client_entity": {
		"description": {
			"identifier": "hp:bandros.toys",
			"materials": {
				"default": "phantom"
				 },
				"textures": {
					"red": "textures/entities/vehicles/bandros/red",
				"gray": "textures/entities/vehicles/bandros/gray",
				"orange": "textures/entities/vehicles/bandros/orange",
				"black": "textures/entities/vehicles/bandros/black",
				"pink": "textures/entities/vehicles/bandros/pink",
				"blue": "textures/entities/vehicles/bandros/blue",
				"hyperest": "textures/entities/vehicles/bandros/hyperest"
			},
			"geometry": {
				"default": "geometry.hp.bandros"
			},
			"animations": {
				"walk": "animation.bandros.drive",
				"wiper": "animation.bandros.wipers",
				"body_turn": "animation.bandros.steering_turn"

			},
			"scripts": {
				"animate": [{
						"walk": "query.modified_move_speed"
					},
					{
						"wiper": "query.is_in_water_or_rain"
					},
					"body_turn"
				]
			},
			"render_controllers": ["controller.render.hp_bandros"],
			"spawn_egg": {
				"texture": "hp_bandros_egg",
				"texture_index": 0
			}
		}
	}
}