{
	"format_version": "1.10.0",
	"minecraft:client_entity": {
		"description": {
			"identifier": "hp:kopaja.toys",
			"materials": {
				"default": "phantom"
				 },
				"textures": {
				"red": "textures/entities/vehicles/kopaja/red",
				"gray": "textures/entities/vehicles/kopaja/gray",
				"orange": "textures/entities/vehicles/kopaja/orange",
				"black": "textures/entities/vehicles/kopaja/black",
				"pink": "textures/entities/vehicles/kopaja/pink",
				"blue": "textures/entities/vehicles/kopaja/blue",
				"hyperest": "textures/entities/vehicles/kopaja/hyperest"
			},
			"geometry": {
				"default": "geometry.hp.kopaja"
			},
			"animations": {
				"walk": "animation.kopaja.drive",
				"wiper": "animation.kopaja.wipers",
				"body_turn": "animation.kopaja.steering_turn"

			},
			"scripts": {
				"animate": [{
						"walk": "query.modified_move_speed"
					},
					{
						"wiper": "query.is_in_water_or_rain"
					},
					"body_turn"
				]
			},
			"render_controllers": ["controller.render.hp_kopaja"],
			"spawn_egg": {
				"texture": "hp_kopaja_egg",
				"texture_index": 0
			}
		}
	}
}