{"format_version":"1.16.0","minecraft:block":{"description":{"identifier":"loled:setup_camera_cinema","properties":{"loled:face":[2,3,4,5,6],"loled:on":[false,true]}},"components":{"minecraft:material_instances":{"*":{"texture":"camera","render_method":"alpha_test"}},"minecraft:pick_collision":{"origin":[-8,0,-8],"size":[16,16,16]},"minecraft:creative_category":{"group":"itemGroup.name.setup","category":"construction"},"minecraft:loot":"loot_tables/setup/setup_camera_cinema.json","minecraft:geometry":"geometry.camera","minecraft:destroy_time":2,"minecraft:block_light_absorption":2,"minecraft:entity_collision":{"origin":[-8,0,-8],"size":[16,16,16]},"minecraft:friction":0.6,"minecraft:map_color":"#00ff00","minecraft:flammable":{"flame_odds":0,"burn_odds":0},"minecraft:on_interact":{"event":"loled:toggle","condition":"query.get_equipped_item_name=='none'"},"minecraft:on_player_placing":{"event":"loled:face"},"minecraft:block_light_emission":0},"permutations":[{"condition":"query.block_property('loled:face') == 3","components":{"minecraft:rotation":[0,180,0]}},{"condition":"query.block_property('loled:face') == 4","components":{"minecraft:rotation":[0,90,0]}},{"condition":"query.block_property('loled:face') == 5","components":{"minecraft:rotation":[0,270,0]}},{"condition":"!query.block_property('loled:on')","components":{"minecraft:material_instances":{"*":{"texture":"camera","render_method":"alpha_test"}},"minecraft:block_light_absorption":2,"minecraft:block_light_emission":0}}],"events":{"loled:face":{"set_block_property":{"loled:face":"(query.cardinal_player_facing)"},"set_block_at_pos":{"block_type":{"name":"loled:colision"},"block_offset":[0,1,0]}},"loled:toggle":{"set_block_property":{"loled:on":"query.block_property('loled:on') ? false : true"}}}}}