{
	"format_version": "1.10.0",
	"geometry.cod_new": {
		"texturewidth": 32,
		"textureheight": 32,
		"visible_bounds_width": 3,
		"visible_bounds_height": 1.5,
		"visible_bounds_offset": [0, 0.25, 0],
		"bones": [
			{
				"name": "body",
				"pivot": [0, 0, 0],
				"cubes": [
					{"origin": [-1, 0, 1], "size": [2, 4, 7], "uv": [0, 0]},
					{"origin": [0, 4, 0], "size": [0, 1, 6], "uv": [20, -6]},
					{"origin": [0, -1, 3], "size": [0, 1, 2], "uv": [22, -1]}
				]
			},
			{
				"name": "heada",
				"parent": "body",
				"pivot": [0, 2, 0],
				"cubes": [
					{"origin": [-0.9992, 1.0008, -3], "size": [2, 3, 1], "uv": [0, 0]},
					{"origin": [-1, 0, -2], "size": [2, 4, 3], "uv": [11, 0]}
				]
			},
			{
				"name": "leftFin",
				"parent": "body",
				"pivot": [1, 1, 0],
				"rotation": [0, 0, 35],
				"cubes": [
					{"origin": [1, 0, 0], "size": [2, 1, 2], "uv": [24, 4]}
				]
			},
			{
				"name": "rightFin",
				"parent": "body",
				"pivot": [-1, 1, 0],
				"rotation": [0, 0, -35],
				"cubes": [
					{"origin": [-3, 0, 0], "size": [2, 1, 2], "uv": [24, 1]}
				]
			},
			{
				"name": "tailfin",
				"parent": "body",
				"pivot": [0, 0, 8],
				"cubes": [
					{"origin": [0, 0, 8], "size": [0, 4, 6], "uv": [20, 1]}
				]
			},
			{
				"name": "waist",
				"parent": "body",
				"pivot": [0, 0, 0]
			}
		]
	}
}