{"format_version":"1.16.0","minecraft:block":{"description":{"identifier":"loled:light_on","properties":{"lamp:on":[false,true]}},"components":{"minecraft:loot":"loot_tables/decorations/light_on.json","minecraft:destroy_time":3,"minecraft:friction":0.6,"minecraft:on_interact":{"event":"lamp:off","target":"self"},"minecraft:map_color":"#00ff00","minecraft:flammable":{"flame_odds":0,"burn_odds":0},"minecraft:pick_collision":{"origin":[-5,13,-6],"size":[10,3,11]},"minecraft:entity_collision":{"origin":[-5,13,-6],"size":[10,3,11]},"minecraft:block_light_emission":1,"minecraft:geometry":"geometry.lampadateto","minecraft:material_instances":{"*":{"texture":"lampadateto","render_method":"alpha_test"}}},"events":{"lamp:off":{"set_block_at_pos":{"block_offset":[0,0,0],"block_type":"loled:light_off"}}}}}