{
	"file_path": "C:\\Users\\windows10\\AppData\\Local\\Packages\\Microsoft.MinecraftUWP_8wekyb3d8bbwe\\LocalState\\games\\com.mojang\\development_behavior_packs\\OmegaFLoweyV2 updated\\loot_tables\\entities\\omegaflowey.json",
	"file_type": "loot_table",
	"format_version": 0,
	"cache_content": {
		"pools": [
			{
				"rolls": 1,
				"entries": [
					{
						"type": "item",
						"name": "minecraft:rotten_flesh",
						"weight": 1,
						"functions": [
							{
								"function": "set_count",
								"count": {
									"min": 0,
									"max": 1
								}
							},
							{
								"function": "looting_enchant",
								"count": {
									"min": 0,
									"max": 1
								}
							}
						]
					}
				]
			},
			{
				"rolls": 1,
				"entries": [
					{
						"type": "item",
						"name": "minecraft:gold_nugget",
						"weight": 1,
						"functions": [
							{
								"function": "set_count",
								"count": {
									"min": 0,
									"max": 1
								}
							},
							{
								"function": "looting_enchant",
								"count": {
									"min": 0,
									"max": 1
								}
							}
						]
					}
				]
			},
			{
				"conditions": [
					{
						"condition": "killed_by_player"
					},
					{
						"condition": "random_chance_with_looting",
						"chance": 0.025,
						"looting_multiplier": 0.01
					}
				],
				"rolls": 1,
				"entries": [
					{
						"type": "item",
						"name": "minecraft:gold_ingot",
						"weight": 1
					}
				]
			}
		]
	},
	"file_uuid": "37657bf4_c624_4832_a988_db6e57c2aae4"
}