{"format_version":"1.16.100","minecraft:block":{"description":{"identifier":"loled:d_curtain_lg","properties":{"loled:face":[0,1,2,3],"loled:active":[false,true]}},"components":{"minecraft:material_instances":{"*":{"texture":"lg_curtain","render_method":"opaque"}},"minecraft:pick_collision":{"origin":[-8,0,5],"size":[16,16,3]},"minecraft:creative_category":{"group":"itemGroup.name.living_room_curtain","category":"construction"},"minecraft:loot":"loot_tables/decorations/d_curtain_lg.json","minecraft:geometry":"geometry.curtain_open","minecraft:destroy_time":2,"minecraft:block_light_absorption":0,"minecraft:unwalkable":true,"minecraft:entity_collision":{"origin":[-8,0,5],"size":[16,16,3]},"minecraft:friction":0.6,"minecraft:map_color":"#00ff00","minecraft:flammable":{"flame_odds":0,"burn_odds":0},"minecraft:on_interact":{"event":"loled:toggle"},"minecraft:on_player_placing":{"event":"loled:face"}},"permutations":[{"condition":"query.block_property('loled:face') == 0","components":{"minecraft:rotation":[0,180,0]}},{"condition":"query.block_property('loled:face') == 1","components":{"minecraft:rotation":[0,0,0]}},{"condition":"query.block_property('loled:face') == 2","components":{"minecraft:rotation":[0,270,0]}},{"condition":"query.block_property('loled:face') == 3","components":{"minecraft:rotation":[0,90,0]}},{"condition":"!query.block_property('loled:active')","components":{"minecraft:geometry":"geometry.curtain","minecraft:on_interact":{"event":"loled:toggle"},"minecraft:block_light_absorption":15}}],"events":{"loled:face":{"set_block_property":{"loled:face":"query.cardinal_facing_2d-2"}},"loled:toggle":{"set_block_property":{"loled:active":"query.block_property('loled:active') ? false : true"}}}}}