{
	"format_version": "1.10.0",
	"particle_effect": {
		"description": {
			"identifier": "gaster:parts",
			"basic_render_parameters": {
				"material": "particles_alpha",
				"texture": "textures/particle/curropt"
			}
		},
		"components": {
			"minecraft:emitter_rate_steady": {
				"spawn_rate": 100000000,
				"max_particles": 1000
			},
			"minecraft:emitter_lifetime_looping": {
				"active_time": 1
			},
			"minecraft:emitter_shape_sphere": {
				"offset": [0, 1, 0],
				"radius": 200,
				"direction": "outwards"
			},
			"minecraft:particle_lifetime_expression": {
				"max_lifetime": "Math.random(1, 1.4)"
			},
			"minecraft:particle_initial_speed": 1,
			"minecraft:particle_motion_dynamic": {
				"linear_acceleration": ["(variable.particle_random_1-0.5)", 1.2, "(variable.particle_random_1-0.5)"],
				"linear_drag_coefficient": 70
			},
			"minecraft:particle_appearance_billboard": {
				"size": [0.2, 0.2],
				"facing_camera_mode": "lookat_xyz",
				"uv": {
					"texture_width": 16,
					"texture_height": 512,
					"flipbook": {
						"base_UV": [0, 0],
						"size_UV": [16, 16],
						"step_UV": [0, 16],
						"max_frame": 32,
						"stretch_to_lifetime": true
					}
				}
			},
			"minecraft:particle_appearance_tinting": {
				"color": [0.04706, 0.04706, 0.04706, 1]
			}
		}
	}
}