{
	"pools": [
		{
			"rolls": {
				"min": 4,
				"max": 12
			},
			"entries": [
				{
					"type": "item",
					"name": "minecraft:record_mall",
					"weight": 5
				},
				{
					"type": "item",
					"name": "minecraft:record_stal",
					"weight": 5
				},
				{
					"type": "item",
					"name": "minecraft:name_tag",
					"weight": 5
				},
				{
					"type": "item",
					"name": "minecraft:book",
					"weight": 10,
					"functions": [
						{
							"function": "enchant_with_levels",
							"treasure": true,
							"levels": {
								"min": 20,
								"max": 39
							}
						}
					]
				},
				{
					"type": "item",
					"name": "minecraft:apple",
					"weight": 10,
					"functions": [
						{
							"function": "minecraft:set_count",
							"count": {
								"min": 1,
								"max": 3
							}
						}
					]
				},
				{
					"type": "item",
					"name": "minecraft:coal",
					"weight": 10,
					"functions": [
						{
							"function": "minecraft:set_count",
							"count": {
								"min": 1,
								"max": 4
							}
						}
					]
				},
				{
					"type": "item",
					"name": "minecraft:gold_ingot",
					"weight": 10,
					"functions": [
						{
							"function": "minecraft:set_count",
							"count": {
								"min": 1,
								"max": 3
							}
						}
					]
				},
				{
					"type": "item",
					"name": "minecraft:appleEnchanted",
					"weight": 5
				},
				{
					"type": "item",
					"name": "minecraft:rotten_flesh",
					"weight": 10
				},
				{
					"type": "item",
					"name": "minecraft:emerald",
					"weight": 5
				},
				{
					"type": "item",
					"name": "minecraft:wheat",
					"weight": 10,
					"functions": [
						{
							"function": "minecraft:set_count",
							"count": {
								"min": 2,
								"max": 3
							}
						}
					]
				}
			]
		},
		{
			"rolls": 1,
			"entries": [
				{
					"type": "item",
					"name": "minecraft:golden_apple",
					"weight": 1
				}
			]
		}
	]
}