{
	"pools": [
		{
			"rolls": {
				"min": 4,
				"max": 12
			},
			"entries": [
				{
					"type": "item",
					"name": "minecraft:record_blocks",
					"weight": 5
				},
				{
					"type": "item",
					"name": "minecraft:record_wait",
					"weight": 5
				},
				{
					"type": "item",
					"name": "minecraft:name_tag",
					"weight": 8
				},
				{
					"type": "item",
					"name": "minecraft:coal",
					"weight": 10,
					"functions": [
						{
							"function": "minecraft:set_count",
							"count": {
								"min": 1,
								"max": 4
							}
						}
					]
				},
				{
					"type": "item",
					"name": "minecraft:gold_nugget",
					"weight": 10,
					"functions": [
						{
							"function": "minecraft:set_count",
							"count": {
								"min": 1,
								"max": 3
							}
						}
					]
				},
				{
					"type": "item",
					"name": "minecraft:emerald",
					"weight": 1
				},
				{
					"type": "item",
					"name": "minecraft:wheat",
					"weight": 10,
					"functions": [
						{
							"function": "minecraft:set_count",
							"count": {
								"min": 2,
								"max": 3
							}
						}
					]
				}
			]
		},
		{
			"rolls": 2,
			"entries": [
				{
					"type": "item",
					"name": "minecraft:golden_apple",
					"weight": 5
				},
				{
					"type": "item",
					"name": "minecraft:book",
					"weight": 10,
					"functions": [
						{
							"function": "enchant_with_levels",
							"treasure": true,
							"levels": {
								"min": 20,
								"max": 39
							}
						}
					]
				},
				{
					"type": "item",
					"name": "minecraft:leather_chestplate",
					"weight": 1,
					"functions": [
						{
							"function": "enchant_randomly"
						}
					]
				},
				{
					"type": "item",
					"name": "minecraft:golden_helmet",
					"weight": 1,
					"functions": [
						{
							"function": "enchant_randomly"
						}
					]
				},
				{
					"type": "item",
					"name": "minecraft:fishing_rod",
					"weight": 5,
					"functions": [
						{
							"function": "enchant_randomly"
						}
					]
				},
				{
					"type": "item",
					"name": "minecraft:map",
					"weight": 10,
					"functions": [
						{
							"function": "exploration_map",
							"destination": "buriedtreasure"
						}
					]
				}
			]
		}
	]
}