

{
    "format_version": "1.12",
    "minecraft:recipe_shaped": {
        "description": {
            "identifier": "crafting:tool_randomizer"
        },
        "tags": [
            "crafting_table"
        ],
        "pattern": [
            "g",
            "R",
            "/"
        ],
        "key": {
            "g": {
                "item": "minecraft:gold_ingot"
            },
            "R": {
                "item": "minecraft:red_dye"
            },
            "/": {
                "item": "minecraft:stick"
            }
        },
        "result": {
            "item": "tool:randomizer",
            "count": 1
        }
    }
}


