{
	"file_path": "C:\\Users\\windows10\\AppData\\Local\\Packages\\Microsoft.MinecraftUWP_8wekyb3d8bbwe\\LocalState\\games\\com.mojang\\development_resource_packs\\OmegaFLowey UPDATE\\entity\\shuriken.json",
	"file_type": "client_entity",
	"format_version": 1,
	"file_uuid": "64d83e97_384c_4233_9c77_86bce6b0d698",
	"file_version": 5,
	"cache_content": {
		"children": [
			{
				"data": "1.10.0",
				"key": "format_version"
			},
			{
				"open": {
					"format_version": "1.10.0",
					"minecraft:client_entity": {
						"description": {
							"identifier": "wg:shuriken",
							"materials": {
								"default": "charged_creeper"
							},
							"textures": {
								"default": "textures/entity/wgshuriken"
							},
							"geometry": {
								"default": "geometry.wgshuriken"
							},
							"scripts": {
								"animate": [
									"all"
								]
							},
							"animations": {
								"all": "animation.wgshuriken.idle"
							},
							"spawn_egg": {
								"texture": "spawn_egg",
								"texture_index": 99
							},
							"render_controllers": [
								"controller.render.slime"
							]
						}
					}
				},
				"key": "minecraft:client_entity",
				"children": [
					{
						"open": {
							"description": {
								"identifier": "wg:shuriken",
								"materials": {
									"default": "charged_creeper"
								},
								"textures": {
									"default": "textures/entity/wgshuriken"
								},
								"geometry": {
									"default": "geometry.wgshuriken"
								},
								"scripts": {
									"animate": [
										"all"
									]
								},
								"animations": {
									"all": "animation.wgshuriken.idle"
								},
								"spawn_egg": {
									"texture": "spawn_egg",
									"texture_index": 99
								},
								"render_controllers": [
									"controller.render.slime"
								]
							}
						},
						"key": "description",
						"children": [
							{
								"open": {
									"identifier": "wg:shuriken",
									"materials": {
										"default": "charged_creeper"
									},
									"textures": {
										"default": "textures/entity/wgshuriken"
									},
									"geometry": {
										"default": "geometry.wgshuriken"
									},
									"scripts": {
										"animate": [
											"all"
										]
									},
									"animations": {
										"all": "animation.wgshuriken.idle"
									},
									"spawn_egg": {
										"texture": "spawn_egg",
										"texture_index": 99
									},
									"render_controllers": [
										"controller.render.slime"
									]
								},
								"data": "wg:shuriken",
								"key": "identifier"
							},
							{
								"open": {
									"identifier": "wg:shuriken",
									"materials": {
										"default": "charged_creeper"
									},
									"textures": {
										"default": "textures/entity/wgshuriken"
									},
									"geometry": {
										"default": "geometry.wgshuriken"
									},
									"scripts": {
										"animate": [
											"all"
										]
									},
									"animations": {
										"all": "animation.wgshuriken.idle"
									},
									"spawn_egg": {
										"texture": "spawn_egg",
										"texture_index": 99
									},
									"render_controllers": [
										"controller.render.slime"
									]
								},
								"key": "materials",
								"is_minified": true,
								"children": {
									"default": "charged_creeper"
								}
							},
							{
								"open": {
									"identifier": "wg:shuriken",
									"materials": {
										"default": "charged_creeper"
									},
									"textures": {
										"default": "textures/entity/wgshuriken"
									},
									"geometry": {
										"default": "geometry.wgshuriken"
									},
									"scripts": {
										"animate": [
											"all"
										]
									},
									"animations": {
										"all": "animation.wgshuriken.idle"
									},
									"spawn_egg": {
										"texture": "spawn_egg",
										"texture_index": 99
									},
									"render_controllers": [
										"controller.render.slime"
									]
								},
								"key": "textures",
								"is_minified": true,
								"children": {
									"default": "textures/entity/wgshuriken"
								}
							},
							{
								"open": {
									"identifier": "wg:shuriken",
									"materials": {
										"default": "charged_creeper"
									},
									"textures": {
										"default": "textures/entity/wgshuriken"
									},
									"geometry": {
										"default": "geometry.wgshuriken"
									},
									"scripts": {
										"animate": [
											"all"
										]
									},
									"animations": {
										"all": "animation.wgshuriken.idle"
									},
									"spawn_egg": {
										"texture": "spawn_egg",
										"texture_index": 99
									},
									"render_controllers": [
										"controller.render.slime"
									]
								},
								"key": "geometry",
								"is_minified": true,
								"children": {
									"default": "geometry.wgshuriken"
								}
							},
							{
								"open": {
									"identifier": "wg:shuriken",
									"materials": {
										"default": "charged_creeper"
									},
									"textures": {
										"default": "textures/entity/wgshuriken"
									},
									"geometry": {
										"default": "geometry.wgshuriken"
									},
									"scripts": {
										"animate": [
											"all"
										]
									},
									"animations": {
										"all": "animation.wgshuriken.idle"
									},
									"spawn_egg": {
										"texture": "spawn_egg",
										"texture_index": 99
									},
									"render_controllers": [
										"controller.render.slime"
									]
								},
								"key": "scripts",
								"children": [
									{
										"open": {
											"animate": [
												"all"
											]
										},
										"key": "animate",
										"is_minified": true,
										"children": [
											"all"
										]
									}
								]
							},
							{
								"open": {
									"identifier": "wg:shuriken",
									"materials": {
										"default": "charged_creeper"
									},
									"textures": {
										"default": "textures/entity/wgshuriken"
									},
									"geometry": {
										"default": "geometry.wgshuriken"
									},
									"scripts": {
										"animate": [
											"all"
										]
									},
									"animations": {
										"all": "animation.wgshuriken.idle"
									},
									"spawn_egg": {
										"texture": "spawn_egg",
										"texture_index": 99
									},
									"render_controllers": [
										"controller.render.slime"
									]
								},
								"key": "animations",
								"is_minified": true,
								"children": {
									"all": "animation.wgshuriken.idle"
								}
							},
							{
								"open": {
									"identifier": "wg:shuriken",
									"materials": {
										"default": "charged_creeper"
									},
									"textures": {
										"default": "textures/entity/wgshuriken"
									},
									"geometry": {
										"default": "geometry.wgshuriken"
									},
									"scripts": {
										"animate": [
											"all"
										]
									},
									"animations": {
										"all": "animation.wgshuriken.idle"
									},
									"spawn_egg": {
										"texture": "spawn_egg",
										"texture_index": 99
									},
									"render_controllers": [
										"controller.render.slime"
									]
								},
								"key": "spawn_egg",
								"is_minified": true,
								"children": {
									"texture": "spawn_egg",
									"texture_index": 99
								}
							},
							{
								"open": {
									"identifier": "wg:shuriken",
									"materials": {
										"default": "charged_creeper"
									},
									"textures": {
										"default": "textures/entity/wgshuriken"
									},
									"geometry": {
										"default": "geometry.wgshuriken"
									},
									"scripts": {
										"animate": [
											"all"
										]
									},
									"animations": {
										"all": "animation.wgshuriken.idle"
									},
									"spawn_egg": {
										"texture": "spawn_egg",
										"texture_index": 99
									},
									"render_controllers": [
										"controller.render.slime"
									]
								},
								"key": "render_controllers",
								"is_minified": true,
								"children": [
									"controller.render.slime"
								]
							}
						]
					}
				]
			}
		]
	}
}