{
	"file_path": "C:\\Users\\windows10\\AppData\\Local\\Packages\\Microsoft.MinecraftUWP_8wekyb3d8bbwe\\LocalState\\games\\com.mojang\\development_resource_packs\\OmegaFLowey UPDATE\\entity\\vines.json",
	"file_type": "client_entity",
	"format_version": 1,
	"file_uuid": "906f884b_9076_4989_80f7_4d01038b6ddf",
	"file_version": 4,
	"cache_content": {
		"children": [
			{
				"data": "1.10.0",
				"key": "format_version"
			},
			{
				"open": {
					"format_version": "1.10.0",
					"minecraft:client_entity": {
						"description": {
							"identifier": "wg:vines",
							"materials": {
								"default": "slime"
							},
							"textures": {
								"default": "textures/entity/wg"
							},
							"geometry": {
								"default": "geometry.wgvines"
							},
							"scripts": {
								"animate": [
									"look_at_target"
								]
							},
							"animations": {
								"look_at_target": "animation.humanoid.look_at_target.default.v1.0",
								"omega": "controller.animation.omega.summon"
							},
							"spawn_egg": {
								"texture": "spawn_egg",
								"texture_index": 99
							},
							"render_controllers": [
								"controller.render.slime"
							]
						}
					}
				},
				"key": "minecraft:client_entity",
				"children": [
					{
						"open": {
							"description": {
								"identifier": "wg:vines",
								"materials": {
									"default": "slime"
								},
								"textures": {
									"default": "textures/entity/wg"
								},
								"geometry": {
									"default": "geometry.wgvines"
								},
								"scripts": {
									"animate": [
										"look_at_target"
									]
								},
								"animations": {
									"look_at_target": "animation.humanoid.look_at_target.default.v1.0",
									"omega": "controller.animation.omega.summon"
								},
								"spawn_egg": {
									"texture": "spawn_egg",
									"texture_index": 99
								},
								"render_controllers": [
									"controller.render.slime"
								]
							}
						},
						"key": "description",
						"children": [
							{
								"open": {
									"identifier": "wg:vines",
									"materials": {
										"default": "slime"
									},
									"textures": {
										"default": "textures/entity/wg"
									},
									"geometry": {
										"default": "geometry.wgvines"
									},
									"scripts": {
										"animate": [
											"look_at_target"
										]
									},
									"animations": {
										"look_at_target": "animation.humanoid.look_at_target.default.v1.0",
										"omega": "controller.animation.omega.summon"
									},
									"spawn_egg": {
										"texture": "spawn_egg",
										"texture_index": 99
									},
									"render_controllers": [
										"controller.render.slime"
									]
								},
								"data": "wg:vines",
								"key": "identifier"
							},
							{
								"open": {
									"identifier": "wg:vines",
									"materials": {
										"default": "slime"
									},
									"textures": {
										"default": "textures/entity/wg"
									},
									"geometry": {
										"default": "geometry.wgvines"
									},
									"scripts": {
										"animate": [
											"look_at_target"
										]
									},
									"animations": {
										"look_at_target": "animation.humanoid.look_at_target.default.v1.0",
										"omega": "controller.animation.omega.summon"
									},
									"spawn_egg": {
										"texture": "spawn_egg",
										"texture_index": 99
									},
									"render_controllers": [
										"controller.render.slime"
									]
								},
								"key": "materials",
								"is_minified": true,
								"children": {
									"default": "slime"
								}
							},
							{
								"open": {
									"identifier": "wg:vines",
									"materials": {
										"default": "slime"
									},
									"textures": {
										"default": "textures/entity/wg"
									},
									"geometry": {
										"default": "geometry.wgvines"
									},
									"scripts": {
										"animate": [
											"look_at_target"
										]
									},
									"animations": {
										"look_at_target": "animation.humanoid.look_at_target.default.v1.0",
										"omega": "controller.animation.omega.summon"
									},
									"spawn_egg": {
										"texture": "spawn_egg",
										"texture_index": 99
									},
									"render_controllers": [
										"controller.render.slime"
									]
								},
								"key": "textures",
								"is_minified": true,
								"children": {
									"default": "textures/entity/wg"
								}
							},
							{
								"open": {
									"identifier": "wg:vines",
									"materials": {
										"default": "slime"
									},
									"textures": {
										"default": "textures/entity/wg"
									},
									"geometry": {
										"default": "geometry.wgvines"
									},
									"scripts": {
										"animate": [
											"look_at_target"
										]
									},
									"animations": {
										"look_at_target": "animation.humanoid.look_at_target.default.v1.0",
										"omega": "controller.animation.omega.summon"
									},
									"spawn_egg": {
										"texture": "spawn_egg",
										"texture_index": 99
									},
									"render_controllers": [
										"controller.render.slime"
									]
								},
								"key": "geometry",
								"is_minified": true,
								"children": {
									"default": "geometry.wgvines"
								}
							},
							{
								"open": {
									"identifier": "wg:vines",
									"materials": {
										"default": "slime"
									},
									"textures": {
										"default": "textures/entity/wg"
									},
									"geometry": {
										"default": "geometry.wgvines"
									},
									"scripts": {
										"animate": [
											"look_at_target"
										]
									},
									"animations": {
										"look_at_target": "animation.humanoid.look_at_target.default.v1.0",
										"omega": "controller.animation.omega.summon"
									},
									"spawn_egg": {
										"texture": "spawn_egg",
										"texture_index": 99
									},
									"render_controllers": [
										"controller.render.slime"
									]
								},
								"key": "scripts",
								"children": [
									{
										"open": {
											"animate": [
												"look_at_target"
											]
										},
										"key": "animate",
										"is_minified": true,
										"children": [
											"look_at_target"
										]
									}
								]
							},
							{
								"open": {
									"identifier": "wg:vines",
									"materials": {
										"default": "slime"
									},
									"textures": {
										"default": "textures/entity/wg"
									},
									"geometry": {
										"default": "geometry.wgvines"
									},
									"scripts": {
										"animate": [
											"look_at_target"
										]
									},
									"animations": {
										"look_at_target": "animation.humanoid.look_at_target.default.v1.0",
										"omega": "controller.animation.omega.summon"
									},
									"spawn_egg": {
										"texture": "spawn_egg",
										"texture_index": 99
									},
									"render_controllers": [
										"controller.render.slime"
									]
								},
								"key": "animations",
								"is_minified": true,
								"children": {
									"look_at_target": "animation.humanoid.look_at_target.default.v1.0",
									"omega": "controller.animation.omega.summon"
								}
							},
							{
								"key": "spawn_egg",
								"is_minified": true,
								"children": {
									"texture": "spawn_egg",
									"texture_index": 99
								}
							},
							{
								"open": {
									"identifier": "wg:vines",
									"materials": {
										"default": "slime"
									},
									"textures": {
										"default": "textures/entity/wg"
									},
									"geometry": {
										"default": "geometry.wgvines"
									},
									"scripts": {
										"animate": [
											"look_at_target"
										]
									},
									"animations": {
										"look_at_target": "animation.humanoid.look_at_target.default.v1.0",
										"omega": "controller.animation.omega.summon"
									},
									"spawn_egg": {
										"texture": "spawn_egg",
										"texture_index": 99
									},
									"render_controllers": [
										"controller.render.slime"
									]
								},
								"key": "render_controllers",
								"is_minified": true,
								"children": [
									"controller.render.slime"
								]
							}
						]
					}
				]
			}
		]
	}
}