{
	"file_path": "C:\\Users\\windows10\\AppData\\Local\\Packages\\Microsoft.MinecraftUWP_8wekyb3d8bbwe\\LocalState\\games\\com.mojang\\development_behavior_packs\\OmegaFLoweyV2 updated\\entities\\bomb.json",
	"file_type": "entity",
	"format_version": 1,
	"file_uuid": "62008d82_d3da_472b_aeea_6808434f971f",
	"file_version": 1,
	"cache_content": {
		"children": [
			{
				"data": "1.12.0",
				"key": "format_version"
			},
			{
				"open": {
					"format_version": "1.12.0",
					"minecraft:entity": {
						"description": {
							"identifier": "wg:bomb",
							"is_spawnable": false,
							"is_summonable": true,
							"is_experimental": false
						},
						"component_groups": {
							"minecraft:exploding": {
								"minecraft:explode": {
									"fuse_length": 0.5,
									"fuse_lit": true,
									"power": 1,
									"causes_fire": true,
									"fire_affected_by_griefing": true,
									"destroy_affected_by_griefing": true
								}
							}
						},
						"components": {
							"minecraft:collision_box": {
								"width": 0.31,
								"height": 0.31
							},
							"minecraft:projectile": {
								"on_hit": {
									"definition_event": {
										"affect_projectile": true,
										"event_trigger": {
											"event": "minecraft:explode",
											"target": "self"
										}
									}
								},
								"power": 1.6,
								"gravity": 0,
								"inertia": 1,
								"liquid_inertia": 1,
								"uncertainty_base": 0,
								"uncertainty_multiplier": 0,
								"anchor": 1,
								"offset": [
									0,
									-0.1,
									0
								],
								"reflect_on_hurt": true,
								"catch_fire": true
							},
							"minecraft:physics": {},
							"minecraft:pushable": {
								"is_pushable": true,
								"is_pushable_by_piston": true
							},
							"minecraft:conditional_bandwidth_optimization": {
								"default_values": {
									"max_optimized_distance": 80,
									"max_dropped_ticks": 10,
									"use_motion_prediction_hints": true
								}
							},
							"minecraft:scale": {
								"value": 2
							},
							"minecraft:type_family": {
								"family": [
									"omega",
									"langaw"
								]
							}
						},
						"events": {
							"minecraft:explode": {
								"add": {
									"component_groups": [
										"minecraft:exploding"
									]
								}
							}
						}
					}
				},
				"key": "minecraft:entity",
				"children": [
					{
						"open": {
							"description": {
								"identifier": "wg:bomb",
								"is_spawnable": false,
								"is_summonable": true,
								"is_experimental": false
							},
							"component_groups": {
								"minecraft:exploding": {
									"minecraft:explode": {
										"fuse_length": 0.5,
										"fuse_lit": true,
										"power": 1,
										"causes_fire": true,
										"fire_affected_by_griefing": true,
										"destroy_affected_by_griefing": true
									}
								}
							},
							"components": {
								"minecraft:collision_box": {
									"width": 0.31,
									"height": 0.31
								},
								"minecraft:projectile": {
									"on_hit": {
										"definition_event": {
											"affect_projectile": true,
											"event_trigger": {
												"event": "minecraft:explode",
												"target": "self"
											}
										}
									},
									"power": 1.6,
									"gravity": 0,
									"inertia": 1,
									"liquid_inertia": 1,
									"uncertainty_base": 0,
									"uncertainty_multiplier": 0,
									"anchor": 1,
									"offset": [
										0,
										-0.1,
										0
									],
									"reflect_on_hurt": true,
									"catch_fire": true
								},
								"minecraft:physics": {},
								"minecraft:pushable": {
									"is_pushable": true,
									"is_pushable_by_piston": true
								},
								"minecraft:conditional_bandwidth_optimization": {
									"default_values": {
										"max_optimized_distance": 80,
										"max_dropped_ticks": 10,
										"use_motion_prediction_hints": true
									}
								},
								"minecraft:scale": {
									"value": 2
								},
								"minecraft:type_family": {
									"family": [
										"omega",
										"langaw"
									]
								}
							},
							"events": {
								"minecraft:explode": {
									"add": {
										"component_groups": [
											"minecraft:exploding"
										]
									}
								}
							}
						},
						"key": "description",
						"is_minified": true,
						"children": {
							"identifier": "wg:bomb",
							"is_spawnable": false,
							"is_summonable": true,
							"is_experimental": false
						}
					},
					{
						"open": {
							"description": {
								"identifier": "wg:bomb",
								"is_spawnable": false,
								"is_summonable": true,
								"is_experimental": false
							},
							"component_groups": {
								"minecraft:exploding": {
									"minecraft:explode": {
										"fuse_length": 0.5,
										"fuse_lit": true,
										"power": 1,
										"causes_fire": true,
										"fire_affected_by_griefing": true,
										"destroy_affected_by_griefing": true
									}
								}
							},
							"components": {
								"minecraft:collision_box": {
									"width": 0.31,
									"height": 0.31
								},
								"minecraft:projectile": {
									"on_hit": {
										"definition_event": {
											"affect_projectile": true,
											"event_trigger": {
												"event": "minecraft:explode",
												"target": "self"
											}
										}
									},
									"power": 1.6,
									"gravity": 0,
									"inertia": 1,
									"liquid_inertia": 1,
									"uncertainty_base": 0,
									"uncertainty_multiplier": 0,
									"anchor": 1,
									"offset": [
										0,
										-0.1,
										0
									],
									"reflect_on_hurt": true,
									"catch_fire": true
								},
								"minecraft:physics": {},
								"minecraft:pushable": {
									"is_pushable": true,
									"is_pushable_by_piston": true
								},
								"minecraft:conditional_bandwidth_optimization": {
									"default_values": {
										"max_optimized_distance": 80,
										"max_dropped_ticks": 10,
										"use_motion_prediction_hints": true
									}
								},
								"minecraft:scale": {
									"value": 2
								},
								"minecraft:type_family": {
									"family": [
										"omega",
										"langaw"
									]
								}
							},
							"events": {
								"minecraft:explode": {
									"add": {
										"component_groups": [
											"minecraft:exploding"
										]
									}
								}
							}
						},
						"key": "component_groups",
						"children": [
							{
								"open": {
									"minecraft:exploding": {
										"minecraft:explode": {
											"fuse_length": 0.5,
											"fuse_lit": true,
											"power": 1,
											"causes_fire": true,
											"fire_affected_by_griefing": true,
											"destroy_affected_by_griefing": true
										}
									}
								},
								"key": "minecraft:exploding",
								"children": [
									{
										"open": {
											"minecraft:explode": {
												"fuse_length": 0.5,
												"fuse_lit": true,
												"power": 1,
												"causes_fire": true,
												"fire_affected_by_griefing": true,
												"destroy_affected_by_griefing": true
											}
										},
										"key": "minecraft:explode",
										"is_minified": true,
										"children": {
											"fuse_length": 0.5,
											"fuse_lit": true,
											"power": 1,
											"causes_fire": true,
											"fire_affected_by_griefing": true,
											"destroy_affected_by_griefing": true
										}
									}
								]
							}
						]
					},
					{
						"open": {
							"description": {
								"identifier": "wg:bomb",
								"is_spawnable": false,
								"is_summonable": true,
								"is_experimental": false
							},
							"component_groups": {
								"minecraft:exploding": {
									"minecraft:explode": {
										"fuse_length": 0.5,
										"fuse_lit": true,
										"power": 1,
										"causes_fire": true,
										"fire_affected_by_griefing": true,
										"destroy_affected_by_griefing": true
									}
								}
							},
							"components": {
								"minecraft:collision_box": {
									"width": 0.31,
									"height": 0.31
								},
								"minecraft:projectile": {
									"on_hit": {
										"definition_event": {
											"affect_projectile": true,
											"event_trigger": {
												"event": "minecraft:explode",
												"target": "self"
											}
										}
									},
									"power": 1.6,
									"gravity": 0,
									"inertia": 1,
									"liquid_inertia": 1,
									"uncertainty_base": 0,
									"uncertainty_multiplier": 0,
									"anchor": 1,
									"offset": [
										0,
										-0.1,
										0
									],
									"reflect_on_hurt": true,
									"catch_fire": true
								},
								"minecraft:physics": {},
								"minecraft:pushable": {
									"is_pushable": true,
									"is_pushable_by_piston": true
								},
								"minecraft:conditional_bandwidth_optimization": {
									"default_values": {
										"max_optimized_distance": 80,
										"max_dropped_ticks": 10,
										"use_motion_prediction_hints": true
									}
								},
								"minecraft:scale": {
									"value": 2
								},
								"minecraft:type_family": {
									"family": [
										"omega",
										"langaw"
									]
								}
							},
							"events": {
								"minecraft:explode": {
									"add": {
										"component_groups": [
											"minecraft:exploding"
										]
									}
								}
							}
						},
						"key": "components",
						"children": [
							{
								"key": "minecraft:collision_box",
								"is_minified": true,
								"children": {
									"width": 0.31,
									"height": 0.31
								}
							},
							{
								"key": "minecraft:projectile",
								"is_minified": true,
								"children": {
									"on_hit": {
										"definition_event": {
											"affect_projectile": true,
											"event_trigger": {
												"event": "minecraft:explode",
												"target": "self"
											}
										}
									},
									"power": 1.6,
									"gravity": 0,
									"inertia": 1,
									"liquid_inertia": 1,
									"uncertainty_base": 0,
									"uncertainty_multiplier": 0,
									"anchor": 1,
									"offset": [
										0,
										-0.1,
										0
									],
									"reflect_on_hurt": true,
									"catch_fire": true
								}
							},
							{
								"key": "minecraft:physics",
								"is_minified": true,
								"children": {}
							},
							{
								"key": "minecraft:pushable",
								"is_minified": true,
								"children": {
									"is_pushable": true,
									"is_pushable_by_piston": true
								}
							},
							{
								"key": "minecraft:conditional_bandwidth_optimization",
								"is_minified": true,
								"children": {
									"default_values": {
										"max_optimized_distance": 80,
										"max_dropped_ticks": 10,
										"use_motion_prediction_hints": true
									}
								}
							},
							{
								"open": {
									"minecraft:collision_box": {
										"width": 0.31,
										"height": 0.31
									},
									"minecraft:projectile": {
										"on_hit": {
											"definition_event": {
												"affect_projectile": true,
												"event_trigger": {
													"event": "minecraft:explode",
													"target": "self"
												}
											}
										},
										"power": 1.6,
										"gravity": 0,
										"inertia": 1,
										"liquid_inertia": 1,
										"uncertainty_base": 0,
										"uncertainty_multiplier": 0,
										"anchor": 1,
										"offset": [
											0,
											-0.1,
											0
										],
										"reflect_on_hurt": true,
										"catch_fire": true
									},
									"minecraft:physics": {},
									"minecraft:pushable": {
										"is_pushable": true,
										"is_pushable_by_piston": true
									},
									"minecraft:conditional_bandwidth_optimization": {
										"default_values": {
											"max_optimized_distance": 80,
											"max_dropped_ticks": 10,
											"use_motion_prediction_hints": true
										}
									},
									"minecraft:scale": {
										"value": 2
									},
									"minecraft:type_family": {
										"family": [
											"omega",
											"langaw"
										]
									}
								},
								"key": "minecraft:scale",
								"is_minified": true,
								"children": {
									"value": 2
								}
							},
							{
								"open": {
									"minecraft:collision_box": {
										"width": 0.31,
										"height": 0.31
									},
									"minecraft:projectile": {
										"on_hit": {
											"definition_event": {
												"affect_projectile": true,
												"event_trigger": {
													"event": "minecraft:explode",
													"target": "self"
												}
											}
										},
										"power": 1.6,
										"gravity": 0,
										"inertia": 1,
										"liquid_inertia": 1,
										"uncertainty_base": 0,
										"uncertainty_multiplier": 0,
										"anchor": 1,
										"offset": [
											0,
											-0.1,
											0
										],
										"reflect_on_hurt": true,
										"catch_fire": true
									},
									"minecraft:physics": {},
									"minecraft:pushable": {
										"is_pushable": true,
										"is_pushable_by_piston": true
									},
									"minecraft:conditional_bandwidth_optimization": {
										"default_values": {
											"max_optimized_distance": 80,
											"max_dropped_ticks": 10,
											"use_motion_prediction_hints": true
										}
									},
									"minecraft:scale": {
										"value": 2
									},
									"minecraft:type_family": {
										"family": [
											"omega",
											"langaw"
										]
									}
								},
								"key": "minecraft:type_family",
								"children": [
									{
										"open": {
											"family": [
												"omega",
												"langaw"
											]
										},
										"key": "family",
										"is_minified": true,
										"children": [
											"omega",
											"langaw"
										]
									}
								]
							}
						]
					},
					{
						"key": "events",
						"is_minified": true,
						"children": {
							"minecraft:explode": {
								"add": {
									"component_groups": [
										"minecraft:exploding"
									]
								}
							}
						}
					}
				]
			}
		]
	}
}