{
	"format_version": "1.8.0",
	"animations": {
		"animation.simple_vehicles.bus_v2.move": {
			"loop": true,
			"anim_time_update": "query.modified_distance_moved",
			"bones": {
				"leg1": {
					"rotation": [
						"query.anim_time*15",
						0,
						0
					]
				},
				"tire1": {
					"rotation": [
						"query.anim_time*15",
						0,
						0
					]
				},
				"tire0": {
					"rotation": [
						"query.anim_time*15",
						0,
						0
					]
				}
			},
			"particle_effects": {
				"0.0": {
					"effect": "arrow_particle",
					"locator": "vehicle_particle"
				}
			}
		},
		"animation.simple_vehicles.bus_v2.open": {
			"loop": "hold_on_last_frame",
			"animation_length": 1,
			"bones": {
				"door": {
					"rotation": [
						0,
						0,
						0
					],
					"position": {
						"0.0": [
							0,
							0,
							0
						],
						"0.5": [
							-2,
							0,
							0
						],
						"1.0": [
							-2,
							0,
							18
						]
					}
				}
			},
			"sound_effects": {
				"0.0": {
					"effect": "bus_v2_door_open"
				}
			}
		},
		"animation.simple_vehicles.bus_v2.close": {
			"loop": "hold_on_last_frame",
			"animation_length": 1,
			"bones": {
				"door": {
					"rotation": [
						0,
						0,
						0
					],
					"position": {
						"0.0": [
							-2,
							0,
							18
						],
						"0.5": [
							-2,
							0,
							0
						],
						"1.0": [
							0,
							0,
							0
						]
					}
				}
			},
			"sound_effects": {
				"0.0": {
					"effect": "bus_v2_door_close"
				}
			}
		},
		"animation.simple_vehicles.bus_v2.close2": {
			"loop": true,
			"bones": {
				"door": {
					"position": [
						-1,
						0,
						-18
					]
				}
			}
		},
		"animation.simple_vehicles.bus_v2.wiper": {
			"loop": true,
			"animation_length": 1,
			"bones": {
				"wiper0": {
					"rotation": {
						"0.0": [
							0,
							0,
							0
						],
						"0.125": [
							-11.80272,
							13.24783,
							22.34096
						],
						"0.25": [
							-8.74718,
							24.24979,
							46.43283
						],
						"0.3333": [
							-3.60394,
							28.54666,
							63.72489
						],
						"0.4583": [
							15.83683,
							27.98593,
							115.59444
						],
						"0.5417": [
							9.36302,
							31.26463,
							107.62528
						],
						"0.6667": [
							5.05276,
							30.07141,
							77.49006
						],
						"0.8333": [
							-3.67886,
							19.63916,
							36.89273
						],
						"1.0": [
							0,
							0,
							0
						]
					}
				},
				"wiper1": {
					"rotation": {
						"0.0": [
							0,
							0,
							0
						],
						"0.125": [
							-11.80272,
							13.24783,
							22.34096
						],
						"0.25": [
							-8.74718,
							24.24979,
							46.43283
						],
						"0.3333": [
							-3.60394,
							28.54666,
							63.72489
						],
						"0.4583": [
							15.83683,
							27.98593,
							115.59444
						],
						"0.5417": [
							9.36302,
							31.26463,
							107.62528
						],
						"0.6667": [
							5.05276,
							30.07141,
							77.49006
						],
						"0.8333": [
							-3.67886,
							19.63916,
							36.89273
						],
						"1.0": [
							0,
							0,
							0
						]
					}
				}
			},
			"sound_effects": {
				"0.0": {
					"effect": "bus_v2.wiper"
				}
			}
		}
	}
}