{"format_version":"1.16.100","minecraft:block":{"description":{"identifier":"loled:setup_arcade","properties":{"loled:face":[0,1,2,3],"loled:on":[0,1,2]}},"components":{"minecraft:material_instances":{"*":{"texture":"arcade","render_method":"alpha_test"}},"minecraft:creative_category":{"group":"itemGroup.name.setup","category":"construction"},"minecraft:pick_collision":{"origin":[-8,0,-8],"size":[16,16,16]},"minecraft:loot":"loot_tables/setup/setup_arcade.json","minecraft:geometry":"geometry.arcade","minecraft:destroy_time":2,"minecraft:block_light_absorption":0,"minecraft:entity_collision":{"origin":[-8,0,8],"size":[16,16,16]},"minecraft:friction":0.6,"minecraft:map_color":"#00ff00","minecraft:flammable":{"flame_odds":0,"burn_odds":0},"minecraft:on_interact":{"event":"loled:on1"},"minecraft:on_player_placing":{"event":"loled:face"}},"permutations":[{"condition":"query.block_property('loled:face') == 0","components":{"minecraft:rotation":[0,180,0]}},{"condition":"query.block_property('loled:face') == 1","components":{"minecraft:rotation":[0,0,0]}},{"condition":"query.block_property('loled:face') == 2","components":{"minecraft:rotation":[0,270,0]}},{"condition":"query.block_property('loled:face') == 3","components":{"minecraft:rotation":[0,90,0]}},{"condition":"query.block_property('loled:on') == 1","components":{"minecraft:geometry":"geometry.arcade_on","minecraft:block_light_emission":0.8,"minecraft:on_interact":{"event":"loled:off"},"minecraft:material_instances":{"*":{"texture":"arcade_on","render_method":"alpha_test"}}}}],"events":{"loled:face":{"set_block_property":{"loled:face":"query.cardinal_facing_2d-2"},"set_block_at_pos":{"block_type":{"name":"loled:colision"},"block_offset":[0,1,0]}},"loled:on1":{"sequence":[{"set_block_property":{"loled:on":1},"run_command":{"command":["playsound arcade_music1.sound @a ~~~ 1 1","title @p title §l§4FIGHT!","title @p actionbar §l§eGO!"]}}]},"loled:off":{"sequence":[{"run_command":{"command":"stopsound @a arcade_music1.sound"},"set_block_property":{"loled:on":0}}]}}}}