{
    "format_version": "1.8.0",
    "minecraft:entity": {
        "description": {
            "identifier": "bd:lever_down",
            "is_spawnable": true,
            "is_summonable": true,
            "is_experimental": false,
            "scripts": {
                "animate": [
                    "lever_down",
                    "leverflip"
                ]
            },
            "animations": {
                "lever_down": "controller.animation.door",
                "leverflip": "controller.animation.lever.flip"
            }
        },
        "component_groups": {
            "minecraft:up": {
                "minecraft:transformation": {
                    "into": "bd:lever_up"
                },
                "minecraft:spell_effects": {
                    "add_effects": [{
                            "effect": "regeneration",
                            "amplifier": 255,
                            "visible": false,
                            "duration": 2
                        }
                    ]
                }
            },
			"minecraft:uping": {
				"minecraft:area_attack" : {
					"damage_range": 3,
					"damage_per_tick": 10,
					"cause": "attack",
					"entity_filter": {
						"any_of": [
							{ "test": "is_family", "subject": "other", "value": "door" }
						]
					}
				},
				"minecraft:timer": {
                    "looping": false,
                    "time": 0.01,
                    "time_down_event": {
                        "event": "minecraft:event_uping"
                    }
                }
			},
            "minecraft:des": {
                "minecraft:despawn": {}
            },
            "minecraft:sound": {
                "minecraft:is_sheared": {}
            }
        },
        "components": {
			"minecraft:persistent": {},
            "minecraft:type_family": {
                "family": ["lever_u", "inanimate", "control"]
            },
            "minecraft:interact": [{
					"interact_text": "action.interact.Delete Door",
                    "on_interact": {
                        "filters": {
                            "all_of": [{
                                    "test": "is_family",
                                    "subject": "other",
                                    "value": "player"
                                }, {
                                    "test": "has_equipment",
                                    "subject": "other",
                                    "domain": "hand",
                                    "value": "barrier"
                                }, {
                                    "test": "is_sneaking",
                                    "subject": "other",
                                    "value": "true"
                                }
                            ]
                        },
                        "event": "minecraft:delete"
                    }
                }
            ],
            "minecraft:health": {
                "value": 1
            },
            "minecraft:pushable": {
                "is_pushable": false,
                "is_pushable_by_piston": false
            },
            "minecraft:collision_box": {
                "width": 0.5,
                "height": 0.8
            },
            "minecraft:knockback_resistance": {
                "value": 50.0
            },
            "minecraft:damage_sensor": [{
                    "on_damage": {
                        "filters": {
                            "with_damage_fatal": true
                        },
                        "event": "minecraft:event_up",
                        "target": "self"
                    },
                    "deals_damage": false
                }
            ],
            "minecraft:spell_effects": {
                "add_effects": [{
                        "effect": "regeneration",
                        "amplifier": 255,
                        "visible": false,
                        "duration": 2
                    }
                ]
            },
            "minecraft:physics": {
                "has_gravity": false
            }
        },
        "events": {
            "minecraft:entity_transformed": {
                "remove": {
                    "component_groups": [
                        "minecraft:up"
                    ]
                },
                "add": {
                    "component_groups": [
                        "minecraft:sound",
						"minecraft:uping"
                    ]
                }
            },
            "minecraft:event_up": {
				"remove": {
					"component_groups": [
						"minecraft:uping"
					]
				},
                "add": {
                    "component_groups": [
                        "minecraft:up"
                    ]
                }
            },
			"minecraft:event_uping": {
				"remove": {
					"component_groups": [
						"minecraft:uping"
					]
				}
			},
            "minecraft:delete": {
                "add": {
                    "component_groups": [
                        "minecraft:des"
                    ]
                }
            },
            "minecraft:rotate": {
                "add": {
                    "component_groups": [
                        "minecraft:ro"
                    ]
                }
            }
        }
    }
}
