{
	"format_version": "1.8.0",
	"animations": {
		"animation.allay.new.idle": {
			"loop": true,
			"animation_length": 2,
			"bones": {
				"head": {
					"position": {
						"0.0": {
							"post": [0, 0, 0],
							"lerp_mode": "catmullrom"
						},
						"1.0": {
							"post": [0, -0.5, 0],
							"lerp_mode": "catmullrom"
						},
						"2.0": {
							"post": [0, 0, 0],
							"lerp_mode": "catmullrom"
						}
					}
				},
				"body": {
					"rotation": {
						"0.0": {
							"post": [0, 0, 0],
							"lerp_mode": "catmullrom"
						},
						"1.0": {
							"post": [5, 0, 0],
							"lerp_mode": "catmullrom"
						},
						"2.0": {
							"post": [0, 0, 0],
							"lerp_mode": "catmullrom"
						}
					},
					"position": {
						"0.0": {
							"post": [0, 0, 0],
							"lerp_mode": "catmullrom"
						},
						"1.0": {
							"post": [0, -0.5, 0],
							"lerp_mode": "catmullrom"
						},
						"2.0": {
							"post": [0, 0, 0],
							"lerp_mode": "catmullrom"
						}
					}
				},
				"right_arm": {
					"rotation": {
						"0.0": {
							"post": [0, 15, 31.21],
							"lerp_mode": "catmullrom"
						},
						"0.75": {
							"post": [0, 15, 40],
							"lerp_mode": "catmullrom"
						},
						"1.5": {
							"post": [0, 15, 22.5],
							"lerp_mode": "catmullrom"
						},
						"2.0": {
							"post": [0, 15, 31.21],
							"lerp_mode": "catmullrom"
						}
					}
				},
				"left_arm": {
					"rotation": {
						"0.0": {
							"post": [0, -15, -31.21],
							"lerp_mode": "catmullrom"
						},
						"0.75": {
							"post": [0, -15, -40],
							"lerp_mode": "catmullrom"
						},
						"1.5": {
							"post": [0, -15, -22.5],
							"lerp_mode": "catmullrom"
						},
						"2.0": {
							"post": [0, -15, -31.21],
							"lerp_mode": "catmullrom"
						}
					}
				},
				"left_wing": {
					"rotation": {
						"0.0": {
							"post": [37.98064, 6.50284, 22.02407],
							"lerp_mode": "catmullrom"
						},
						"0.5": {
							"post": [22.5, 67.5, 0],
							"lerp_mode": "catmullrom"
						},
						"1.0": {
							"post": [37.98064, 6.50284, 22.02407],
							"lerp_mode": "catmullrom"
						},
						"1.5": {
							"post": [22.5, 67.5, 0],
							"lerp_mode": "catmullrom"
						},
						"2.0": {
							"post": [37.98064, 6.50284, 22.02407],
							"lerp_mode": "catmullrom"
						}
					}
				},
				"right_wing": {
					"rotation": {
						"0.0": {
							"post": [37.98064, -6.50284, -22.02407],
							"lerp_mode": "catmullrom"
						},
						"0.5": {
							"post": [22.5, -67.5, 0],
							"lerp_mode": "catmullrom"
						},
						"1.0": {
							"post": [37.98064, -6.50284, -22.02407],
							"lerp_mode": "catmullrom"
						},
						"1.5": {
							"post": [22.5, -67.5, 0],
							"lerp_mode": "catmullrom"
						},
						"2.0": {
							"post": [37.98064, -6.50284, -22.02407],
							"lerp_mode": "catmullrom"
						}
					}
				}
			}
		},
		"animation.allay.new.fly": {
			"loop": true,
			"animation_length": 2,
			"bones": {
				"head": {
					"rotation": {
						"0.0": {
							"post": [2.5, 0, 0],
							"lerp_mode": "catmullrom"
						},
						"0.5833": {
							"post": [-2.5, 0, 0],
							"lerp_mode": "catmullrom"
						},
						"1.0833": {
							"post": [2.5, 0, 0],
							"lerp_mode": "catmullrom"
						},
						"1.5833": {
							"post": [-2.5, 0, 0],
							"lerp_mode": "catmullrom"
						},
						"2.0": {
							"post": [2.5, 0, 0],
							"lerp_mode": "catmullrom"
						}
					},
					"position": {
						"0.0": {
							"post": [0, 0, 0],
							"lerp_mode": "catmullrom"
						},
						"2.0": {
							"post": [0, 0, 0],
							"lerp_mode": "catmullrom"
						}
					}
				},
				"body": {
					"rotation": {
						"0.0": {
							"post": [45, 0, 0],
							"lerp_mode": "catmullrom"
						},
						"0.4167": {
							"post": [55, 0, 0],
							"lerp_mode": "catmullrom"
						},
						"0.9167": {
							"post": [45, 0, 0],
							"lerp_mode": "catmullrom"
						},
						"1.4167": {
							"post": [55, 0, 0],
							"lerp_mode": "catmullrom"
						},
						"2.0": {
							"post": [45, 0, 0],
							"lerp_mode": "catmullrom"
						}
					},
					"position": {
						"0.0": [0, 0, 1],
						"2.0": [0, 0, 1]
					}
				},
				"right_arm": {
					"rotation": {
						"0.0": {
							"post": [0, 22.5, 15],
							"lerp_mode": "catmullrom"
						},
						"0.5833": {
							"post": [0, 22.5, 10],
							"lerp_mode": "catmullrom"
						},
						"1.0833": {
							"post": [0, 22.5, 15],
							"lerp_mode": "catmullrom"
						},
						"1.5833": {
							"post": [0, 22.5, 10],
							"lerp_mode": "catmullrom"
						},
						"2.0": {
							"post": [0, 22.5, 15],
							"lerp_mode": "catmullrom"
						}
					}
				},
				"left_arm": {
					"rotation": {
						"0.0": {
							"post": [0, -22.5, -15],
							"lerp_mode": "catmullrom"
						},
						"0.5833": {
							"post": [0, -22.5, -10],
							"lerp_mode": "catmullrom"
						},
						"1.0833": {
							"post": [0, -22.5, -15],
							"lerp_mode": "catmullrom"
						},
						"1.5833": {
							"post": [0, -22.5, -10],
							"lerp_mode": "catmullrom"
						},
						"2.0": {
							"post": [0, -22.5, -15],
							"lerp_mode": "catmullrom"
						}
					}
				},
				"left_wing": {
					"rotation": {
						"0.0": {
							"post": [15.48064, 6.50284, 22.02407],
							"lerp_mode": "catmullrom"
						},
						"0.25": {
							"post": [0, 67.5, 0],
							"lerp_mode": "catmullrom"
						},
						"0.5": {
							"post": [15.48064, 6.50284, 22.02407],
							"lerp_mode": "catmullrom"
						},
						"0.75": {
							"post": [0, 67.5, 0],
							"lerp_mode": "catmullrom"
						},
						"1.0": {
							"post": [15.48064, 6.50284, 22.02407],
							"lerp_mode": "catmullrom"
						},
						"1.25": {
							"post": [0, 67.5, 0],
							"lerp_mode": "catmullrom"
						},
						"1.5": {
							"post": [15.48064, 6.50284, 22.02407],
							"lerp_mode": "catmullrom"
						},
						"1.75": {
							"post": [0, 67.5, 0],
							"lerp_mode": "catmullrom"
						},
						"2.0": {
							"post": [15.48064, 6.50284, 22.02407],
							"lerp_mode": "catmullrom"
						}
					}
				},
				"right_wing": {
					"rotation": {
						"0.0": {
							"post": [15.48064, -6.50284, -22.02407],
							"lerp_mode": "catmullrom"
						},
						"0.25": {
							"post": [0, -67.5, 0],
							"lerp_mode": "catmullrom"
						},
						"0.5": {
							"post": [15.48064, -6.50284, -22.02407],
							"lerp_mode": "catmullrom"
						},
						"0.75": {
							"post": [0, -67.5, 0],
							"lerp_mode": "catmullrom"
						},
						"1.0": {
							"post": [15.48064, -6.50284, -22.02407],
							"lerp_mode": "catmullrom"
						},
						"1.25": {
							"post": [0, -67.5, 0],
							"lerp_mode": "catmullrom"
						},
						"1.5": {
							"post": [15.48064, -6.50284, -22.02407],
							"lerp_mode": "catmullrom"
						},
						"1.75": {
							"post": [0, -67.5, 0],
							"lerp_mode": "catmullrom"
						},
						"2.0": {
							"post": [15.48064, -6.50284, -22.02407],
							"lerp_mode": "catmullrom"
						}
					}
				}
			}
		}
	}
}
