{
	"format_version": "1.8.0",
	"animations": {
		"animation.parrot.custom_idle": {
			"loop": true,
			"bones": {
				"head": {
					"rotation": [-25, 0, 0]
				},
				"body": {
					"rotation": [35, 0, 0],
					"position": [0, -0.7, 0]
				},
				"tail": {
					"rotation": [43, 0, 0],
					"position": [0, 0.22, 0.16]
				},
				"leg0": {
					"rotation": [-35, 0, 0],
					"position": [0, 0.2453, -2.47088]
				},
				"leg1": {
					"rotation": [-35, 0, 0],
					"position": [0, 0.2453, -2.47088]
				}
			}
		},
		"animation.parrot.custom_walk": {
			"loop": true,
			"bones": {
				"head": {
					"rotation": [-25, 0, 0]
				},
				"body": {
					"rotation": [35, 0, 0],
					"position": [0, -0.7, 0]
				},
				"tail": {
					"rotation": ["50+math.sin(query.anim_time*800)*4", 0, 0],
					"position": [0, 0.22, 0.16]
				},
				"leg0": {
					"rotation": ["-35+math.sin(query.anim_time*900)*30", 0, 0],
					"position": [0, 0.2453, -2.47088]
				},
				"leg1": {
					"rotation": ["-35-math.sin(query.anim_time*900)*30", 0, 0],
					"position": [0, 0.2453, -2.47088]
				}
			}
		},
		"animation.parrot.custom_fly": {
			"loop": true,
			"bones": {
				"head": {
					"rotation": [-25, 0, 0]
				},
				"body": {
					"rotation": [35, 0, 0],
					"position": [0, -0.7, 0]
				},
				"tail": {
					"rotation": ["50+math.sin(query.anim_time*1300)*20", 0, 0],
					"position": [0, 0.22, 0.16]
				},
				"leg0": {
					"rotation": [-35, 0, 0],
					"position": [0, 0.2453, -2.47088]
				},
				"leg1": {
					"rotation": [-35, 0, 0],
					"position": [0, 0.2453, -2.47088]
				},
				"wing0": {
					"rotation": [0, 0, "-40+math.sin(query.anim_time*1600)*40"]
				},
				"wing1": {
					"rotation": [0, 0, "40-math.sin(query.anim_time*1600)*40"]
				}
			}
		}
	}
}