{
	"format_version": "1.8.0",
	"animations": {
		"animation.rabbit.new_move": {
			"loop": true,
			"animation_length": 0.41667,
			"bones": {
				"rearFootLeft": {
					"rotation": {
						"0.0833": [0, 0, 0],
						"0.2083": [57.5, 0, 0],
						"0.375": [0, 0, 0]
					}
				},
				"rearFootRight": {
					"rotation": {
						"0.0833": [0, 0, 0],
						"0.2083": [57.5, 0, 0],
						"0.375": [0, 0, 0]
					}
				},
				"haunchLeft": {
					"rotation": {
						"0.0833": [0, 0, 0],
						"0.2083": [57.5, 0, 0],
						"0.375": [0, 0, 0]
					}
				},
				"haunchRight": {
					"rotation": {
						"0.0833": [0, 0, 0],
						"0.2083": [57.5, 0, 0],
						"0.375": [0, 0, 0]
					}
				},
				"frontLegLeft": {
					"rotation": {
						"0.0": [0, 0, 0],
						"0.125": [-27.5, 0, 0],
						"0.2917": [0, 0, 0]
					}
				},
				"frontLegRight": {
					"rotation": {
						"0.0": [0, 0, 0],
						"0.125": [-27.5, 0, 0],
						"0.2917": [0, 0, 0]
					}
				},
				"root": {
					"position": {
						"0.0833": [0, 0, 0],
						"0.2083": [0, 3, 0],
						"0.375": [0, 0, 0]
					}
				}
			}
		}
	}
}