{
	"format_version": "1.8.0",
	"animations": {
		"animation.salmon.swim_new": {
			"loop": true,
			"bones": {
				"body_front": {
					"rotation": [0, "math.sin(query.anim_time*180)*15", 0]
				},
				"body_back": {
					"rotation": [0, "math.sin(query.anim_time*180+50)*15", 0]
				},
				"tailfin": {
					"rotation": [0, "math.sin(query.anim_time*180+100)*15", 0]
				}
			}
		},
		"animation.salmon.flop_new": {
			"loop": true,
			"bones": {
				"body_front": {
					"rotation": ["math.sin(query.anim_time*100)*60", 0, -90],
					"position": [2, "11-math.cos(query.anim_time*480)*10", 0]
				},
				"body_back": {
					"rotation": [0, "math.sin(query.anim_time*400)*12", 0]
				}
			}
		}
	}
}