{
    "format_version": "1.13.0",
    "minecraft:entity": {
        "description": {
            "identifier": "entity:scp1765_3",
            "is_spawnable": false,
            "is_summonable": true,
            "is_experimental": false,
			"scripts": {
                "animate":[
					"scp1765"
                ]
            },
            "animations": {
				"scp1765": "controller.animation.scp1765_refuse"
            }
        },
        "component_groups": {
			"refuse": {
				"minecraft:transformation": {
					"into": "entity:scp1765_3<minecraft:entity_spawned>"
				}
			},
			"refuse2": {
				"minecraft:is_illager_captain": {}
			},
			"minecraft:gone": {
				"minecraft:despawn": {}
			},
			"bender": {
				"minecraft:health": {
					"value": 900000,
					"min": 900000,
					"max": 900000
				}
            },
			"bend": {
				"minecraft:ageable": {
					"duration": 1,
					"grow_up": {
						"event": "bender",
						"target": "self"
					}
				}
			},
			"shield": {
			},
			"detect": {
				"minecraft:timer": {
					"looping": true,
					"random_time_choices": [{
							"weight": 50,
							"value": 1
						}
					],
					"time_down_event": {
						"event": "minecraft:no_lag",
						"target": "self"
					}
				},
				"minecraft:entity_sensor": {
					"sensor_range": 200.0,
					"event_filters": [{
							"test": "is_family",
							"subject": "other",
							"value": "scp1765_3"
						}
					],
					"maximum_count": -1,
					"minimum_count": 1,
					"require_all": false,
					"event": "minecraft:despawning"
				}
			},
			"changing_ani1": {
				"minecraft:variant": {
					"value": 0
				},
				"minecraft:timer": {
					"looping": true,
					"random_time_choices": [{
							"weight": 50,
							"value": 30
						}
					],
					"time_down_event": {
						"event": "minecraft:changing_ani2",
						"target": "self"
					}
				},
				"minecraft:teleport": {
					"random_teleports": true,
					"max_random_teleport_time": 30,
					"random_teleport_cube": [ 5, 5, 5 ],
					"target_distance": 200,
					"target_teleport_chance": 0.05
				}
			},
			"changing_ani2": {
				"minecraft:variant": {
					"value": 1
				},
				"minecraft:timer": {
					"looping": true,
					"random_time_choices": [{
							"weight": 50,
							"value": 30
						}
					],
					"time_down_event": {
						"event": "minecraft:auto_detect",
						"target": "self"
					}
				}
			}
		},
        "components": {
            "minecraft:nameable": {},

            // scp1765_3 Components
            "minecraft:type_family": {
                "family": ["scp1765_3", "scp1765"]
            },
            "minecraft:collision_box": {
                "width": 0.6,
                "height": 1.8
            },
            "minecraft:movement.basic": {},
            "minecraft:navigation.walk": {
                "is_amphibious": true,
                "can_pass_doors": true,
                "can_break_doors": true,
                "can_walk": true
            },
			"minecraft:knockback_resistance": {
                "value": 100
            },
            "minecraft:annotation.break_door": {},
            "minecraft:jump.static": {},
            "minecraft:can_climb": {},
            "minecraft:attack": {
                "damage": 3
            },
            "minecraft:pushable": {
                "is_pushable": true,
                "is_pushable_by_piston": true
            },
            "minecraft:behavior.float": {
                "priority": 0
            },
			"minecraft:behavior.summon_entity": {
                "priority": 1,

                "summon_choices": [{
                        "min_activation_range": 0.0,
						"min_activation_range": 20,
                        "weight": 5,
                        "cooldown_time": 5.0,
                        "cast_duration": 2.0,
                        "particle_color": "#FF664D59",
                        "start_sound_event": "cast.spell",
                        "sequence": [{
                                "shape": "line",
                                "target": "target",
                                "base_delay": 1.0,
                                "delay_per_summon": 0.05,
                                "num_entities_spawned": 16,
                                "entity_type": "bd:ice_scream",
                                "size": 60,
                                "entity_lifespan": 3
                            }
                        ]
                    }, {
                        "weight": 9,
                        "cooldown_time": 10.0,
                        "cast_duration": 5.0,
                        "particle_color": "#FFB3B3CC",
                        "sequence": [{
                                "shape": "circle",
                                "target": "target",
                                "base_delay": 5.0,
                                "num_entities_spawned": 3,
                                "entity_type": "bd:ice_scream",
                                "size": 1.0,
                                "entity_lifespan": 60,
                                "sound_event": "prepare.summon"
                            }
                        ]
                    }, {
                        "weight": 8,
                        "cooldown_time": 60.0,
                        "cast_duration": 5.0,
                        "particle_color": "#FFB3B3CC",
                        "sequence": [{
                                "shape": "circle",
                                "target": "self",
                                "base_delay": 5.0,
                                "num_entities_spawned": 3,
                                "entity_type": "entity:ice_mons",
                                "summon_cap": 8,
                                "summon_cap_radius": 16.0,
                                "size": 3.0,
                                "entity_lifespan": 60,
                                "sound_event": "prepare.summon"
                            }
                        ]
                    }, {
                        "weight": 5,
                        "cooldown_time": 100.0,
                        "cast_duration": 5.0,
                        "particle_color": "#FFB3B3CC",
                        "sequence": [{
                                "shape": "circle",
                                "target": "self",
                                "base_delay": 5.0,
                                "num_entities_spawned": 3,
                                "entity_type": "entity:scp745",
                                "summon_cap": 8,
                                "summon_cap_radius": 16.0,
                                "size": 3.0,
                                "entity_lifespan": 60,
                                "sound_event": "prepare.summon"
                            }
                        ]
                    }, {
                        "weight": 1,
                        "cooldown_time": 10.0,
                        "cast_duration": 5.0,
                        "particle_color": "#FFB3B3CC",
                        "sequence": [{
                                "shape": "circle",
                                "target": "self",
                                "base_delay": 5.0,
                                "num_entities_spawned": 1,
                                "entity_type": "entity:eraser",
                                "size": 3.0,
                                "entity_lifespan": 60,
                                "sound_event": "prepare.summon"
                            }
                        ]
                    }
                ]
            },
            "minecraft:health": {
				"value": 900000,
				"min": 900000,
				"max": 900000
            },
			"minecraft:behavior.send_event": {
                "priority": 0,
                "event_choices": [{
                        "min_activation_range": 0.0,
                        "max_activation_range": 1.0,
                        "cooldown_time": 5.0,
                        "cast_duration": 0.1,
                        "particle_color": "#FFB38033",
                        "weight": 3,
                        "filters": {
                            "all_of": [{
                                    "test": "is_family",
                                    "subject": "other",
                                    "value": "door_c"
                                }
                            ]
                        },
                        "start_sound_event": "cast.spell",
                        "sequence": [{
                                "base_delay": 0.1,
                                "event": "minecraft:event_open",
                                "sound_event": "prepare.wololo"
                            }
                        ]
                    }, {
                        "min_activation_range": 0.0,
                        "max_activation_range": 2.0,
                        "cooldown_time": 5.0,
                        "cast_duration": 0.1,
                        "particle_color": "#FFB38033",
                        "weight": 3,
                        "filters": {
                            "all_of": [{
                                    "test": "is_family",
                                    "subject": "other",
                                    "value": "butt_d"
                                }
                            ]
                        },
                        "start_sound_event": "cast.spell",
                        "sequence": [{
                                "base_delay": 0.1,
                                "event": "minecraft:event_up",
                                "sound_event": "prepare.wololo"
                            }
                        ]
                    }
                ]
            },
			"minecraft:damage_sensor": {
				"triggers": [
					{
						"on_damage": {
							"event": "minecraft:start_roar",
							"filters": {
								"all_of": [
									{
										"test": "is_family",
										"subject": "other",
										"value": "player"
									}
								]
							},
							"target": "self"
						}
					}
				]
			},
			"minecraft:knockback_regeneration": {
                "value": 5.0
            },
            "minecraft:scale": {
                "value": 0.7
            },
            "minecraft:loot": {
                "table": "loot_tables/entities/scp1765_3.json"
            },

            // scp1765_3 Behaviors
            "minecraft:behavior.move_towards_restriction": {
                "priority": 5,
                "speed_multiplier": 0.23
            },
            "minecraft:behavior.random_stroll": {
                "priority": 6,
                "speed_multiplier": 0.23
            },
            "minecraft:behavior.look_at_player": {
                "priority": 7,
                "look_distance": 6,
                "probability": 0.02
            },
            "minecraft:behavior.random_look_around": {
                "priority": 7
            },
            "minecraft:behavior.hurt_by_target": {
                "priority": 1
            },
            "minecraft:behavior.nearest_attackable_target": {
                "priority": 2,
                "within_radius": 25,
                "reselect_targets": true,
                "entity_types": [{
                        "filters": {
                            "any_of": [{
                                    "test": "is_family",
                                    "subject": "other",
                                    "value": "player"
                                }, {
                                    "test": "is_family",
                                    "subject": "other",
                                    "value": "irongolem"
                                }
                            ]
                        },
                        "max_dist": 35
                    }, {
                        "filters": {
                            "any_of": [{
                                    "test": "is_family",
                                    "subject": "other",
                                    "value": "villager"
                                }, {
                                    "test": "is_family",
                                    "subject": "other",
                                    "value": "wandering_trader"
                                }
                            ]
                        },
                        "max_dist": 35,
                        "must_see": false
                    }, {
                        "filters": {
                            "all_of": [{
                                    "test": "is_family",
                                    "subject": "other",
                                    "value": "baby_turtle"
                                }, {
                                    "test": "in_water",
                                    "subject": "other",
                                    "operator": "!=",
                                    "value": true
                                }
                            ]
                        },
                        "max_dist": 35
                    }
                ],
                "must_see": true
            },
            "minecraft:physics": {}
        },

        "events": {
			"minecraft:despawning": {
				"add": {
					"component_groups": [
						"minecraft:gone"
					]
				}
			},
			"minecraft:entity_born": {
				"add": {
					"component_groups": [
						"bend",
						"detect"
					]
				}
			},
			"minecraft:entity_spawned": {
				"add": {
					"component_groups": [
						"bend",
						"detect"
					]
				}
			},
			"bender": {
				"add": {
					"component_groups": [
						"bender",
						"bend"
					]
				}
			},
			"minecraft:no_lag": {
				"remove": {
					"component_groups": [
						"detect",
						"changing_ani2"
					]
				},
				"add": {
					"component_groups": [
						"changing_ani1"
					]
				}
			},
			"minecraft:auto_detect": {
				"remove": {
					"component_groups": [
						"changing_ani2"
					]
				},
				"add": {
					"component_groups": [
						"detect"
					]
				}
			},
			"minecraft:changing_ani2": {
				"remove": {
					"component_groups": [
						"detect",
						"changing_ani1"
					]
				},
				"add": {
					"component_groups": [
						"changing_ani2"
					]
				}
			},
			"bd:refuse": {
				"add": {
					"component_groups": [
						"refuse",
						"refuse2"
					]
				}
			}
		}
    }
}