{
	"entity_sounds": {
		"entities": {
			"eu:tung_tung_tung_sahur": {
				"events": {
					"ambient": "tung_tung_tung_sahur_say"
				},
				"pitch": [
					0.8,
					1.2
				],
				"volume": 1
			},
			"eu:tralalero_tralala": {
				"events": {
					"ambient": "tralalero_tralala_say"
				},
				"pitch": [
					0.8,
					1.2
				],
				"volume": 1
			},
			"eu:chimpanzini_bananini": {
				"events": {
					"ambient": "chimpanzini_bananini_say"
				},
				"pitch": [
					0.8,
					1.2
				],
				"volume": 1
			},
			"eu:frigo_cammello": {
				"events": {
					"ambient": "frigo_cammello_say"
				},
				"pitch": [
					0.8,
					1.2
				],
				"volume": 1
			},
			"eu:vaca_saturno_saturnita": {
				"events": {
					"ambient": "vaca_saturno_saturnita_say"
				},
				"pitch": [
					0.8,
					1.2
				],
				"volume": 1
			},
			"eu:brrbrr_patapin": {
				"events": {
					"ambient": "brrbrr_patapin_saturnita_say"
				},
				"pitch": [
					0.8,
					1.2
				],
				"volume": 1
			},
			"eu:burbaloni_luliloli": {
				"events": {
					"ambient": "burbaloni_luliloli_say"
				},
				"pitch": [
					0.8,
					1.2
				],
				"volume": 1
			},
			"eu:bombardino_cocodrilo": {
				"events": {
					"ambient": "bombardino_cocodrilo_say"
				},
				"pitch": [
					0.8,
					1.2
				],
				"volume": 1
			},
			"eu:herioscuino_tanquini": {
				"events": {
					"ambient": "herioscuino_tanquini_say"
				},
				"pitch": [
					0.8,
					1.2
				],
				"volume": 1
			},
			"eu:tripi_tropi_tropa_tripa": {
				"events": {
					"ambient": "tripi_tropi_tropa_tripa_say"
				},
				"pitch": [
					0.8,
					1.2
				],
				"volume": 1
			},
			"eu:lirililarila": {
				"events": {
					"ambient": "lirililarila_say"
				},
				"pitch": [
					0.8,
					1.2
				],
				"volume": 1
			},
			"eu:ballerina_capuchina": {
				"events": {
					"ambient": "ballerina_capuchina_say"
				},
				"pitch": [
					0.8,
					1.2
				],
				"volume": 1
			},
			"eu:boneca_ambalabu": {
				"events": {
					"ambient": "boneca_ambalabu_say"
				},
				"pitch": [
					0.8,
					1.2
				],
				"volume": 1
			}
		}
	}
}