{
	"format_version": "1.14.0",
	"sound_definitions": {
		"tung_tung_tung_sahur_say": {
			"category": "ambient",
			"sounds": [
				"sounds/italian_brainrot/tungtungsahur"
			]
		},
		"tralalero_tralala_say": {
			"category": "ambient",
			"sounds": [
				"sounds/italian_brainrot/tralalerotralala"
			]
		},
		"chimpanzini_bananini_say": {
			"category": "ambient",
			"sounds": [
				"sounds/italian_brainrot/shimpanzinibananini"
			]
		},
		"frigo_cammello_say": {
			"category": "ambient",
			"sounds": [
				"sounds/italian_brainrot/frigocamelo"
			]
		},
		"vaca_saturno_saturnita_say": {
			"category": "ambient",
			"sounds": [
				"sounds/italian_brainrot/vaca_saturno_saturnita"
			]
		},
		"brrbrr_patapin_saturnita_say": {
			"category": "ambient",
			"sounds": [
				"sounds/italian_brainrot/brbrpatapin"
			]
		},
		"burbaloni_luliloli_say": {
			"category": "ambient",
			"sounds": [
				"sounds/italian_brainrot/burbaloni_luliloli"
			]
		},
		"bombardino_cocodrilo_say": {
			"category": "ambient",
			"sounds": [
				"sounds/italian_brainrot/bombardirocrocodilo"
			]
		},
		"herioscuino_tanquini_say": {
			"category": "ambient",
			"sounds": [
				"sounds/italian_brainrot/herioscuinotanquini"
			]
		},
		"tripi_tropi_tropa_tripa_say": {
			"category": "ambient",
			"sounds": [
				"sounds/italian_brainrot/tripitropitropatripa"
			]
		},
		"lirililarila_say": {
			"category": "ambient",
			"sounds": [
				"sounds/italian_brainrot/lirililarila"
			]
		},
		"ballerina_capuchina_say": {
			"category": "ambient",
			"sounds": [
				"sounds/italian_brainrot/ballerinacapuchina"
			]
		},
		"boneca_ambalabu_say": {
			"category": "ambient",
			"sounds": [
				"sounds/italian_brainrot/bonecaambalabu"
			]
		}
	}
}