{"format_version":"1.10.0","animation_controllers":{"controller.animation.shelby.backfire":{"states":{"default":{"transitions":[{"gear2":"query.ground_speed >=3.8 && query.variant == 2"}],"on_entry":["@s exhaust:backfire"]},"gear2":{"transitions":[{"gear3":"query.ground_speed >=3.8 && query.variant == 3"}],"on_entry":["@s exhaust:backfire"]},"gear3":{"transitions":[{"gear4":"query.ground_speed >=3.8 && query.variant == 4"}],"on_entry":["@s exhaust:backfire"]},"gear4":{"transitions":[{"gear5":"query.ground_speed >=3.8 && query.variant == 5"}],"on_entry":["@s exhaust:backfire"]},"gear5":{"transitions":[{"gear6":"query.ground_speed >=3.8 && query.variant == 6"}],"on_entry":["@s exhaust:backfire"]},"gear6":{"transitions":[{"default":"query.ground_speed >=3.8 && query.variant == 1"}],"on_entry":["@s exhaust:backfire"]}}},"controller.animation.shelby.car.gear.description":{"states":{"default":{"transitions":[{"gear1":"query.variant == 1"},{"gear2":"query.variant == 2"},{"gear3":"query.variant == 3"},{"gear4":"query.variant == 4"},{"gear5":"query.variant == 5"},{"gear6":"query.variant == 6"}]},"gear1":{"transitions":[{"default":"(1.0)"}],"on_entry":["/title @a[r=2.4,c=2] actionbar Gear 1 >> Gear 2"]},"gear2":{"transitions":[{"default":"(1.0)"}],"on_entry":["/title @a[r=2.4,c=2] actionbar Gear 2 >> Gear 3"]},"gear3":{"transitions":[{"default":"(1.0)"}],"on_entry":["/title @a[r=2.4,c=2] actionbar Gear 3 >> Gear 4"]},"gear4":{"transitions":[{"default":"(1.0)"}],"on_entry":["/title @a[r=2.4,c=2] actionbar Gear 4 >> Gear 5"]},"gear5":{"transitions":[{"default":"(1.0)"}],"on_entry":["/title @a[r=2.4,c=2] actionbar Gear 5 >> Gear 6"]},"gear6":{"transitions":[{"default":"(1.0)"}],"on_entry":["/title @a[r=2.4,c=2] actionbar Gear 6 >> Gear 1"]}}}}}