{
  "format_version": "1.8.0",
  "minecraft:entity": {
    "description": {
      "identifier": "gas_pump:explode",
      "is_spawnable": false,
      "is_summonable": true,
      "is_experimental": false
    },

    "components": {
      "minecraft:explode": {
        "fuseLength": 0,
        "fuseLit": true,
        "power": 3,
        "causesFire": true,
        "fireAffectedByGriefing": true,
        "destroyAffectedByGriefing": true,
        "breaks_blocks": true
      },
      "minecraft:collision_box": { "width": 0.5, "height": 0.5 },
      "minecraft:physics": {}
    }
  }
}
