{
	"file_path": "C:\\Users\\windows10\\AppData\\Local\\Packages\\Microsoft.MinecraftUWP_8wekyb3d8bbwe\\LocalState\\games\\com.mojang\\development_resource_packs\\OmegaFLowey UPDATE\\animation_controllers\\flowey.json",
	"file_type": "rp_animation_controller",
	"format_version": 1,
	"file_uuid": "f8d2fad0_7cd3_497b_a618_b3ae31dee2af",
	"file_version": 11,
	"cache_content": {
		"children": [
			{
				"data": "1.10.0",
				"key": "format_version"
			},
			{
				"open": {
					"format_version": "1.10.0",
					"animation_controllers": {
						"controller.animation.flowey": {
							"states": {
								"default": {
									"transitions": [
										{
											"flytrap": "query.is_casting && query.variant == 1"
										}
									]
								},
								"flytrap": {
									"animations": [
										"attack"
									],
									"transitions": [
										{
											"default": "!query.is_casting && query.all_animations_finished == 0"
										}
									]
								}
							}
						},
						"controller.animation.flowey1": {
							"states": {
								"default": {
									"transitions": [
										{
											"omegafire": "query.variant == 2"
										}
									]
								},
								"omegafire": {
									"animations": [
										"attack2"
									],
									"transitions": [
										{
											"default": "query.all_animations_finished == 0"
										}
									]
								}
							}
						},
						"controller.animation.flowey3": {
							"states": {
								"default": {
									"transitions": [
										{
											"vines": "query.is_casting && query.variant == 3"
										}
									]
								},
								"vines": {
									"animations": [
										"attack3"
									],
									"transitions": [
										{
											"default": "query.all_animations_finished == 0"
										}
									]
								}
							}
						}
					}
				},
				"key": "animation_controllers",
				"children": [
					{
						"open": {
							"controller.animation.flowey": {
								"states": {
									"default": {
										"transitions": [
											{
												"flytrap": "query.is_casting && query.variant == 1"
											}
										]
									},
									"flytrap": {
										"animations": [
											"attack"
										],
										"transitions": [
											{
												"default": "!query.is_casting && query.all_animations_finished == 0"
											}
										]
									}
								}
							},
							"controller.animation.flowey1": {
								"states": {
									"default": {
										"transitions": [
											{
												"omegafire": "query.variant == 2"
											}
										]
									},
									"omegafire": {
										"animations": [
											"attack2"
										],
										"transitions": [
											{
												"default": "query.all_animations_finished == 0"
											}
										]
									}
								}
							},
							"controller.animation.flowey3": {
								"states": {
									"default": {
										"transitions": [
											{
												"vines": "query.is_casting && query.variant == 3"
											}
										]
									},
									"vines": {
										"animations": [
											"attack3"
										],
										"transitions": [
											{
												"default": "query.all_animations_finished == 0"
											}
										]
									}
								}
							}
						},
						"key": "controller.animation.flowey",
						"children": [
							{
								"open": {
									"states": {
										"default": {
											"transitions": [
												{
													"flytrap": "query.is_casting && query.variant == 1"
												}
											]
										},
										"flytrap": {
											"animations": [
												"attack"
											],
											"transitions": [
												{
													"default": "!query.is_casting && query.all_animations_finished == 0"
												}
											]
										}
									}
								},
								"key": "states",
								"children": [
									{
										"open": {
											"default": {
												"transitions": [
													{
														"flytrap": "query.is_casting && query.variant == 1"
													}
												]
											},
											"flytrap": {
												"animations": [
													"attack"
												],
												"transitions": [
													{
														"default": "!query.is_casting && query.all_animations_finished == 0"
													}
												]
											}
										},
										"key": "default",
										"children": [
											{
												"open": {
													"transitions": [
														{
															"flytrap": "query.is_casting && query.variant == 1"
														}
													]
												},
												"key": "transitions",
												"children": [
													{
														"open": [
															{
																"flytrap": "query.is_casting && query.variant == 1"
															}
														],
														"is_minified": true,
														"children": {
															"flytrap": "query.is_casting && query.variant == 1"
														}
													}
												]
											}
										]
									},
									{
										"open": {
											"default": {
												"transitions": [
													{
														"flytrap": "query.is_casting && query.variant == 1"
													}
												]
											},
											"flytrap": {
												"animations": [
													"attack"
												],
												"transitions": [
													{
														"default": "!query.is_casting && query.all_animations_finished == 0"
													}
												]
											}
										},
										"key": "flytrap",
										"children": [
											{
												"open": {
													"animations": [
														"attack"
													],
													"transitions": [
														{
															"default": "!query.is_casting && query.all_animations_finished == 0"
														}
													]
												},
												"key": "animations",
												"is_minified": true,
												"children": [
													"attack"
												]
											},
											{
												"open": {
													"animations": [
														"attack"
													],
													"transitions": [
														{
															"default": "!query.is_casting && query.all_animations_finished == 0"
														}
													]
												},
												"key": "transitions",
												"children": [
													{
														"open": [
															{
																"default": "!query.is_casting && query.all_animations_finished == 0"
															}
														],
														"is_minified": true,
														"children": {
															"default": "!query.is_casting && query.all_animations_finished == 0"
														}
													}
												]
											}
										]
									}
								]
							}
						]
					},
					{
						"open": {
							"controller.animation.flowey": {
								"states": {
									"default": {
										"transitions": [
											{
												"flytrap": "query.is_casting && query.variant == 1"
											}
										]
									},
									"flytrap": {
										"animations": [
											"attack"
										],
										"transitions": [
											{
												"default": "!query.is_casting && query.all_animations_finished == 0"
											}
										]
									}
								}
							},
							"controller.animation.flowey1": {
								"states": {
									"default": {
										"transitions": [
											{
												"omegafire": "query.variant == 2"
											}
										]
									},
									"omegafire": {
										"animations": [
											"attack2"
										],
										"transitions": [
											{
												"default": "query.all_animations_finished == 0"
											}
										]
									}
								}
							},
							"controller.animation.flowey3": {
								"states": {
									"default": {
										"transitions": [
											{
												"vines": "query.is_casting && query.variant == 3"
											}
										]
									},
									"vines": {
										"animations": [
											"attack3"
										],
										"transitions": [
											{
												"default": "query.all_animations_finished == 0"
											}
										]
									}
								}
							}
						},
						"key": "controller.animation.flowey1",
						"children": [
							{
								"open": {
									"states": {
										"default": {
											"transitions": [
												{
													"omegafire": "query.variant == 2"
												}
											]
										},
										"omegafire": {
											"animations": [
												"attack2"
											],
											"transitions": [
												{
													"default": "query.all_animations_finished == 0"
												}
											]
										}
									}
								},
								"key": "states",
								"children": [
									{
										"open": {
											"default": {
												"transitions": [
													{
														"omegafire": "query.variant == 2"
													}
												]
											},
											"omegafire": {
												"animations": [
													"attack2"
												],
												"transitions": [
													{
														"default": "query.all_animations_finished == 0"
													}
												]
											}
										},
										"key": "default",
										"children": [
											{
												"open": {
													"transitions": [
														{
															"omegafire": "query.variant == 2"
														}
													]
												},
												"key": "transitions",
												"children": [
													{
														"open": [
															{
																"omegafire": "query.variant == 2"
															}
														],
														"is_minified": true,
														"children": {
															"omegafire": "query.variant == 2"
														}
													}
												]
											}
										]
									},
									{
										"open": {
											"default": {
												"transitions": [
													{
														"omegafire": "query.variant == 2"
													}
												]
											},
											"omegafire": {
												"animations": [
													"attack2"
												],
												"transitions": [
													{
														"default": "query.all_animations_finished == 0"
													}
												]
											}
										},
										"key": "omegafire",
										"children": [
											{
												"open": {
													"animations": [
														"attack2"
													],
													"transitions": [
														{
															"default": "query.all_animations_finished == 0"
														}
													]
												},
												"key": "animations",
												"is_minified": true,
												"children": [
													"attack2"
												]
											},
											{
												"open": {
													"animations": [
														"attack2"
													],
													"transitions": [
														{
															"default": "query.all_animations_finished == 0"
														}
													]
												},
												"key": "transitions",
												"children": [
													{
														"open": [
															{
																"default": "query.all_animations_finished == 0"
															}
														],
														"is_minified": true,
														"children": {
															"default": "query.all_animations_finished == 0"
														}
													}
												]
											}
										]
									}
								]
							}
						]
					},
					{
						"open": {
							"controller.animation.flowey": {
								"states": {
									"default": {
										"transitions": [
											{
												"flytrap": "query.is_casting && query.variant == 1"
											}
										]
									},
									"flytrap": {
										"animations": [
											"attack"
										],
										"transitions": [
											{
												"default": "!query.is_casting && query.all_animations_finished == 0"
											}
										]
									}
								}
							},
							"controller.animation.flowey1": {
								"states": {
									"default": {
										"transitions": [
											{
												"omegafire": "query.variant == 2"
											}
										]
									},
									"omegafire": {
										"animations": [
											"attack2"
										],
										"transitions": [
											{
												"default": "query.all_animations_finished == 0"
											}
										]
									}
								}
							},
							"controller.animation.flowey3": {
								"states": {
									"default": {
										"transitions": [
											{
												"vines": "query.is_casting && query.variant == 3"
											}
										]
									},
									"vines": {
										"animations": [
											"attack3"
										],
										"transitions": [
											{
												"default": "query.all_animations_finished == 0"
											}
										]
									}
								}
							}
						},
						"key": "controller.animation.flowey3",
						"children": [
							{
								"open": {
									"states": {
										"default": {
											"transitions": [
												{
													"vines": "query.is_casting && query.variant == 3"
												}
											]
										},
										"vines": {
											"animations": [
												"attack3"
											],
											"transitions": [
												{
													"default": "query.all_animations_finished == 0"
												}
											]
										}
									}
								},
								"key": "states",
								"children": [
									{
										"open": {
											"default": {
												"transitions": [
													{
														"vines": "query.is_casting && query.variant == 3"
													}
												]
											},
											"vines": {
												"animations": [
													"attack3"
												],
												"transitions": [
													{
														"default": "query.all_animations_finished == 0"
													}
												]
											}
										},
										"key": "default",
										"children": [
											{
												"open": {
													"transitions": [
														{
															"vines": "query.is_casting && query.variant == 3"
														}
													]
												},
												"key": "transitions",
												"children": [
													{
														"open": [
															{
																"vines": "query.is_casting && query.variant == 3"
															}
														],
														"is_minified": true,
														"children": {
															"vines": "query.is_casting && query.variant == 3"
														}
													}
												]
											}
										]
									},
									{
										"open": {
											"default": {
												"transitions": [
													{
														"vines": "query.is_casting && query.variant == 3"
													}
												]
											},
											"vines": {
												"animations": [
													"attack3"
												],
												"transitions": [
													{
														"default": "query.all_animations_finished == 0"
													}
												]
											}
										},
										"key": "vines",
										"children": [
											{
												"open": {
													"animations": [
														"attack3"
													],
													"transitions": [
														{
															"default": "query.all_animations_finished == 0"
														}
													]
												},
												"key": "animations",
												"is_minified": true,
												"children": [
													"attack3"
												]
											},
											{
												"open": {
													"animations": [
														"attack3"
													],
													"transitions": [
														{
															"default": "query.all_animations_finished == 0"
														}
													]
												},
												"key": "transitions",
												"children": [
													{
														"open": [
															{
																"default": "query.all_animations_finished == 0"
															}
														],
														"is_minified": true,
														"children": {
															"default": "query.all_animations_finished == 0"
														}
													}
												]
											}
										]
									}
								]
							}
						]
					}
				]
			}
		]
	}
}