{
	"format_version": "1.12.0",
	"minecraft:geometry": [
		{
			"description": {
				"identifier": "geometry.hp.angkot_suzuki",
				"texture_width": 256,
				"texture_height": 256,
				"visible_bounds_width": 14,
				"visible_bounds_height": 7,
				"visible_bounds_offset": [0, 1.5, 0]
			},
			"bones": [
				{
					"name": "body_main",
					"pivot": [0, 0, 0]
				},
				{
					"name": "mainbody",
					"parent": "body_main",
					"pivot": [0, 0, 0]
				},
				{
					"name": "body",
					"parent": "mainbody",
					"pivot": [0, 0, 0]
				},
				{
					"name": "part1",
					"parent": "body",
					"pivot": [0, 0, 0],
					"cubes": [
						{"origin": [-16.6, 3, -16.5], "size": [33.2, 1, 33], "uv": [124, 200]},
						{"origin": [16.2, 0.7, -16.6], "size": [1, 2.4, 33.2], "uv": [185, 97]},
						{"origin": [16.2, 0, 28.2], "size": [1, 2.4, 17.1], "pivot": [0, 0, 0], "rotation": [2, 0, 0], "uv": [202, 114]},
						{"origin": [-17.2, 0, 28.2], "size": [1, 2.4, 17.1], "pivot": [0, 0, 0], "rotation": [2, 0, 0], "uv": [202, 114], "mirror": true},
						{"origin": [15.6, 8.7, 2.4], "size": [1, 2.4, 14.2], "uv": [206, 116]},
						{"origin": [-16.6, 8.7, -16.6], "size": [1, 2.4, 33.2], "uv": [188, 100], "mirror": true},
						{"origin": [15.6, 8.7, -17.2], "size": [1, 2.4, 7.8], "uv": [213, 123]},
						{"origin": [16.2, 0.7, -32.6], "size": [1, 5.4, 4.2], "uv": [216, 126]},
						{"origin": [16.2, 0.7, -36.6], "size": [1, 3.4, 4.2], "uv": [216, 126]},
						{"origin": [-16.5, 2.1, -35.6], "size": [33, 1, 7.2], "uv": [165, 122]},
						{"origin": [-16.5, 0.8, -36.5], "size": [33, 1, 7.2], "uv": [165, 122]},
						{"origin": [13.5, -5.2, -35.9], "size": [1, 6.9, 1], "pivot": [0, 0, 0], "rotation": [-10, 0, 0], "uv": [140, 122]},
						{"origin": [-14.5, -5.2, -35.9], "size": [1, 6.9, 1], "pivot": [0, 0, 0], "rotation": [-10, 0, 0], "uv": [140, 122], "mirror": true},
						{"origin": [-1.1, 2.7, -25.5], "size": [2.2, 1, 27], "uv": [97, 29]},
						{"origin": [-1.1, 2.7, 1.5], "size": [2.2, 1, 27], "uv": [97, 29]},
						{"origin": [-10.1, 2.7, 21.5], "size": [20.2, 1, 2.2], "uv": [102, 51]},
						{"origin": [-10.1, 2.7, -23.5], "size": [20.2, 1, 2.2], "uv": [102, 51]},
						{"origin": [-15.5, 9.8, -11.5], "size": [31, 1, 28], "uv": [114, 65]},
						{"origin": [-15.5, 9.8, -17.5], "size": [31, 1, 6], "uv": [136, 87]},
						{"origin": [-15.5, 9.8, -33.5], "size": [31, 1, 5.8], "uv": [137, 88]},
						{"origin": [-9.5, 9.8, -27.7], "size": [19, 1, 1], "uv": [142, 93]},
						{"origin": [11.4, 10.2, -11.5], "size": [2, 1, 28], "uv": [114, 65]},
						{"origin": [7.4, 10.2, -11.5], "size": [2, 1, 28], "uv": [114, 65]},
						{"origin": [3.4, 10.2, -11.5], "size": [2, 1, 28], "uv": [114, 65]},
						{"origin": [-9.4, 10.2, -11.5], "size": [2, 1, 28], "uv": [114, 65], "mirror": true},
						{"origin": [-13.4, 10.2, -11.5], "size": [2, 1, 28], "uv": [114, 65], "mirror": true},
						{"origin": [-5.4, 10.2, -11.5], "size": [2, 1, 28], "uv": [114, 65], "mirror": true},
						{"origin": [-1, 10.2, -11.5], "size": [2, 1, 28], "uv": [114, 65], "mirror": true},
						{"origin": [-13.4, 10.2, -13.5], "size": [2, 1, 2], "uv": [140, 91], "mirror": true},
						{"origin": [-9.4, 10.2, -13.5], "size": [2, 1, 2], "uv": [140, 91], "mirror": true},
						{"origin": [-5.4, 10.2, -13.5], "size": [2, 1, 2], "uv": [140, 91], "mirror": true},
						{"origin": [-1, 10.2, -13.5], "size": [2, 1, 2], "uv": [140, 91], "mirror": true},
						{"origin": [3.4, 10.2, -13.5], "size": [2, 1, 2], "uv": [140, 91]},
						{"origin": [7.4, 10.2, -13.5], "size": [2, 1, 2], "uv": [140, 91]},
						{"origin": [-5.4, 10.2, 15.5], "size": [2, 1, 26], "uv": [116, 67], "mirror": true},
						{"origin": [-9.4, 10.2, 15.5], "size": [2, 1, 26], "uv": [116, 67], "mirror": true},
						{"origin": [-1, 10.2, 15.5], "size": [2, 1, 26], "uv": [116, 67], "mirror": true},
						{"origin": [3.4, 10.2, 15.5], "size": [2, 1, 26], "uv": [116, 67]},
						{"origin": [7.4, 10.2, 15.5], "size": [2, 1, 26], "uv": [116, 67]},
						{"origin": [-15.5, 13.8, -13.5], "size": [7.1, 1, 29], "uv": [89, 25]},
						{"origin": [-9.5, 10.8, -13.5], "size": [1, 3, 2], "uv": [192, 0]},
						{"origin": [-15.5, 10.8, -13.5], "size": [6, 1, 2], "uv": [192, 0]},
						{"origin": [-15.5, 10.8, 13.5], "size": [6, 1, 2], "uv": [192, 0]},
						{"origin": [-9.5, 10.8, 13.5], "size": [1, 3, 2], "uv": [192, 0]},
						{"origin": [-15.5, 10.8, 29.5], "size": [6, 1, 2], "uv": [192, 0]},
						{"origin": [-9.5, 10.8, 29.5], "size": [1, 3, 2], "uv": [192, 0]},
						{"origin": [-15.5, 10.8, 39.5], "size": [6, 1, 2], "uv": [192, 0]},
						{"origin": [-9.5, 10.8, 39.5], "size": [1, 3, 2], "uv": [192, 0]},
						{"origin": [9.5, 10.8, 39.5], "size": [6, 1, 2], "uv": [192, 0], "mirror": true},
						{"origin": [8.5, 10.8, 39.5], "size": [1, 3, 2], "uv": [192, 0], "mirror": true},
						{"origin": [10.5, 10.8, 2.9], "size": [1, 3, 1], "uv": [193, 1], "mirror": true},
						{"origin": [14.1, 10.8, 2.9], "size": [1, 3, 1], "uv": [193, 1], "mirror": true},
						{"origin": [11.1, 10.8, 2.9], "size": [3.2, 1, 1], "uv": [193, 1], "mirror": true},
						{"origin": [8.5, 10.8, 13.5], "size": [1, 3, 2], "uv": [192, 0], "mirror": true},
						{"origin": [9.5, 10.8, 13.5], "size": [6, 1, 2], "uv": [192, 0], "mirror": true},
						{"origin": [8.5, 10.8, 29.5], "size": [1, 3, 2], "uv": [192, 0], "mirror": true},
						{"origin": [9.5, 10.8, 29.5], "size": [6, 1, 2], "uv": [192, 0], "mirror": true},
						{"origin": [-15.5, 13.8, 15.5], "size": [7.1, 1, 27], "uv": [91, 27]},
						{"origin": [8.4, 13.8, 15.5], "size": [7.1, 1, 27], "uv": [91, 27], "mirror": true},
						{"origin": [8.4, 13.8, 7.5], "size": [7.1, 1, 8], "uv": [110, 46], "mirror": true},
						{"origin": [10.4, 13.8, 2.7], "size": [5.1, 1, 4.8], "uv": [114, 50], "mirror": true},
						{"origin": [-5, 13.8, -13.5], "size": [10, 1, 5], "uv": [113, 49], "mirror": true},
						{"origin": [-5, 9.8, -13.5], "size": [10, 4, 4], "uv": [137, 79], "mirror": true},
						{"origin": [-15.5, 9.8, -14.5], "size": [31, 10, 1], "uv": [146, 74]},
						{"origin": [-15.5, 19.8, -14.5], "size": [3, 14, 1], "uv": [146, 74]},
						{"origin": [12.5, 19.8, -14.5], "size": [3, 14, 1], "uv": [146, 74], "mirror": true},
						{"origin": [-12.5, 30.8, -14.5], "size": [25, 3, 1], "uv": [146, 74], "mirror": true},
						{"origin": [-2, 28.7, -27.6], "size": [4, 2, 1], "pivot": [0, 0, 0], "rotation": [-2.5, 0, 0], "uv": [128, 42], "mirror": true},
						{"origin": [-2, 28.7, -27.4], "size": [4, 2, 1], "inflate": -0.1, "pivot": [0, 0, 0], "rotation": [-2.5, 0, 0], "uv": [27, 111], "mirror": true},
						{"origin": [-0.5, 29.8, -27.7], "size": [1, 3.2, 1], "pivot": [0, 0, 0], "rotation": [-2.5, 0, 0], "uv": [128, 42], "mirror": true},
						{"origin": [12.5, 3.8, -9.5], "size": [1, 6, 13], "uv": [174, 66]},
						{"origin": [12.8, 4.2, -9.5], "size": [3, 1, 12], "uv": [175, 67]},
						{"origin": [15.5, 3.2, -9.5], "size": [1, 2, 12], "uv": [124, 242]},
						{"origin": [13.5, 3.8, 2.5], "size": [2, 6, 1], "uv": [164, 77]},
						{"origin": [13.5, 3.8, -10.5], "size": [2, 6, 1], "uv": [164, 77]},
						{"origin": [-10.5, 9.8, 15.5], "size": [21, 1, 13], "uv": [120, 78]},
						{"origin": [-15.5, 9.8, 28.5], "size": [31, 1, 13], "uv": [120, 78]},
						{"origin": [-0.5, 34.05, 20.8], "size": [16, 1, 20.1], "uv": [0, 178]},
						{"origin": [-0.5, 34.05, 0.8], "size": [16, 1, 20.1], "uv": [0, 178]},
						{"origin": [-0.5, 34.05, -19.2], "size": [16, 1, 20.1], "uv": [0, 178]},
						{"origin": [-0.5, 34.05, -26.2], "size": [16, 1, 7.1], "uv": [13, 191]},
						{"origin": [-15.5, 34.05, -26.2], "size": [15, 1, 7.1], "uv": [13, 191], "mirror": true},
						{"origin": [-15.5, 34.05, -19.2], "size": [15, 1, 20.1], "uv": [0, 178], "mirror": true},
						{"origin": [-15.5, 34.05, 0.8], "size": [15, 1, 20.1], "uv": [0, 178], "mirror": true},
						{"origin": [-15.5, 34.05, 20.8], "size": [15, 1, 20.1], "uv": [0, 178], "mirror": true},
						{"origin": [-15.5, 33.85, -26.2], "size": [31, 1, 16.1], "uv": [120, 73]},
						{"origin": [-15.5, 33.85, -10.2], "size": [31, 1, 16.1], "uv": [120, 73]},
						{"origin": [-1, 33.15, -5.2], "size": [2, 1, 4], "uv": [0, 81]},
						{"origin": [-1, 33.55, -5.2], "size": [2, 1, 4], "inflate": 0.2, "uv": [126, 81]},
						{"origin": [-15.5, 33.85, 21.8], "size": [31, 1, 18.1], "uv": [118, 71]},
						{"origin": [-15.5, 33.85, 5.8], "size": [31, 1, 16.1], "uv": [120, 73]},
						{"origin": [-14.75, 34.05, -26.7], "size": [29.5, 1, 1], "uv": [2, 188]},
						{"origin": [-16.5, 4, -16.5], "size": [1, 7, 33], "uv": [124, 200]},
						{"origin": [15.5, 4, 2.5], "size": [1, 7, 14], "uv": [143, 219], "mirror": true},
						{"origin": [16, 2, 11.4], "size": [1, 8.8, 5.2], "uv": [236, 103], "mirror": true},
						{"origin": [16, 2, -16.6], "size": [1, 6.3, 1.9], "uv": [240, 107], "mirror": true},
						{"origin": [15.9, 2, -30.3], "size": [1, 6.3, 1.9], "uv": [240, 107], "mirror": true},
						{"origin": [15.5, 10.7, 15.1], "size": [1, 1, 1.4], "uv": [156, 232], "mirror": true},
						{"origin": [16, 10.7, 15], "size": [1, 1, 1.5], "uv": [240, 107], "mirror": true},
						{"origin": [15.5, 4, -16.5], "size": [1, 7, 7], "uv": [150, 226], "mirror": true},
						{"origin": [15.5, 12, -23], "size": [1, 2, 1], "uv": [157, 233], "mirror": true},
						{"origin": [15.5, 13.7, -11.8], "size": [1, 4, 2], "pivot": [0, 0, 0], "rotation": [25, 0, 0], "uv": [155, 231], "mirror": true},
						{"origin": [15.5, 19.5, 3.6], "size": [1, 6, 2], "pivot": [0, 0, 0], "rotation": [70, 0, 0], "uv": [155, 231], "mirror": true},
						{"origin": [15.5, -22.78617, -20.99091], "size": [1, 6, 2], "pivot": [0, 0, 0], "rotation": [-70, 0, 0], "uv": [155, 231], "mirror": true},
						{"origin": [-15.5, 19.5, -5.6], "size": [6, 6, 2], "pivot": [0, 0, 0], "rotation": [-70, 0, 0], "uv": [171, 81], "mirror": true},
						{"origin": [-15.5, 12, 22], "size": [6, 2, 1], "uv": [173, 83], "mirror": true},
						{"origin": [-15.5, 9.9, 16.4], "size": [6, 2, 1], "uv": [173, 83], "mirror": true},
						{"origin": [-15.5, 9.9, 27.6], "size": [6, 2, 1], "uv": [173, 83], "mirror": true},
						{"origin": [-10.5, 9.9, 18.6], "size": [1, 2.4, 8], "uv": [166, 76], "mirror": true},
						{"origin": [-15.5, -22.78617, 18.99091], "size": [6, 6, 2], "pivot": [0, 0, 0], "rotation": [70, 0, 0], "uv": [171, 81], "mirror": true},
						{"origin": [-15.5, 9.9, -28.6], "size": [6, 2, 1], "uv": [173, 83], "mirror": true},
						{"origin": [-15.5, -22.78617, -20.99091], "size": [6, 6, 2], "pivot": [0, 0, 0], "rotation": [-70, 0, 0], "uv": [171, 81], "mirror": true},
						{"origin": [-10.5, 9.9, -27.9], "size": [1, 2.4, 10.5], "uv": [164, 74], "mirror": true},
						{"origin": [-15.5, 12, -23], "size": [6, 2, 1], "uv": [173, 83], "mirror": true},
						{"origin": [-15.5, 19.5, 3.6], "size": [6, 6, 2], "pivot": [0, 0, 0], "rotation": [70, 0, 0], "uv": [171, 81], "mirror": true},
						{"origin": [-15.5, 9.9, -17.4], "size": [6, 2, 1], "uv": [173, 83], "mirror": true},
						{"origin": [9.5, 9.9, -28.6], "size": [6, 2, 1], "uv": [173, 83]},
						{"origin": [9.5, -22.78617, -20.99091], "size": [6, 6, 2], "pivot": [0, 0, 0], "rotation": [-70, 0, 0], "uv": [171, 81]},
						{"origin": [9.5, 9.9, -27.9], "size": [1, 2.4, 10.5], "uv": [164, 74]},
						{"origin": [9.5, 12, -23], "size": [6, 2, 1], "uv": [173, 83]},
						{"origin": [9.5, 19.5, 3.6], "size": [6, 6, 2], "pivot": [0, 0, 0], "rotation": [70, 0, 0], "uv": [171, 81]},
						{"origin": [9.5, 9.9, -17.4], "size": [6, 2, 1], "uv": [173, 83]},
						{"origin": [-10.5, 10.8, -26.7], "size": [21, 1, 9.2], "uv": [124, 82]},
						{"origin": [9.5, 9.9, 18.6], "size": [1, 2.4, 8], "uv": [166, 76]},
						{"origin": [9.5, -22.78617, 18.99091], "size": [6, 6, 2], "pivot": [0, 0, 0], "rotation": [70, 0, 0], "uv": [171, 81]},
						{"origin": [9.5, 12, 22], "size": [6, 2, 1], "uv": [173, 83]},
						{"origin": [9.5, 19.5, -5.6], "size": [6, 6, 2], "pivot": [0, 0, 0], "rotation": [-70, 0, 0], "uv": [171, 81]},
						{"origin": [9.5, 9.9, 16.4], "size": [6, 2, 1], "uv": [173, 83]},
						{"origin": [9.5, 9.9, 27.6], "size": [6, 2, 1], "uv": [173, 83]},
						{"origin": [15.5, -5.31782, -30.98385], "size": [1, 4, 2], "pivot": [0, 0, 0], "rotation": [-25, 0, 0], "uv": [155, 231], "mirror": true},
						{"origin": [15.5, 19.5, -5.6], "size": [1, 6, 2], "pivot": [0, 0, 0], "rotation": [-70, 0, 0], "uv": [155, 231], "mirror": true},
						{"origin": [15.5, -5.31782, 28.98385], "size": [1, 4, 2], "pivot": [0, 0, 0], "rotation": [25, 0, 0], "uv": [155, 231], "mirror": true},
						{"origin": [15.5, 13.7, 9.8], "size": [1, 4, 2], "pivot": [0, 0, 0], "rotation": [-25, 0, 0], "uv": [155, 231], "mirror": true},
						{"origin": [15.5, -22.78617, 18.99091], "size": [1, 6, 2], "pivot": [0, 0, 0], "rotation": [70, 0, 0], "uv": [155, 231], "mirror": true},
						{"origin": [15.5, 12, 22], "size": [1, 2, 1], "uv": [157, 233], "mirror": true},
						{"origin": [16, -5.31782, 28.88385], "size": [1, 4, 2.1], "pivot": [0, 0, 0], "rotation": [25, 0, 0], "uv": [227, 110], "mirror": true},
						{"origin": [16, -22.78617, 18.89091], "size": [1, 6, 2.1], "pivot": [0, 0, 0], "rotation": [70, 0, 0], "uv": [227, 110], "mirror": true},
						{"origin": [16, 19.5, -5.6], "size": [1, 6, 2.1], "pivot": [0, 0, 0], "rotation": [-70, 0, 0], "uv": [227, 110], "mirror": true},
						{"origin": [16, 11.4, 20.9], "size": [1, 2.6, 3], "uv": [227, 110], "mirror": true},
						{"origin": [16, 12, -23.1], "size": [1, 2, 1], "inflate": 0.01, "uv": [229, 112], "mirror": true},
						{"origin": [16, 13.7, 9.8], "size": [1, 4, 2.1], "pivot": [0, 0, 0], "rotation": [-25, 0, 0], "uv": [227, 110], "mirror": true},
						{"origin": [16, -5.31782, -30.98385], "size": [1, 4, 2.1], "inflate": 0.01, "pivot": [0, 0, 0], "rotation": [-25, 0, 0], "uv": [227, 110], "mirror": true},
						{"origin": [16, -22.78617, -20.99091], "size": [1, 6, 2.1], "inflate": 0.01, "pivot": [0, 0, 0], "rotation": [-70, 0, 0], "uv": [227, 110], "mirror": true},
						{"origin": [16, 19.5, 3.5], "size": [1, 6, 2.1], "inflate": 0.01, "pivot": [0, 0, 0], "rotation": [70, 0, 0], "uv": [227, 110], "mirror": true},
						{"origin": [16, 13.7, -11.9], "size": [1, 4, 2.1], "inflate": 0.01, "pivot": [0, 0, 0], "rotation": [25, 0, 0], "uv": [227, 110], "mirror": true},
						{"origin": [-16.5, 19.5, -5.6], "size": [1, 6, 2], "pivot": [0, 0, 0], "rotation": [-70, 0, 0], "uv": [155, 231]},
						{"origin": [-16.5, -5.31782, 28.98385], "size": [1, 4, 2], "pivot": [0, 0, 0], "rotation": [25, 0, 0], "uv": [155, 231]},
						{"origin": [-16.5, 13.7, 9.8], "size": [1, 4, 2], "pivot": [0, 0, 0], "rotation": [-25, 0, 0], "uv": [155, 231]},
						{"origin": [-16.5, -22.78617, 18.99091], "size": [1, 6, 2], "pivot": [0, 0, 0], "rotation": [70, 0, 0], "uv": [155, 231]},
						{"origin": [-16.5, 12, 22], "size": [1, 2, 1], "uv": [157, 233]},
						{"origin": [15.5, 4, -34.5], "size": [1, 7, 6], "uv": [151, 227], "mirror": true},
						{"origin": [16, 3.05, -29.7], "size": [1, 2.3, 1.2], "uv": [157, 233], "mirror": true},
						{"origin": [16, 3.05, -30.8], "size": [1, 1.3, 1.2], "uv": [157, 233], "mirror": true},
						{"origin": [16, 13, -30.2], "size": [1, 1, 3.6], "pivot": [0, 0, 0], "rotation": [17.5, 0, 0], "uv": [154, 230], "mirror": true},
						{"origin": [-17, 3.05, -30.8], "size": [1, 1.3, 1.2], "uv": [157, 233]},
						{"origin": [-17, 3.05, -29.7], "size": [1, 2.3, 1.2], "uv": [157, 233]},
						{"origin": [-17, 13, -30.2], "size": [1, 1, 3.6], "pivot": [0, 0, 0], "rotation": [17.5, 0, 0], "uv": [154, 230]},
						{"origin": [-16.5, 4, -34.5], "size": [1, 7, 6], "uv": [151, 227]},
						{"origin": [-16.5, 4, -16.5], "size": [1, 7, 8], "uv": [149, 225]},
						{"origin": [15.5, 4, 28.5], "size": [1, 10, 3], "uv": [154, 230], "mirror": true},
						{"origin": [15.5, 5.3, 42.5], "size": [1, 7.7, 1], "uv": [156, 232], "mirror": true},
						{"origin": [-15.5, 5.3, 42.5], "size": [31, 7.7, 1], "uv": [156, 232], "mirror": true},
						{"origin": [-16.5, 5.4, 43.5], "size": [33, 1, 1], "uv": [156, 232], "mirror": true},
						{"origin": [-16.5, 7, 43.5], "size": [33, 1, 1], "uv": [156, 232], "mirror": true},
						{"origin": [-16.5, 5.4, 43.3], "size": [33, 2.6, 1], "uv": [156, 232], "mirror": true},
						{"origin": [15.1, 8.3, 42.7], "size": [1.5, 2.5, 1], "uv": [73, 80], "mirror": true},
						{"origin": [15.1, 12, 42.7], "size": [1.5, 1.9, 1], "uv": [42, 79], "mirror": true},
						{"origin": [-16.6, 8.3, 42.7], "size": [1.5, 2.5, 1], "uv": [73, 80]},
						{"origin": [15.1, 10.8, 42.7], "size": [1.5, 1.2, 1], "uv": [8, 81], "mirror": true},
						{"origin": [-16.6, 10.8, 42.7], "size": [1.5, 1.2, 1], "uv": [8, 81]},
						{"origin": [-16.6, 12, 42.7], "size": [1.5, 1.9, 1], "uv": [42, 79]},
						{"origin": [-16.5, 6.2, 44.8], "size": [33, 1, 1], "uv": [90, 50], "mirror": true},
						{"origin": [-16.5, 7.5, 44.8], "size": [33, 1, 1], "uv": [188, 139], "mirror": true},
						{"origin": [12.5, 5.3, 44.3], "size": [1, 2.3, 1], "uv": [95, 44], "mirror": true},
						{"origin": [-13.5, 5.3, 44.3], "size": [1, 2.3, 1], "uv": [95, 44]},
						{"origin": [-16.5, 5.3, 42.5], "size": [1, 7.7, 1], "uv": [156, 232]},
						{"origin": [15.5, 10, 31.5], "size": [1, 4, 12], "uv": [145, 221], "mirror": true},
						{"origin": [15.5, 11.5, 16.5], "size": [1, 2.5, 12], "uv": [145, 221], "mirror": true},
						{"origin": [16, 12, 16.4], "size": [1, 2.1, 12.1], "uv": [224, 104], "mirror": true},
						{"origin": [15.5, 1.05, 15.45], "size": [1, 1.9, 6], "pivot": [0, 0, 0], "rotation": [32.5, 0, 0], "uv": [153, 229], "mirror": true},
						{"origin": [16, 1.05, 15.45], "size": [1, 2, 6], "pivot": [0, 0, 0], "rotation": [32.5, 0, 0], "uv": [226, 111], "mirror": true},
						{"origin": [-16.5, 3, -30.8], "size": [33, 1, 2.3], "uv": [155, 231]},
						{"origin": [-15.5, 4, -30.5], "size": [31, 6, 2], "uv": [147, 75]},
						{"origin": [-15.5, 4, -16.4], "size": [31, 6, 1], "uv": [148, 76]},
						{"origin": [-15.5, 4, 28.6], "size": [31, 6, 1], "uv": [148, 76]},
						{"origin": [-15.5, 4, 15.5], "size": [31, 6, 1], "uv": [148, 76]},
						{"origin": [-17, -1, -35.4], "size": [34, 1, 1], "pivot": [0, 0, 0], "rotation": [-7.5, 0, 0], "uv": [157, 233]},
						{"origin": [-17, -1, -35.4], "size": [1, 1, 4.5], "pivot": [0, 0, 0], "rotation": [-7.5, 0, 0], "uv": [153, 229]},
						{"origin": [16, -1, -35.4], "size": [1, 1, 4.5], "pivot": [0, 0, 0], "rotation": [-7.5, 0, 0], "uv": [153, 229], "mirror": true},
						{"origin": [-12.5, 9, -35.1], "size": [25, 2, 1], "uv": [157, 233]},
						{"origin": [-5, 6.4, -35.9], "size": [10, 3, 1], "pivot": [0, 0, 0], "rotation": [-2.5, 0, 0], "uv": [234, 86]},
						{"origin": [3.2, 6.4, -36.2], "size": [1, 1, 1], "inflate": -0.2, "pivot": [0, 0, 0], "rotation": [-2.5, 0, 0], "uv": [240, 0]},
						{"origin": [3.6, 6.4, -36.2], "size": [1, 2, 1], "inflate": -0.2, "pivot": [0, 0, 0], "rotation": [-2.5, 0, 0], "uv": [240, 0]},
						{"origin": [3.2, 7.4, -36.2], "size": [1, 1, 1], "inflate": -0.2, "pivot": [0, 0, 0], "rotation": [-2.5, 0, 0], "uv": [240, 0]},
						{"origin": [3.3, 8.4, -36.2], "size": [1.3, 1, 1], "inflate": -0.2, "pivot": [0, 0, 0], "rotation": [-2.5, 0, 0], "uv": [240, 0]},
						{"origin": [2.7, 6.4, -36.2], "size": [1, 3, 1], "inflate": -0.2, "pivot": [0, 0, 0], "rotation": [-2.5, 0, 0], "uv": [240, 0]},
						{"origin": [1.8, 7.4, -36.2], "size": [1, 1, 1], "inflate": -0.2, "pivot": [0, 0, 0], "rotation": [-2.5, 0, 0], "uv": [240, 0]},
						{"origin": [-0.3, 6.4, -36.2], "size": [1.6, 1, 1], "inflate": -0.2, "pivot": [0, 0, 0], "rotation": [-2.5, 0, 0], "uv": [240, 0]},
						{"origin": [0.9, 6.4, -36.2], "size": [1, 3, 1], "inflate": -0.2, "pivot": [0, 0, 0], "rotation": [-2.5, 0, 0], "uv": [240, 0]},
						{"origin": [0.3, 7.4, -36.2], "size": [1, 1, 1], "inflate": -0.2, "pivot": [0, 0, 0], "rotation": [-2.5, 0, 0], "uv": [240, 0]},
						{"origin": [-0.3, 7.4, -36.2], "size": [1, 2, 1], "inflate": -0.2, "pivot": [0, 0, 0], "rotation": [-2.5, 0, 0], "uv": [240, 0]},
						{"origin": [-1.5, 6.4, -36.2], "size": [1, 3, 1], "inflate": -0.2, "pivot": [0, 0, 0], "rotation": [-2.5, 0, 0], "uv": [240, 0]},
						{"origin": [-2.1, 7.4, -36.2], "size": [1, 1, 1], "inflate": -0.2, "pivot": [0, 0, 0], "rotation": [-2.5, 0, 0], "uv": [240, 0]},
						{"origin": [-2.1, 8.4, -36.2], "size": [1, 1, 1], "inflate": -0.2, "pivot": [0, 0, 0], "rotation": [-2.5, 0, 0], "uv": [240, 0]},
						{"origin": [-2.7, 6.4, -36.2], "size": [1, 3, 1], "inflate": -0.2, "pivot": [0, 0, 0], "rotation": [-2.5, 0, 0], "uv": [240, 0]},
						{"origin": [-3.9, 8.4, -36.2], "size": [1, 1, 1], "inflate": -0.2, "pivot": [0, 0, 0], "rotation": [-2.5, 0, 0], "uv": [240, 0]},
						{"origin": [-3.9, 7.4, -36.2], "size": [1, 1, 1], "inflate": -0.2, "pivot": [0, 0, 0], "rotation": [-2.5, 0, 0], "uv": [240, 0]},
						{"origin": [-4.5, 6.4, -36.2], "size": [1, 3, 1], "inflate": -0.2, "pivot": [0, 0, 0], "rotation": [-2.5, 0, 0], "uv": [240, 0]},
						{"origin": [3.5, 11.6, 42.8], "size": [1, 3, 1], "inflate": -0.2, "pivot": [0, 0, 0], "rotation": [-2.5, 0, 0], "uv": [240, 0], "mirror": true},
						{"origin": [2.9, 12.6, 42.8], "size": [1, 1, 1], "inflate": -0.2, "pivot": [0, 0, 0], "rotation": [-2.5, 0, 0], "uv": [240, 0], "mirror": true},
						{"origin": [2.9, 13.6, 42.8], "size": [1, 1, 1], "inflate": -0.2, "pivot": [0, 0, 0], "rotation": [-2.5, 0, 0], "uv": [240, 0], "mirror": true},
						{"origin": [1.7, 11.6, 42.8], "size": [1, 3, 1], "inflate": -0.2, "pivot": [0, 0, 0], "rotation": [-2.5, 0, 0], "uv": [240, 0], "mirror": true},
						{"origin": [1.1, 13.6, 42.8], "size": [1, 1, 1], "inflate": -0.2, "pivot": [0, 0, 0], "rotation": [-2.5, 0, 0], "uv": [240, 0], "mirror": true},
						{"origin": [1.1, 12.6, 42.8], "size": [1, 1, 1], "inflate": -0.2, "pivot": [0, 0, 0], "rotation": [-2.5, 0, 0], "uv": [240, 0], "mirror": true},
						{"origin": [0.5, 11.6, 42.8], "size": [1, 3, 1], "inflate": -0.2, "pivot": [0, 0, 0], "rotation": [-2.5, 0, 0], "uv": [240, 0], "mirror": true},
						{"origin": [-0.7, 12.6, 42.8], "size": [1, 2, 1], "inflate": -0.2, "pivot": [0, 0, 0], "rotation": [-2.5, 0, 0], "uv": [240, 0], "mirror": true},
						{"origin": [-1.3, 12.6, 42.8], "size": [1, 1, 1], "inflate": -0.2, "pivot": [0, 0, 0], "rotation": [-2.5, 0, 0], "uv": [240, 0], "mirror": true},
						{"origin": [-1.9, 11.6, 42.8], "size": [1, 3, 1], "inflate": -0.2, "pivot": [0, 0, 0], "rotation": [-2.5, 0, 0], "uv": [240, 0], "mirror": true},
						{"origin": [-1.3, 11.6, 42.8], "size": [1.6, 1, 1], "inflate": -0.2, "pivot": [0, 0, 0], "rotation": [-2.5, 0, 0], "uv": [240, 0], "mirror": true},
						{"origin": [-2.8, 12.6, 42.8], "size": [1, 1, 1], "inflate": -0.2, "pivot": [0, 0, 0], "rotation": [-2.5, 0, 0], "uv": [240, 0], "mirror": true},
						{"origin": [-3.7, 11.6, 42.8], "size": [1, 3, 1], "inflate": -0.2, "pivot": [0, 0, 0], "rotation": [-2.5, 0, 0], "uv": [240, 0], "mirror": true},
						{"origin": [-4.6, 13.6, 42.8], "size": [1.3, 1, 1], "inflate": -0.2, "pivot": [0, 0, 0], "rotation": [-2.5, 0, 0], "uv": [240, 0], "mirror": true},
						{"origin": [-4.2, 12.6, 42.8], "size": [1, 1, 1], "inflate": -0.2, "pivot": [0, 0, 0], "rotation": [-2.5, 0, 0], "uv": [240, 0], "mirror": true},
						{"origin": [-4.6, 11.6, 42.8], "size": [1, 2, 1], "inflate": -0.2, "pivot": [0, 0, 0], "rotation": [-2.5, 0, 0], "uv": [240, 0], "mirror": true},
						{"origin": [-4.2, 11.6, 42.8], "size": [1, 1, 1], "inflate": -0.2, "pivot": [0, 0, 0], "rotation": [-2.5, 0, 0], "uv": [240, 0], "mirror": true},
						{"origin": [-5, 11.6, 42.4], "size": [10, 3, 1], "pivot": [0, 0, 0], "rotation": [-2.5, 0, 0], "uv": [234, 86]},
						{"origin": [-16.2, 9.6, -35.3], "size": [4, 1, 1], "uv": [35, 77]},
						{"origin": [-17.9, 13.9, -34.6], "size": [5.2, 1, 1], "pivot": [0, 0, 0], "rotation": [0, 0, 7.5], "uv": [170, 138]},
						{"origin": [12.7, 13.9, -34.6], "size": [5.2, 1, 1], "pivot": [0, 0, 0], "rotation": [0, 0, -7.5], "uv": [170, 138], "mirror": true},
						{"origin": [12.2, 9.6, -35.3], "size": [4, 1, 1], "uv": [35, 77], "mirror": true},
						{"origin": [-10.5, 4.2, -35.1], "size": [21, 1, 1], "uv": [157, 233]},
						{"origin": [-14.53136, -1.89139, -35.1], "size": [6, 1.3, 1], "pivot": [0, 0, 0], "rotation": [0, 0, 37.5], "uv": [157, 233]},
						{"origin": [-14.0494, -8.6782, -35.1], "size": [6, 2, 1], "pivot": [0, 0, 0], "rotation": [0, 0, 65], "uv": [157, 233]},
						{"origin": [8.0494, -8.6782, -35.1], "size": [6, 2, 1], "pivot": [0, 0, 0], "rotation": [0, 0, -65], "uv": [157, 233], "mirror": true},
						{"origin": [8.53136, -1.89139, -35.1], "size": [6, 1.3, 1], "pivot": [0, 0, 0], "rotation": [0, 0, -37.5], "uv": [157, 233], "mirror": true},
						{"origin": [-16.5, 3.7, -35.1], "size": [4.7, 7.3, 1], "uv": [157, 233]},
						{"origin": [11.8, 3.7, -35.1], "size": [4.7, 7.3, 1], "uv": [157, 233], "mirror": true},
						{"origin": [-16.25, 10.7, -34.1], "size": [32.5, 4.8, 1], "uv": [157, 233]},
						{"origin": [-16.25, 15.5, -34.1], "size": [32.5, 1.2, 1], "uv": [0, 188]},
						{"origin": [-16.25, 2.4, -37.8], "size": [1.5, 20, 1.5], "pivot": [0, 0, 0], "rotation": [-22.5, 0, 0], "uv": [0, 188]},
						{"origin": [14.75, 2.4, -37.8], "size": [1.5, 20, 1.5], "pivot": [0, 0, 0], "rotation": [-22.5, 0, 0], "uv": [0, 188]},
						{"origin": [1.66809, 6.4, -40.69739], "size": [1.5, 14, 1], "pivot": [0, 0, 0], "rotation": [-23.78773, -18.42031, 7.92945], "uv": [231, 38]},
						{"origin": [-15.25, 19.8, -37.7], "size": [30.5, 2.5, 1], "pivot": [0, 0, 0], "rotation": [-22.5, 0, 0], "uv": [0, 188]},
						{"origin": [-15.25, 19.9, -37.6], "size": [30.5, 2.4, 1], "pivot": [0, 0, 0], "rotation": [-22.5, 0, 0], "uv": [152, 80]},
						{"origin": [-15.25, 2.3, -37.7], "size": [1, 18, 1], "pivot": [0, 0, 0], "rotation": [-22.5, 0, 0], "uv": [7, 186]},
						{"origin": [-14.65, 2.9, -37.7], "size": [1, 18, 1], "inflate": -0.3, "pivot": [0, 0, 0], "rotation": [-22.5, 0, 0], "uv": [196, 34]},
						{"origin": [-15.65, 10.3, -37.4], "size": [1, 18, 1], "inflate": -0.3, "pivot": [0, 0, 0], "rotation": [-17.5, 0, 0], "uv": [121, 102]},
						{"origin": [13.65, 2.9, -37.7], "size": [1, 18, 1], "inflate": -0.3, "pivot": [0, 0, 0], "rotation": [-22.5, 0, 0], "uv": [196, 34], "mirror": true},
						{"origin": [15.25, 5.9, -36.7], "size": [1, 15, 1], "inflate": -0.3, "pivot": [0, 0, 0], "rotation": [-22.5, 0, 0], "uv": [196, 34], "mirror": true},
						{"origin": [-14.35, 16.9, -37.7], "size": [29, 4, 1], "inflate": -0.3, "pivot": [0, 0, 0], "rotation": [-22.5, 0, 0], "uv": [196, 34], "mirror": true},
						{"origin": [-14.35, 5, -37.7], "size": [29, 1, 1], "inflate": -0.3, "pivot": [0, 0, 0], "rotation": [-22.5, 0, 0], "uv": [196, 34], "mirror": true},
						{"origin": [14.25, 2.3, -37.7], "size": [1, 18, 1], "pivot": [0, 0, 0], "rotation": [-22.5, 0, 0], "uv": [7, 186], "mirror": true},
						{"origin": [9.25, 9.3, -37.5], "size": [1, 1, 0], "pivot": [0, 0, 0], "rotation": [-22.5, 0, 0], "uv": [79, 0], "mirror": true},
						{"origin": [12.25, 14.3, -37.5], "size": [1, 1, 0], "pivot": [0, 0, 0], "rotation": [-22.5, 0, 0], "uv": [79, 0], "mirror": true},
						{"origin": [-10.75, 14.7, -37.5], "size": [1, 1, 0], "pivot": [0, 0, 0], "rotation": [-22.5, 0, 0], "uv": [79, 0], "mirror": true},
						{"origin": [-12.75, 5.7, -37.5], "size": [1, 1, 0], "pivot": [0, 0, 0], "rotation": [-22.5, 0, 0], "uv": [79, 0], "mirror": true},
						{"origin": [-13.75, 6.7, -37.5], "size": [1, 1, 0], "pivot": [0, 0, 0], "rotation": [-22.5, 0, 0], "uv": [79, 0], "mirror": true},
						{"origin": [-14.75, 2.3, -37.7], "size": [29, 3.2, 1], "pivot": [0, 0, 0], "rotation": [-22.5, 0, 0], "uv": [0, 188], "mirror": true},
						{"origin": [8.45, 4.2, -38], "size": [6, 1, 1], "inflate": -0.2, "pivot": [0, 0, 0], "rotation": [-22.5, 0, 0], "uv": [72, 0], "mirror": true},
						{"origin": [-16.25, 11.4, -34.4], "size": [32.5, 5, 1], "inflate": -0.1, "uv": [129, 78]},
						{"origin": [-10.25, 12.4, -34.5], "size": [20.5, 3, 1], "inflate": -0.1, "uv": [129, 78]},
						{"origin": [-1.5, 12.9, -34.6], "size": [3, 2, 1], "inflate": -0.1, "uv": [21, 0]},
						{"origin": [-15.75, 11.4, -34.6], "size": [5, 5, 1], "inflate": -0.2, "uv": [0, 77]},
						{"origin": [10.75, 11.4, -34.6], "size": [5, 5, 1], "inflate": -0.2, "uv": [0, 77], "mirror": true},
						{"origin": [15.25, 12.5, -32.6], "size": [1, 3, 14], "uv": [145, 221]},
						{"origin": [15.25, 10.7, -32.6], "size": [1, 2.3, 5.9], "uv": [154, 230]},
						{"origin": [15.25, 10.7, -18.6], "size": [1, 4.8, 9], "uv": [150, 226]},
						{"origin": [15.55, 14.3, -33.3], "size": [1, 3.9, 23.9], "uv": [0, 140]},
						{"origin": [15.75, 17, -20.2], "size": [1, 1, 2.7], "uv": [143, 77]},
						{"origin": [-16.75, 17, -20.2], "size": [1, 1, 2.7], "uv": [143, 77], "mirror": true},
						{"origin": [15.55, 14.3, 2.4], "size": [1, 3.9, 21.6], "uv": [0, 135]},
						{"origin": [15.55, 14.3, 23.5], "size": [1, 3.9, 19.5], "uv": [2, 137]},
						{"origin": [-16.55, 14.3, 13.7], "size": [1, 3.9, 29.3], "uv": [0, 135], "mirror": true},
						{"origin": [-16.55, 14.3, -6.3], "size": [1, 3.9, 20.3], "uv": [9, 144], "mirror": true},
						{"origin": [-16.55, 14.3, -33.3], "size": [1, 3.9, 27.3], "uv": [2, 137], "mirror": true},
						{"origin": [15.55, 14.3, -34], "size": [1, 2.3, 1], "uv": [23, 163]},
						{"origin": [-16.55, 14.3, -34], "size": [1, 2.3, 2.3], "uv": [27, 162], "mirror": true},
						{"origin": [15.55, 2.3, -37.75], "size": [1, 1.8, 1], "pivot": [0, 0, 0], "rotation": [-22.5, 0, 0], "uv": [23, 163]},
						{"origin": [-16.55, 2.3, -37.75], "size": [1, 1.8, 2.3], "pivot": [0, 0, 0], "rotation": [-22.5, 0, 0], "uv": [27, 162], "mirror": true},
						{"origin": [-16.5, -22.78617, -20.99091], "size": [1, 6, 2], "pivot": [0, 0, 0], "rotation": [-70, 0, 0], "uv": [155, 231]},
						{"origin": [-16.5, -5.31782, -30.98385], "size": [1, 4, 2], "pivot": [0, 0, 0], "rotation": [-25, 0, 0], "uv": [155, 231]},
						{"origin": [-16.5, 12, -23], "size": [1, 2, 1], "uv": [157, 233]},
						{"origin": [-16.5, 19.5, 3.6], "size": [1, 6, 2], "pivot": [0, 0, 0], "rotation": [70, 0, 0], "uv": [155, 231]},
						{"origin": [-16.5, 13.7, -11.8], "size": [1, 4, 2], "pivot": [0, 0, 0], "rotation": [25, 0, 0], "uv": [155, 231]},
						{"origin": [-16.25, 10.7, -18.6], "size": [1, 4.8, 10], "uv": [149, 225], "mirror": true},
						{"origin": [-15.95, 12.3, -32.6], "size": [1, 7.2, 18], "uv": [113, 24], "mirror": true},
						{"origin": [-14.95, 16.3, -28.2], "size": [1, 1, 1], "uv": [130, 41], "mirror": true},
						{"origin": [-15.75, 16.3, -20.2], "size": [1, 1, 2.7], "uv": [202, 6], "mirror": true},
						{"origin": [14.75, 16.3, -20.2], "size": [1, 1, 2.7], "uv": [202, 6]},
						{"origin": [-14.25, 16.3, -23.9], "size": [1, 1, 1], "inflate": -0.2, "uv": [130, 41], "mirror": true},
						{"origin": [-14.55, 16.1, -28.2], "size": [1, 1.4, 5.5], "inflate": -0.3, "uv": [126, 37], "mirror": true},
						{"origin": [13.25, 16.3, -23.9], "size": [1, 1, 1], "inflate": -0.2, "uv": [130, 41]},
						{"origin": [13.95, 16.3, -28.2], "size": [1, 1, 1], "uv": [130, 41]},
						{"origin": [13.55, 16.1, -28.2], "size": [1, 1.4, 5.5], "inflate": -0.3, "uv": [126, 37]},
						{"origin": [14.95, 12.3, -32.6], "size": [1, 7.2, 18], "uv": [113, 24]},
						{"origin": [-16.25, 12.5, -32.6], "size": [1, 3, 14], "uv": [145, 221], "mirror": true},
						{"origin": [-16.25, 10.7, -32.6], "size": [1, 2.3, 5.9], "uv": [154, 230], "mirror": true},
						{"origin": [15.25, 15.5, -33.6], "size": [1, 2, 1], "uv": [0, 184]},
						{"origin": [-16.25, 15.5, -33.6], "size": [1, 2, 1], "uv": [0, 184], "mirror": true},
						{"origin": [-16.25, 10.7, -33.6], "size": [1, 4.8, 1], "uv": [158, 234], "mirror": true},
						{"origin": [15.25, 10.7, -33.6], "size": [1, 4.8, 1], "uv": [158, 234]},
						{"origin": [15.25, 19.4, -15.1], "size": [1, 13.3, 5.5], "uv": [5, 186]},
						{"origin": [1.95, 11.3, -15.6], "size": [8, 4.2, 1], "pivot": [0, 0, 0], "rotation": [0, -25, 0], "uv": [158, 234]},
						{"origin": [1.95, 15.5, -15.6], "size": [8, 9.4, 1], "pivot": [0, 0, 0], "rotation": [0, -25, 0], "uv": [26, 181]},
						{"origin": [1.95, 24.3, -15.6], "size": [1, 6.6, 1], "pivot": [0, 0, 0], "rotation": [0, -25, 0], "uv": [25, 186]},
						{"origin": [8.95, 24.3, -15.6], "size": [1, 6.6, 1], "pivot": [0, 0, 0], "rotation": [0, -25, 0], "uv": [25, 186]},
						{"origin": [8.45, 24.3, -15.6], "size": [1, 6.6, 1], "inflate": -0.3, "pivot": [0, 0, 0], "rotation": [0, -25, 0], "uv": [170, 41]},
						{"origin": [2.45, 24.3, -15.6], "size": [1, 6.6, 1], "inflate": -0.3, "pivot": [0, 0, 0], "rotation": [0, -25, 0], "uv": [170, 41]},
						{"origin": [2.45, 24.4, -15.6], "size": [7, 1, 1], "inflate": -0.3, "pivot": [0, 0, 0], "rotation": [0, -25, 0], "uv": [170, 41]},
						{"origin": [2.45, 29.8, -15.6], "size": [7, 1, 1], "inflate": -0.3, "pivot": [0, 0, 0], "rotation": [0, -25, 0], "uv": [170, 41]},
						{"origin": [9.35, 24.3, -15.6], "size": [1, 6.6, 1], "inflate": -0.2, "pivot": [0, 0, 0], "rotation": [0, -25, 0], "uv": [170, 74]},
						{"origin": [9.35, 11.3, -15.6], "size": [1, 6.6, 1], "inflate": -0.2, "pivot": [0, 0, 0], "rotation": [0, -25, 0], "uv": [170, 74]},
						{"origin": [1.95, 30.3, -15.6], "size": [8, 1.7, 1], "pivot": [0, 0, 0], "rotation": [0, -25, 0], "uv": [25, 186]},
						{"origin": [15.25, 18.7, -15.8], "size": [1, 14, 1], "inflate": -0.3, "uv": [183, 33]},
						{"origin": [15.65, 10, -15.8], "size": [1, 9.9, 1], "inflate": -0.3, "uv": [87, 110]},
						{"origin": [15.65, 10, -32.1], "size": [1, 9.9, 1], "inflate": -0.3, "uv": [87, 110]},
						{"origin": [15.85, 7.6, -15.8], "size": [1, 3.8, 1], "inflate": -0.3, "uv": [87, 110]},
						{"origin": [15.85, 7.6, -32.1], "size": [1, 3.8, 1], "inflate": -0.3, "uv": [87, 110]},
						{"origin": [15.85, 7.6, -32.1], "size": [1, 1, 4], "inflate": -0.3, "uv": [84, 107]},
						{"origin": [15.85, 7.6, -17], "size": [1, 1, 2.2], "inflate": -0.3, "uv": [86, 109]},
						{"origin": [15.95, 13.9, -15.8], "size": [1, 4.8, 1], "inflate": -0.3, "uv": [87, 110]},
						{"origin": [15.95, 13.9, -32.1], "size": [1, 4.8, 1], "inflate": -0.3, "uv": [87, 110]},
						{"origin": [-16.85, 7.6, -17], "size": [1, 1, 2.2], "inflate": -0.3, "uv": [86, 109], "mirror": true},
						{"origin": [-16.65, 10, -15.8], "size": [1, 9.9, 1], "inflate": -0.3, "uv": [87, 110], "mirror": true},
						{"origin": [-16.85, 7.6, -15.8], "size": [1, 3.8, 1], "inflate": -0.3, "uv": [87, 110], "mirror": true},
						{"origin": [-16.95, 13.9, -15.8], "size": [1, 4.8, 1], "inflate": -0.3, "uv": [87, 110], "mirror": true},
						{"origin": [-16.65, 10, -32.1], "size": [1, 9.9, 1], "inflate": -0.3, "uv": [87, 110], "mirror": true},
						{"origin": [-16.95, 13.9, -32.1], "size": [1, 4.8, 1], "inflate": -0.3, "uv": [87, 110], "mirror": true},
						{"origin": [-16.85, 7.6, -32.1], "size": [1, 3.8, 1], "inflate": -0.3, "uv": [87, 110], "mirror": true},
						{"origin": [-16.85, 7.6, -32.1], "size": [1, 1, 4], "inflate": -0.3, "uv": [84, 107], "mirror": true},
						{"origin": [15.25, 3.7, -10], "size": [1, 29, 1], "inflate": -0.3, "uv": [183, 33]},
						{"origin": [15.25, 3.7, 1.8], "size": [1, 29, 1], "inflate": -0.3, "uv": [183, 33]},
						{"origin": [15.25, 16.7, 5.7], "size": [1, 16, 1], "inflate": -0.3, "uv": [183, 33]},
						{"origin": [15.25, 16.7, 16.7], "size": [1, 16, 1], "inflate": -0.3, "uv": [183, 33]},
						{"origin": [-16.25, 16.7, 16.7], "size": [1, 16, 1], "inflate": -0.3, "uv": [183, 33], "mirror": true},
						{"origin": [-16.25, 22.7, 17.7], "size": [1, 4, 1], "inflate": -0.3, "uv": [183, 33], "mirror": true},
						{"origin": [15.25, 22.7, 17.7], "size": [1, 4, 1], "inflate": -0.3, "uv": [183, 33]},
						{"origin": [-16.25, 16.7, 5.7], "size": [1, 16, 1], "inflate": -0.3, "uv": [183, 33], "mirror": true},
						{"origin": [-16.25, 16.7, 1.8], "size": [1, 16, 1], "inflate": -0.3, "uv": [183, 33], "mirror": true},
						{"origin": [-16.25, 16.7, -9], "size": [1, 16, 1], "inflate": -0.3, "uv": [183, 33], "mirror": true},
						{"origin": [15.25, 19.3, -31.8], "size": [1, 1, 19], "inflate": -0.3, "uv": [190, 40]},
						{"origin": [15.15, 19.5, -31.8], "size": [2.3, 1, 1], "uv": [208, 58]},
						{"origin": [-17.45, 19.5, -31.8], "size": [2.3, 1, 1], "uv": [208, 58], "mirror": true},
						{"origin": [5.45, 19.9, -35.8], "size": [2, 4, 1], "pivot": [0, 0, 0], "rotation": [0, -20, 0], "uv": [208, 58]},
						{"origin": [5.45, 19.9, -35.6], "size": [2, 4, 1], "inflate": -0.1, "pivot": [0, 0, 0], "rotation": [0, -20, 0], "uv": [141, 0]},
						{"origin": [-7.45, 19.9, -35.6], "size": [2, 4, 1], "inflate": -0.1, "pivot": [0, 0, 0], "rotation": [0, 20, 0], "uv": [141, 0], "mirror": true},
						{"origin": [-7.45, 19.9, -35.8], "size": [2, 4, 1], "pivot": [0, 0, 0], "rotation": [0, 20, 0], "uv": [208, 58], "mirror": true},
						{"origin": [15.25, 31.6, -25.8], "size": [1, 1, 13], "inflate": -0.3, "uv": [196, 46]},
						{"origin": [15.25, 31.5, -9.8], "size": [1, 1, 13], "inflate": -0.3, "uv": [196, 46]},
						{"origin": [15.25, 31.6, 5.2], "size": [1, 1, 24], "inflate": -0.3, "uv": [185, 34]},
						{"origin": [15.25, 19.2, 5.2], "size": [1, 1, 36], "inflate": -0.3, "uv": [173, 23]},
						{"origin": [-16.25, 19.2, 5.2], "size": [1, 1, 36], "inflate": -0.3, "uv": [173, 22], "mirror": true},
						{"origin": [-16.25, 31.6, 5.2], "size": [1, 1, 24], "inflate": -0.3, "uv": [185, 35], "mirror": true},
						{"origin": [-16.25, 31.6, -9.8], "size": [1, 1, 13], "inflate": -0.3, "uv": [196, 46], "mirror": true},
						{"origin": [-16.25, 33.1, 30.2], "size": [1, 1, 10], "inflate": -0.3, "uv": [199, 49], "mirror": true},
						{"origin": [15.25, 33.1, 30.2], "size": [1, 1, 10], "inflate": -0.3, "uv": [199, 49]},
						{"origin": [-16.25, 19.2, -9.8], "size": [1, 1, 13], "inflate": -0.3, "uv": [196, 45], "mirror": true},
						{"origin": [15.25, 4.6, -9.8], "size": [1, 1, 13], "inflate": -0.3, "uv": [196, 46]},
						{"origin": [15.25, 19.4, 2.5], "size": [1, 13.3, 3.5], "uv": [7, 188]},
						{"origin": [-16.25, 19.4, 2.5], "size": [1, 13.3, 3.5], "uv": [7, 188], "mirror": true},
						{"origin": [-16.25, 19.4, -15.1], "size": [1, 13.3, 6.5], "uv": [4, 185], "mirror": true},
						{"origin": [15.25, 21.1, 26], "size": [1, 17.3, 3], "pivot": [0, 0, 0], "rotation": [-5, 0, 0], "uv": [8, 189]},
						{"origin": [14.75, 34.8, 28], "size": [1, 3.6, 1], "pivot": [0, 0, 0], "rotation": [-5, 0, 0], "uv": [10, 192]},
						{"origin": [-15.75, 34.8, 28], "size": [1, 3.6, 1], "pivot": [0, 0, 0], "rotation": [-5, 0, 0], "uv": [10, 192], "mirror": true},
						{"origin": [15.25, 10.1, 43.1], "size": [1, 20.3, 2], "pivot": [0, 0, 0], "rotation": [7.5, 0, 0], "uv": [3, 177]},
						{"origin": [-15.5, 26.1, 43.1], "size": [31, 3.3, 1.9], "pivot": [0, 0, 0], "rotation": [7.5, 0, 0], "uv": [0, 186]},
						{"origin": [-15.5, 26.3, 43], "size": [31, 3.1, 1.9], "pivot": [0, 0, 0], "rotation": [7.5, 0, 0], "uv": [133, 82]},
						{"origin": [-15.5, 10.1, 43.1], "size": [31, 4.2, 2], "pivot": [0, 0, 0], "rotation": [7.5, 0, 0], "uv": [0, 185]},
						{"origin": [15.25, 40.9, -2.3], "size": [1, 1, 2.2], "pivot": [0, 0, 0], "rotation": [37.5, 0, 0], "uv": [18, 191]},
						{"origin": [15.25, 40.4, -2.3], "size": [1, 1, 2.2], "inflate": -0.3, "pivot": [0, 0, 0], "rotation": [37.5, 0, 0], "uv": [200, 43]},
						{"origin": [-16.25, 40.4, -2.3], "size": [1, 1, 2.2], "inflate": -0.3, "pivot": [0, 0, 0], "rotation": [37.5, 0, 0], "uv": [200, 43], "mirror": true},
						{"origin": [-16.25, 31.6, -25.8], "size": [1, 1, 13], "inflate": -0.3, "uv": [196, 46], "mirror": true},
						{"origin": [-16.25, 5.9, -36.7], "size": [1, 15, 1], "inflate": -0.3, "pivot": [0, 0, 0], "rotation": [-22.5, 0, 0], "uv": [196, 34]},
						{"origin": [-16.25, 19.3, -31.8], "size": [1, 1, 19], "inflate": -0.3, "uv": [190, 40], "mirror": true},
						{"origin": [-16.25, 18.7, -15.8], "size": [1, 14, 1], "inflate": -0.3, "uv": [183, 33], "mirror": true},
						{"origin": [-16.25, 40.9, -2.3], "size": [1, 1, 2.2], "pivot": [0, 0, 0], "rotation": [37.5, 0, 0], "uv": [18, 191], "mirror": true},
						{"origin": [15.25, 12.7, 16.5], "size": [1, 2.8, 26], "uv": [132, 208]},
						{"origin": [-15.5, 10.7, 41.5], "size": [31, 8.9, 1], "uv": [157, 233]},
						{"origin": [-15.5, 9.12611, 42.90171], "size": [31, 5.1, 2], "inflate": -0.1, "pivot": [0, 0, 0], "rotation": [7.5, 0, 0], "uv": [93, 36]},
						{"origin": [-15.5, 10.7, 41.3], "size": [31, 8.9, 1], "inflate": -0.1, "uv": [93, 36]},
						{"origin": [-16.3, 13, 42.5], "size": [32.5, 1.9, 1], "uv": [157, 233]},
						{"origin": [-16.25, 33.6, 29.4], "size": [1.5, 2.5, 11.4], "uv": [2, 183], "mirror": true},
						{"origin": [14.75, 33.6, 29.4], "size": [1.5, 2.5, 11.4], "uv": [2, 183]},
						{"origin": [14.65, 34.6, 36.1], "size": [1.5, 2.5, 5.4], "uv": [184, 45]},
						{"origin": [-16.15, 34.6, 36.1], "size": [1.5, 2.5, 5.4], "uv": [184, 45], "mirror": true},
						{"origin": [-15.15, 37.1, 37.1], "size": [30.5, 1, 5.4], "uv": [184, 45], "mirror": true},
						{"origin": [14.85, 37.1, 37.1], "size": [3.5, 1, 5.4], "uv": [168, 133], "mirror": true},
						{"origin": [17.35, 36.1, 37.1], "size": [1, 3, 5.4], "uv": [168, 133], "mirror": true},
						{"origin": [-18.35, 36.1, 37.1], "size": [1, 3, 5.4], "uv": [168, 133]},
						{"origin": [-18.35, 37.1, 37.1], "size": [3.5, 1, 5.4], "uv": [168, 133]},
						{"origin": [-16.25, 10.1, 43.1], "size": [1, 20.3, 2], "pivot": [0, 0, 0], "rotation": [7.5, 0, 0], "uv": [3, 177], "mirror": true},
						{"origin": [-15.5, 9.1, 43.1], "size": [31, 1, 2], "pivot": [0, 0, 0], "rotation": [7.5, 0, 0], "uv": [190, 253]},
						{"origin": [15.25, 9.1, 43.1], "size": [1, 1, 2], "pivot": [0, 0, 0], "rotation": [7.5, 0, 0], "uv": [157, 233]},
						{"origin": [-16.25, 9.1, 43.1], "size": [1, 1, 2], "pivot": [0, 0, 0], "rotation": [7.5, 0, 0], "uv": [157, 233], "mirror": true},
						{"origin": [-14.25, 16.1, 44.4], "size": [1, 1, 0], "pivot": [0, 0, 0], "rotation": [7.5, 0, 0], "uv": [73, 0], "mirror": true},
						{"origin": [-13.25, 23.1, 44.4], "size": [1, 1, 0], "pivot": [0, 0, 0], "rotation": [7.5, 0, 0], "uv": [73, 0], "mirror": true},
						{"origin": [12.75, 23.1, 44.4], "size": [1, 1, 0], "pivot": [0, 0, 0], "rotation": [7.5, 0, 0], "uv": [73, 0], "mirror": true},
						{"origin": [10.75, 16.1, 44.4], "size": [1, 1, 0], "pivot": [0, 0, 0], "rotation": [7.5, 0, 0], "uv": [73, 0], "mirror": true},
						{"origin": [6.75, 19.1, 44.4], "size": [1, 1, 0], "pivot": [0, 0, 0], "rotation": [7.5, 0, 0], "uv": [73, 0], "mirror": true},
						{"origin": [-6.25, 21.1, 44.4], "size": [1, 1, 0], "pivot": [0, 0, 0], "rotation": [7.5, 0, 0], "uv": [73, 0], "mirror": true},
						{"origin": [-0.25, 24.1, 44.4], "size": [1, 1, 0], "pivot": [0, 0, 0], "rotation": [7.5, 0, 0], "uv": [73, 0], "mirror": true},
						{"origin": [2.75, 16.1, 44.4], "size": [1, 1, 0], "pivot": [0, 0, 0], "rotation": [7.5, 0, 0], "uv": [73, 0], "mirror": true},
						{"origin": [9.75, 3, 31.4], "size": [2, 2, 13], "uv": [114, 74], "mirror": true},
						{"origin": [-11.75, 3, 31.4], "size": [2, 2, 13], "uv": [155, 101]},
						{"origin": [-11.25, 25.1, 44.4], "size": [1, 1, 0], "pivot": [0, 0, 0], "rotation": [7.5, 0, 0], "uv": [73, 0], "mirror": true},
						{"origin": [-16.25, 14.1, 42.5], "size": [1, 16.3, 1], "inflate": -0.3, "pivot": [0, 0, 0], "rotation": [7.5, 0, 0], "uv": [200, 34], "mirror": true},
						{"origin": [15.25, 14.1, 42.5], "size": [1, 16.3, 1], "inflate": -0.3, "pivot": [0, 0, 0], "rotation": [7.5, 0, 0], "uv": [200, 34]},
						{"origin": [14.85, 14.1, 44.1], "size": [1, 13.1, 1], "inflate": -0.3, "pivot": [0, 0, 0], "rotation": [7.5, 0, 0], "uv": [200, 34]},
						{"origin": [-15.85, 14.1, 44.1], "size": [1, 13.1, 1], "inflate": -0.3, "pivot": [0, 0, 0], "rotation": [7.5, 0, 0], "uv": [200, 34], "mirror": true},
						{"origin": [-16, 25.6, 44.1], "size": [32, 1, 1], "inflate": -0.3, "pivot": [0, 0, 0], "rotation": [7.5, 0, 0], "uv": [178, 49], "mirror": true},
						{"origin": [-16, 13.8, 44.1], "size": [32, 1, 1], "inflate": -0.3, "pivot": [0, 0, 0], "rotation": [7.5, 0, 0], "uv": [178, 49], "mirror": true},
						{"origin": [-16.25, 21.1, 26], "size": [1, 17.3, 3], "pivot": [0, 0, 0], "rotation": [-5, 0, 0], "uv": [8, 189], "mirror": true},
						{"origin": [-15.85, 19.2, 2.5], "size": [1, 13.5, 3.5], "inflate": -0.2, "uv": [122, 27], "mirror": true},
						{"origin": [-15.85, 19.2, -13.6], "size": [1, 13.5, 5], "inflate": -0.2, "uv": [121, 26], "mirror": true},
						{"origin": [-15.85, 20.9, 26], "size": [1, 16.9, 3], "inflate": -0.2, "pivot": [0, 0, 0], "rotation": [-5, 0, 0], "uv": [123, 28], "mirror": true},
						{"origin": [14.85, 19.2, 2.5], "size": [1, 13.5, 3.5], "inflate": -0.2, "uv": [122, 27]},
						{"origin": [14.85, 20.9, 26], "size": [1, 16.9, 3], "inflate": -0.2, "pivot": [0, 0, 0], "rotation": [-5, 0, 0], "uv": [123, 28]},
						{"origin": [-16.25, 21.1, 25.5], "size": [1, 16.4, 4], "inflate": -0.3, "pivot": [0, 0, 0], "rotation": [-5, 0, 0], "uv": [189, 30], "mirror": true},
						{"origin": [15.25, 21.1, 25.5], "size": [1, 16.4, 4], "inflate": -0.3, "pivot": [0, 0, 0], "rotation": [-5, 0, 0], "uv": [189, 30]},
						{"origin": [-16.25, 32.1, -26.2], "size": [1.5, 3, 27.9], "uv": [5, 189], "mirror": true},
						{"origin": [14.75, 32.1, -26.2], "size": [1.5, 3, 27.9], "uv": [5, 189]},
						{"origin": [14.75, 32.1, 0.8], "size": [1.5, 3, 30.9], "uv": [0, 187]},
						{"origin": [-16.25, 32.1, 0.8], "size": [1.5, 3, 30.9], "uv": [0, 187], "mirror": true},
						{"origin": [14.55, 32.3, -26.3], "size": [1.5, 2.6, 25.9], "uv": [143, 66]},
						{"origin": [14.55, 32.3, -0.4], "size": [1.5, 2.6, 25.9], "uv": [143, 66]},
						{"origin": [14.55, 32.3, 25.2], "size": [1.5, 2.6, 6.4], "uv": [163, 86]},
						{"origin": [-16.05, 32.3, 25.2], "size": [1.5, 2.6, 6.4], "uv": [163, 86], "mirror": true},
						{"origin": [-16.05, 32.3, -0.4], "size": [1.5, 2.6, 25.9], "uv": [143, 66], "mirror": true},
						{"origin": [-16.05, 32.3, -26.3], "size": [1.5, 2.6, 25.9], "uv": [143, 66], "mirror": true},
						{"origin": [11.25, 34.1, -26.2], "size": [1.5, 1, 20], "uv": [0, 180]},
						{"origin": [5.25, 34.1, -26.2], "size": [1.5, 1, 20], "uv": [0, 180]},
						{"origin": [-12.75, 34.1, -26.2], "size": [1.5, 1, 20], "uv": [0, 180]},
						{"origin": [-6.75, 34.1, -26.2], "size": [1.5, 1, 20], "uv": [0, 180]},
						{"origin": [11.25, 34.1, -6.2], "size": [1.5, 1, 20], "uv": [0, 180]},
						{"origin": [5.25, 34.1, -6.2], "size": [1.5, 1, 20], "uv": [0, 180]},
						{"origin": [-6.75, 34.1, -6.2], "size": [1.5, 1, 20], "uv": [0, 180]},
						{"origin": [-12.75, 34.1, -6.2], "size": [1.5, 1, 20], "uv": [0, 180]},
						{"origin": [11.25, 34.1, 13.8], "size": [1.5, 1, 20], "uv": [0, 180]},
						{"origin": [5.25, 34.1, 13.8], "size": [1.5, 1, 20], "uv": [0, 180]},
						{"origin": [-6.75, 34.1, 13.8], "size": [1.5, 1, 20], "uv": [0, 180]},
						{"origin": [-12.75, 34.1, 13.8], "size": [1.5, 1, 20], "uv": [0, 180]},
						{"origin": [-12.75, 34.1, 33.8], "size": [1.5, 1, 6], "uv": [14, 194]},
						{"origin": [-6.75, 34.1, 33.8], "size": [1.5, 1, 6], "uv": [14, 194]},
						{"origin": [5.25, 34.1, 33.8], "size": [1.5, 1, 6], "uv": [14, 194]},
						{"origin": [11.25, 34.1, 33.8], "size": [1.5, 1, 6], "uv": [14, 194]},
						{"origin": [7.85711, 34.93507, -26.5], "size": [1.5, 1, 12], "pivot": [0, 0, 0], "rotation": [0, 0, 12.5], "uv": [170, 43]},
						{"origin": [-9.35711, 34.93507, -26.5], "size": [1.5, 1, 12], "pivot": [0, 0, 0], "rotation": [0, 0, -12.5], "uv": [170, 43], "mirror": true},
						{"origin": [-3.16809, 6.4, -40.69739], "size": [1.5, 14, 1], "pivot": [0, 0, 0], "rotation": [-23.78773, 18.42031, -7.92945], "uv": [231, 38], "mirror": true},
						{"origin": [15.25, 10.7, 2.5], "size": [1, 4.8, 14], "uv": [144, 220]},
						{"origin": [15.25, 15.5, 16.5], "size": [1, 4.1, 26], "uv": [0, 180]},
						{"origin": [15.25, 15.5, 2.5], "size": [1, 4.1, 14], "uv": [12, 192]},
						{"origin": [15.25, 15.5, -18.6], "size": [1, 4.1, 9], "uv": [18, 198]},
						{"origin": [15.25, 15.5, -32.6], "size": [1, 4.1, 14], "uv": [13, 193]},
						{"origin": [-16.25, 10.7, -9.5], "size": [1, 4.8, 26], "uv": [132, 208], "mirror": true},
						{"origin": [-15.65, 21.7, 8.5], "size": [0, 1, 1], "uv": [73, -1], "mirror": true},
						{"origin": [-15.65, 29.7, 7.5], "size": [0, 1, 1], "uv": [73, -1], "mirror": true},
						{"origin": [-15.65, 30.7, 8.5], "size": [0, 1, 1], "uv": [73, -1], "mirror": true},
						{"origin": [-15.65, 30.7, 15.5], "size": [0, 1, 1], "uv": [73, -1], "mirror": true},
						{"origin": [-16.15, 27.7, 18.5], "size": [0, 1, 1], "uv": [73, -1], "mirror": true},
						{"origin": [-15.65, 28.7, 26.5], "size": [0, 1, 1], "uv": [73, -1], "mirror": true},
						{"origin": [-15.65, 30.7, 27.2], "size": [0, 1, 1], "uv": [73, -1], "mirror": true},
						{"origin": [-15.65, 20.5, 23.5], "size": [0, 1, 1], "uv": [73, -1], "mirror": true},
						{"origin": [-15.65, 24.4, 14.3], "size": [0, 1, 1], "uv": [73, -1], "mirror": true},
						{"origin": [-15.65, 29.7, -7.1], "size": [0, 1, 1], "uv": [73, -1], "mirror": true},
						{"origin": [-15.65, 30.7, -6.1], "size": [0, 1, 1], "uv": [73, -1], "mirror": true},
						{"origin": [-15.65, 21.4, -0.3], "size": [0, 1, 1], "uv": [73, -1], "mirror": true},
						{"origin": [-15.65, 30.7, -24.5], "size": [0, 1, 1], "uv": [73, -1], "mirror": true},
						{"origin": [-15.65, 29.7, -25.5], "size": [0, 1, 1], "uv": [73, -1], "mirror": true},
						{"origin": [-15.65, 23.4, -18.7], "size": [0, 1, 1], "uv": [73, -1], "mirror": true},
						{"origin": [-15.65, 30.4, -17.7], "size": [0, 1, 1], "uv": [73, -1], "mirror": true},
						{"origin": [-15.65, 22.4, -28.7], "size": [0, 1, 1], "uv": [73, -1], "mirror": true},
						{"origin": [15.65, 22.4, -28.7], "size": [0, 1, 1], "uv": [73, -1]},
						{"origin": [15.65, 29.7, -25.5], "size": [0, 1, 1], "uv": [73, -1]},
						{"origin": [15.65, 30.7, -24.5], "size": [0, 1, 1], "uv": [73, -1]},
						{"origin": [15.65, 30.4, -17.7], "size": [0, 1, 1], "uv": [73, -1]},
						{"origin": [15.65, 23.4, -18.7], "size": [0, 1, 1], "uv": [73, -1]},
						{"origin": [-15.65, 22.4, -6.3], "size": [0, 1, 1], "uv": [73, -1], "mirror": true},
						{"origin": [-15.65, 24.4, 35.7], "size": [0, 1, 1], "uv": [73, -1], "mirror": true},
						{"origin": [-15.65, 21.3, 38.7], "size": [0, 1, 1], "uv": [73, -1], "mirror": true},
						{"origin": [-15.65, 30.7, 36.9], "size": [0, 1, 1], "uv": [73, -1], "mirror": true},
						{"origin": [15.65, 21.3, 35.9], "size": [0, 1, 1], "uv": [73, -1]},
						{"origin": [15.65, 30.7, 34.1], "size": [0, 1, 1], "uv": [73, -1]},
						{"origin": [15.65, 24.4, 32.9], "size": [0, 1, 1], "uv": [73, -1]},
						{"origin": [15.65, 24.4, 14.3], "size": [0, 1, 1], "uv": [73, -1]},
						{"origin": [15.65, 21.7, 8.5], "size": [0, 1, 1], "uv": [73, -1]},
						{"origin": [15.65, 29.7, 7.5], "size": [0, 1, 1], "uv": [73, -1]},
						{"origin": [15.65, 30.7, 8.5], "size": [0, 1, 1], "uv": [73, -1]},
						{"origin": [15.65, 30.7, 15.5], "size": [0, 1, 1], "uv": [73, -1]},
						{"origin": [15.65, 27.7, 18.5], "size": [0, 1, 1], "uv": [73, -1]},
						{"origin": [15.65, 28.7, 26.5], "size": [0, 1, 1], "uv": [73, -1]},
						{"origin": [15.65, 30.7, 27.2], "size": [0, 1, 1], "uv": [73, -1]},
						{"origin": [15.65, 20.5, 23.5], "size": [0, 1, 1], "uv": [73, -1]},
						{"origin": [-16.6, 3, 28.5], "size": [33.2, 1, 2.5], "uv": [154, 230]},
						{"origin": [-16.6, -2.4, 31], "size": [33.2, 1, 13.7], "pivot": [0, 0, 0], "rotation": [10, 0, 0], "uv": [143, 219]},
						{"origin": [16, 0.1, 28.6], "size": [1, 6.6, 16.1], "pivot": [0, 0, 0], "rotation": [2, 0, 0], "uv": [215, 100]},
						{"origin": [12, 0.1, 43.7], "size": [4, 6.6, 1], "pivot": [0, 0, 0], "rotation": [2, 0, 0], "uv": [233, 116]},
						{"origin": [5.4, 0.1, 43.7], "size": [4, 6.6, 1], "pivot": [0, 0, 0], "rotation": [2, 0, 0], "uv": [233, 116]},
						{"origin": [16, 7.7, 28.3], "size": [1, 6.4, 14.3], "uv": [219, 102]},
						{"origin": [-5.4, 1.1, 43.7], "size": [11, 5.6, 1], "pivot": [0, 0, 0], "rotation": [2, 0, 0], "uv": [231, 116], "mirror": true},
						{"origin": [13, 6.1, 43.2], "size": [2, 6.6, 1], "pivot": [0, 0, 0], "rotation": [2, 0, 0], "uv": [233, 116], "mirror": true},
						{"origin": [-15, 6.1, 43.2], "size": [2, 6.6, 1], "pivot": [0, 0, 0], "rotation": [2, 0, 0], "uv": [233, 116]},
						{"origin": [-14, 6.1, 43.2], "size": [27, 5.6, 1], "pivot": [0, 0, 0], "rotation": [2, 0, 0], "uv": [198, 115]},
						{"origin": [8.6, 3.7, 43.7], "size": [4, 3, 1], "pivot": [0, 0, 0], "rotation": [2, 0, 0], "uv": [233, 116], "mirror": true},
						{"origin": [-12.6, 3.7, 43.7], "size": [4, 3, 1], "pivot": [0, 0, 0], "rotation": [2, 0, 0], "uv": [233, 116]},
						{"origin": [-9.4, 0.1, 43.7], "size": [4, 6.6, 1], "pivot": [0, 0, 0], "rotation": [2, 0, 0], "uv": [233, 116], "mirror": true},
						{"origin": [-16, 0.1, 43.7], "size": [4, 6.6, 1], "pivot": [0, 0, 0], "rotation": [2, 0, 0], "uv": [233, 116], "mirror": true},
						{"origin": [-17, 0.1, 28.6], "size": [1, 6.6, 16.1], "pivot": [0, 0, 0], "rotation": [2, 0, 0], "uv": [215, 100], "mirror": true},
						{"origin": [-17, 7.7, 28.3], "size": [1, 6.4, 14.3], "uv": [219, 102], "mirror": true},
						{"origin": [-17, -22.78617, 18.89091], "size": [1, 6, 2.1], "pivot": [0, 0, 0], "rotation": [70, 0, 0], "uv": [227, 110]},
						{"origin": [-17, -5.31782, 28.88385], "size": [1, 4, 2.1], "pivot": [0, 0, 0], "rotation": [25, 0, 0], "uv": [227, 110]},
						{"origin": [-17, 12, 16.4], "size": [1, 2.1, 12.1], "uv": [224, 104]},
						{"origin": [-17, 1.05, 15.45], "size": [1, 2, 6], "pivot": [0, 0, 0], "rotation": [32.5, 0, 0], "uv": [226, 111]},
						{"origin": [-17, 2, 11.4], "size": [1, 8.8, 5.2], "uv": [236, 103]},
						{"origin": [-17, 19.5, -5.6], "size": [1, 6, 2.1], "pivot": [0, 0, 0], "rotation": [-70, 0, 0], "uv": [227, 110]},
						{"origin": [-17, 13.7, 9.8], "size": [1, 4, 2.1], "pivot": [0, 0, 0], "rotation": [-25, 0, 0], "uv": [227, 110]},
						{"origin": [-17, 10.7, 15], "size": [1, 1, 1.5], "uv": [240, 107]},
						{"origin": [-17, 11.4, 20.9], "size": [1, 2.6, 3], "uv": [227, 110]},
						{"origin": [-17.2, 0.7, -16.6], "size": [1, 2.4, 33.2], "uv": [185, 97], "mirror": true},
						{"origin": [-17, 2, -16.6], "size": [1, 6.3, 1.9], "uv": [240, 107]},
						{"origin": [-17, 13.7, -11.9], "size": [1, 4, 2.1], "inflate": 0.01, "pivot": [0, 0, 0], "rotation": [25, 0, 0], "uv": [227, 110]},
						{"origin": [-17, 19.5, 3.5], "size": [1, 6, 2.1], "inflate": 0.01, "pivot": [0, 0, 0], "rotation": [70, 0, 0], "uv": [227, 110]},
						{"origin": [-17, 12, -23.1], "size": [1, 2, 1], "inflate": 0.01, "uv": [229, 112]},
						{"origin": [-17, -22.78617, -20.99091], "size": [1, 6, 2.1], "inflate": 0.01, "pivot": [0, 0, 0], "rotation": [-70, 0, 0], "uv": [227, 110]},
						{"origin": [-17, -5.31782, -30.98385], "size": [1, 4, 2.1], "inflate": 0.01, "pivot": [0, 0, 0], "rotation": [-25, 0, 0], "uv": [227, 110]},
						{"origin": [-16.9, 2, -30.3], "size": [1, 6.3, 1.9], "uv": [240, 107]},
						{"origin": [-17.2, 0.7, -32.6], "size": [1, 5.4, 4.2], "uv": [216, 126], "mirror": true},
						{"origin": [-17.2, 0.7, -36.6], "size": [1, 3.4, 4.2], "uv": [216, 126], "mirror": true},
						{"origin": [15.5, -1.4, 31], "size": [1, 6, 12.7], "pivot": [0, 0, 0], "rotation": [10, 0, 0], "uv": [144, 220]},
						{"origin": [-16.5, 4, 28.5], "size": [1, 10, 3], "uv": [154, 230]},
						{"origin": [-16.5, 10, 31.5], "size": [1, 4, 12], "uv": [145, 221]},
						{"origin": [-16.5, -1.4, 31], "size": [1, 6, 12.7], "pivot": [0, 0, 0], "rotation": [10, 0, 0], "uv": [144, 220], "mirror": true},
						{"origin": [-16.25, 12.7, 16.5], "size": [1, 2.8, 26], "uv": [132, 208], "mirror": true},
						{"origin": [-16.25, 15.5, -9.5], "size": [1, 4.1, 26], "uv": [0, 180], "mirror": true},
						{"origin": [-16.25, 15.5, 16.5], "size": [1, 4.1, 26], "uv": [0, 180], "mirror": true},
						{"origin": [-16.25, 15.5, -18.6], "size": [1, 4.1, 10], "uv": [17, 197], "mirror": true},
						{"origin": [-16.25, 15.5, -32.6], "size": [1, 4.1, 14], "uv": [13, 193], "mirror": true},
						{"origin": [-15.85, 12.7, -13.5], "size": [1, 6.8, 30], "uv": [94, 17], "mirror": true},
						{"origin": [-15.85, 14.7, 16.5], "size": [1, 4.8, 26], "uv": [98, 21], "mirror": true},
						{"origin": [14.85, 14.7, 11.5], "size": [1, 4.8, 31], "uv": [93, 16]},
						{"origin": [14.85, 14.7, 2.7], "size": [1, 4.8, 8.8], "uv": [116, 39]},
						{"origin": [-16.5, 11.5, 16.5], "size": [1, 2.5, 12], "uv": [145, 221]},
						{"origin": [-16.5, 1.05, 15.45], "size": [1, 1.9, 6], "pivot": [0, 0, 0], "rotation": [32.5, 0, 0], "uv": [153, 229]},
						{"origin": [-16.5, 10.7, 15.1], "size": [1, 1, 1.4], "uv": [156, 232]},
						{"origin": [-16.5, -1.4, 31], "size": [1, 6, 12.7], "pivot": [0, 0, 0], "rotation": [10, 0, 0], "uv": [144, 220], "mirror": true},
						{"origin": [-10.5, 3, 16], "size": [21, 1, 12.5], "uv": [144, 220]},
						{"origin": [-10.5, 4, 16], "size": [21, 6, 12.5], "uv": [148, 71]},
						{"origin": [-10.5, 3, -29], "size": [21, 1, 12.5], "uv": [144, 220]},
						{"origin": [-10.5, 4, -29], "size": [21, 6, 12.5], "uv": [134, 69]}
					]
				},
				{
					"name": "brake",
					"parent": "mainbody",
					"pivot": [0, 0, 0],
					"cubes": [
						{"origin": [11.9, 3.44519, 20.14025], "size": [3.76, 3.88, 1.76], "uv": [75, 80]},
						{"origin": [-15.66, 3.44519, 20.14025], "size": [3.76, 3.88, 1.76], "uv": [75, 80], "mirror": true}
					]
				},
				{
					"name": "interior",
					"parent": "mainbody",
					"pivot": [0, 0, 0]
				},
				{
					"name": "int",
					"parent": "interior",
					"pivot": [0, 0, 0],
					"cubes": [
						{"origin": [0, 15.1, -31.1], "size": [15.5, 3.61, 2], "uv": [172, 73]},
						{"origin": [3, 15.2, -30.6], "size": [10, 3.11, 2], "uv": [113, 35]},
						{"origin": [6, 17.2, -30.3], "size": [4, 1.01, 2], "inflate": -0.2, "uv": [161, 0]},
						{"origin": [-15, 15.1, -31.1], "size": [15.5, 3.61, 2], "uv": [172, 73]},
						{"origin": [-15, 12.4, -31.7], "size": [30.5, 2.71, 1], "uv": [156, 75]},
						{"origin": [-15, 11.9, -31.7], "size": [13.5, 1, 1], "uv": [173, 74]},
						{"origin": [1.5, 11.9, -31.7], "size": [13.5, 1, 1], "uv": [173, 74], "mirror": true},
						{"origin": [-13, 15.2, -29.9], "size": [10, 3.9, 1], "uv": [74, 115]},
						{"origin": [-14, 17.1, -30.89], "size": [4, 2, 2], "uv": [244, 0]},
						{"origin": [-15.5, 18.45, -32.39], "size": [31, 1, 4], "inflate": -0.3, "uv": [187, 42]},
						{"origin": [-14.5, 16.6, -31.39], "size": [13, 1, 3], "inflate": -0.3, "uv": [188, 43]},
						{"origin": [-6, 17.1, -30.89], "size": [4, 2, 2], "uv": [244, 0]},
						{"origin": [-1.55, 10.7, -31.2], "size": [3.1, 3, 5], "uv": [193, 80]},
						{"origin": [-1.55, 10.7, -27.2], "size": [3.1, 3, 13.2], "uv": [173, 72]},
						{"origin": [-1.5, 13, -28.2], "size": [3, 1, 6], "inflate": -0.1, "uv": [169, 72]},
						{"origin": [-0.95, 12, -25.2], "size": [1, 1, 3], "inflate": -0.15, "uv": [199, 6]},
						{"origin": [-0.95, 13.2, -28.2], "size": [2, 1, 4], "inflate": -0.15, "uv": [199, 6]},
						{"origin": [-0.8, 2.19965, -30.07515], "size": [1, 2, 1], "inflate": -0.15, "pivot": [0, 0, 0], "rotation": [-22.5, 0, 0], "uv": [27, 5]},
						{"origin": [-0.95, 3.3477, -27.30351], "size": [1, 3, 1], "inflate": -0.2, "pivot": [0, 0, 0], "rotation": [-22.5, 0, 0], "uv": [27, 5]},
						{"origin": [-0.75, 4.19965, -30.07515], "size": [1, 1, 1], "inflate": 0.1, "pivot": [0, 0, 0], "rotation": [-22.5, 0, 0], "uv": [0, 19]},
						{"origin": [-3.5, 18.1, -29.39], "size": [1, 1, 1], "inflate": -0.4, "uv": [3, 80]},
						{"origin": [-3.1, 17.9, -29.39], "size": [1, 1, 1], "inflate": -0.4, "uv": [3, 80]},
						{"origin": [-2.85, 17.5, -29.39], "size": [1, 1, 1], "inflate": -0.4, "uv": [3, 80]},
						{"origin": [-2.8, 17.1, -29.39], "size": [1, 1, 1], "inflate": -0.4, "uv": [3, 80]},
						{"origin": [-3.9, 18.2, -29.39], "size": [1, 1, 1], "inflate": -0.4, "uv": [3, 80]},
						{"origin": [-4.3, 18.1, -29.39], "size": [1, 1, 1], "inflate": -0.4, "uv": [3, 80]},
						{"origin": [-4.7, 17.9, -29.39], "size": [1, 1, 1], "inflate": -0.4, "uv": [3, 80]},
						{"origin": [-4.95, 17.5, -29.39], "size": [1, 1, 1], "inflate": -0.4, "uv": [3, 80]},
						{"origin": [-5, 17.1, -29.39], "size": [1, 1, 1], "inflate": -0.4, "uv": [3, 80]},
						{"origin": [-11.8, 17.1, -29.39], "size": [1, 1, 1], "inflate": -0.4, "uv": [9, 84]},
						{"origin": [-11.85, 17.5, -29.39], "size": [1, 1, 1], "inflate": -0.4, "uv": [9, 84]},
						{"origin": [-12.1, 17.9, -29.39], "size": [1, 1, 1], "inflate": -0.4, "uv": [9, 84]},
						{"origin": [-12.5, 18.1, -29.39], "size": [1, 1, 1], "inflate": -0.4, "uv": [9, 84]},
						{"origin": [-12.9, 18.2, -29.39], "size": [1, 1, 1], "inflate": -0.4, "uv": [9, 84]},
						{"origin": [-13.3, 18.1, -29.39], "size": [1, 1, 1], "inflate": -0.4, "uv": [9, 84]},
						{"origin": [-13.7, 17.9, -29.39], "size": [1, 1, 1], "inflate": -0.4, "uv": [9, 84]},
						{"origin": [-13.95, 17.5, -29.39], "size": [1, 1, 1], "inflate": -0.4, "uv": [9, 84]},
						{"origin": [-14, 17.1, -29.39], "size": [1, 1, 1], "inflate": -0.4, "uv": [9, 84]},
						{"origin": [-5.3, 19.5, -29.6], "size": [1, 1, 1], "inflate": -0.2, "uv": [72, 79]},
						{"origin": [-6.3, 19.4, -29.6], "size": [1, 1, 1], "inflate": -0.2, "uv": [44, 79]},
						{"origin": [-9.5, 19.4, -29.6], "size": [3, 1, 1], "inflate": -0.2, "uv": [150, 5]},
						{"origin": [-11.7, 19.5, -29.6], "size": [1, 1, 1], "inflate": -0.2, "uv": [82, 81]},
						{"origin": [-10.7, 19.4, -29.6], "size": [1, 1, 1], "inflate": -0.2, "uv": [44, 79]},
						{"origin": [-12, 25.59911, -25.37211], "size": [8, 2.1, 3], "inflate": -0.45, "pivot": [0, 0, 0], "rotation": [15, 0, 0], "uv": [69, 115]},
						{"origin": [-12, 25.59911, -25.37211], "size": [8, 2.1, 3], "inflate": -0.45, "pivot": [0, 0, 0], "rotation": [15, 0, 0], "uv": [69, 115]},
						{"origin": [-5, 25.59911, -25.37211], "size": [8, 2.4, 3], "inflate": -0.45, "pivot": [0, 0, 0], "rotation": [15, 0, 0], "uv": [69, 115]},
						{"origin": [-4.6, 25.69911, -25.17211], "size": [4, 2.2, 3], "inflate": -0.45, "pivot": [0, 0, 0], "rotation": [15, 0, 0], "uv": [213, 80]},
						{"origin": [-2.1, 25.69911, -25.17211], "size": [1.5, 2.2, 3], "inflate": -0.44, "pivot": [0, 0, 0], "rotation": [15, 0, 0], "uv": [186, 47]},
						{"origin": [-2, 26.49911, -25.07211], "size": [1.3, 1.3, 3], "inflate": -0.44, "pivot": [0, 0, 0], "rotation": [15, 0, 0], "uv": [24, 1]},
						{"origin": [-2, 25.89911, -25.07211], "size": [1.3, 1.3, 3], "inflate": -0.44, "pivot": [0, 0, 0], "rotation": [15, 0, 0], "uv": [24, 1]},
						{"origin": [-1.2, 25.69911, -25.17211], "size": [4, 2.2, 3], "inflate": -0.45, "pivot": [0, 0, 0], "rotation": [15, 0, 0], "uv": [240, 80]},
						{"origin": [-12, 26.79911, -25.37211], "size": [8, 1.01, 3.2], "inflate": -0.4, "pivot": [0, 0, 0], "rotation": [15, 0, 0], "uv": [191, 52]},
						{"origin": [-5, 27.09911, -25.37211], "size": [8, 1.01, 3.2], "inflate": -0.4, "pivot": [0, 0, 0], "rotation": [15, 0, 0], "uv": [191, 52]},
						{"origin": [-5, 27.09911, -25.37211], "size": [8, 1.01, 3.2], "inflate": -0.4, "pivot": [0, 0, 0], "rotation": [15, 0, 0], "uv": [191, 52]},
						{"origin": [-5, 26.79911, -25.37211], "size": [1, 1.31, 3.2], "inflate": -0.4, "pivot": [0, 0, 0], "rotation": [15, 0, 0], "uv": [191, 52]},
						{"origin": [-10.5, 27.94887, -15.17267], "size": [1, 1.5, 0.1], "pivot": [0, 0, 0], "rotation": [40, 0, 0], "uv": [120, 0]},
						{"origin": [-10.5, 27.94887, -16.37267], "size": [1, 1, 1.4], "inflate": -0.2, "pivot": [0, 0, 0], "rotation": [40, 0, 0], "uv": [120, 0]},
						{"origin": [-8.5, 27.94887, -16.37267], "size": [1, 1, 1.4], "inflate": -0.2, "pivot": [0, 0, 0], "rotation": [40, 0, 0], "uv": [120, 0]},
						{"origin": [-7, 27.94887, -16.37267], "size": [1, 1, 1.4], "inflate": -0.2, "pivot": [0, 0, 0], "rotation": [40, 0, 0], "uv": [120, 0]},
						{"origin": [-8.5, 27.94887, -15.17267], "size": [1, 1.5, 0.1], "pivot": [0, 0, 0], "rotation": [40, 0, 0], "uv": [120, 0]},
						{"origin": [-7, 27.94887, -15.17267], "size": [1, 1.5, 0.1], "pivot": [0, 0, 0], "rotation": [40, 0, 0], "uv": [120, 0]},
						{"origin": [-1.5, 28.43053, -15.54957], "size": [3, 2.4, 3], "pivot": [0, 0, 0], "rotation": [40, 0, 0], "uv": [195, 79]},
						{"origin": [-15, 26.51128, -16.62092], "size": [30.5, 3, 1], "pivot": [0, 0, 0], "rotation": [40, 0, 0], "uv": [145, 78]},
						{"origin": [-1.45, 12.4, -31.2], "size": [3, 6.4, 2.2], "uv": [185, 79]},
						{"origin": [-15.45, 10.4, -31.2], "size": [1, 8.4, 2.2], "uv": [185, 79]},
						{"origin": [14.45, 10.4, -31.2], "size": [1, 8.4, 2.2], "uv": [185, 79], "mirror": true},
						{"origin": [-8.54205, 24.66985, -23.42797], "size": [1, 1, 3], "inflate": -0.1, "pivot": [0, 0, 0], "rotation": [17.5, 0, 0], "uv": [0, 0]}
					]
				},
				{
					"name": "seat",
					"parent": "interior",
					"pivot": [0, 0, 0],
					"cubes": [
						{"origin": [-10.5, 12.2, -25.35], "size": [5, 2, 9], "inflate": -0.05, "uv": [17, 107]},
						{"origin": [-12.5, 12.1, -25.4], "size": [9, 2, 9], "inflate": -0.05, "uv": [56, 118]},
						{"origin": [-13.5, 13.1, -25.4], "size": [1, 2, 9], "inflate": -0.05, "uv": [73, 118]},
						{"origin": [-3.5, 13.1, -25.4], "size": [1, 2, 9], "inflate": -0.05, "uv": [73, 118]},
						{"origin": [-5.5, 11.1, -25.4], "size": [1, 2, 9], "inflate": -0.1, "uv": [150, 76]},
						{"origin": [-11.5, 11.1, -25.4], "size": [1, 2, 9], "inflate": -0.1, "uv": [150, 76]},
						{"origin": [-10.5, 8.68142, -20.90291], "size": [5, 8, 1], "pivot": [0, 0, 0], "rotation": [-14, 0, 0], "uv": [149, 0]},
						{"origin": [-12.5, 8.77305, -20.8401], "size": [9, 8, 2], "pivot": [0, 0, 0], "rotation": [-14, 0, 0], "uv": [63, 110]},
						{"origin": [-13.5, 8.77305, -21.8401], "size": [1, 8, 2], "pivot": [0, 0, 0], "rotation": [-14, 0, 0], "uv": [69, 104]},
						{"origin": [-3.5, 8.77305, -21.8401], "size": [1, 8, 2], "pivot": [0, 0, 0], "rotation": [-14, 0, 0], "uv": [69, 104]},
						{"origin": [-18.458, 17.53912, -15.84327], "size": [1, 3, 2], "pivot": [0, 0, 0], "rotation": [0, 0, 20], "uv": [86, 111]},
						{"origin": [-10.32005, 22.61346, -15.84327], "size": [4.5, 3, 2], "uv": [74, 110]},
						{"origin": [2.29127, 23.05936, -15.84327], "size": [1, 3, 2], "pivot": [0, 0, 0], "rotation": [0, 0, -20], "uv": [86, 111]}
					]
				},
				{
					"name": "seatgp",
					"parent": "seat",
					"pivot": [-7.99999, 22.11039, -14.93475],
					"rotation": [-14, 0, 0],
					"cubes": [
						{"origin": [-18.94324, 15.49859, -15.93475], "size": [2, 3, 2], "pivot": [0, 0, 0], "rotation": [0, 0, 20], "uv": [86, 111]},
						{"origin": [1.90817, 20.9709, -15.93475], "size": [2, 3, 2], "pivot": [0, 0, 0], "rotation": [0, 0, -20], "uv": [86, 111]}
					]
				},
				{
					"name": "seat2",
					"parent": "interior",
					"pivot": [0, 0, 0],
					"cubes": [
						{"origin": [5.5, 12.2, -25.35], "size": [5, 2, 9], "inflate": -0.05, "uv": [17, 107], "mirror": true},
						{"origin": [3.5, 12.1, -25.4], "size": [9, 2, 9], "inflate": -0.05, "uv": [56, 118], "mirror": true},
						{"origin": [12.5, 13.1, -25.4], "size": [1, 2, 9], "inflate": -0.05, "uv": [73, 118], "mirror": true},
						{"origin": [2.5, 13.1, -25.4], "size": [1, 2, 9], "inflate": -0.05, "uv": [73, 118], "mirror": true},
						{"origin": [4.5, 11.1, -25.4], "size": [1, 2, 9], "inflate": -0.1, "uv": [150, 76], "mirror": true},
						{"origin": [10.5, 11.1, -25.4], "size": [1, 2, 9], "inflate": -0.1, "uv": [150, 76], "mirror": true},
						{"origin": [5.5, 8.68142, -20.90291], "size": [5, 8, 1], "pivot": [0, 0, 0], "rotation": [-14, 0, 0], "uv": [149, 0], "mirror": true},
						{"origin": [3.5, 8.77305, -20.8401], "size": [9, 8, 2], "pivot": [0, 0, 0], "rotation": [-14, 0, 0], "uv": [63, 110], "mirror": true},
						{"origin": [12.5, 8.77305, -21.8401], "size": [1, 8, 2], "pivot": [0, 0, 0], "rotation": [-14, 0, 0], "uv": [69, 104], "mirror": true},
						{"origin": [2.5, 8.77305, -21.8401], "size": [1, 8, 2], "pivot": [0, 0, 0], "rotation": [-14, 0, 0], "uv": [69, 104], "mirror": true},
						{"origin": [17.458, 17.53912, -15.84327], "size": [1, 3, 2], "pivot": [0, 0, 0], "rotation": [0, 0, -20], "uv": [86, 111], "mirror": true},
						{"origin": [5.82005, 22.61346, -15.84327], "size": [4.5, 3, 2], "uv": [74, 110], "mirror": true},
						{"origin": [-3.29127, 23.05936, -15.84327], "size": [1, 3, 2], "pivot": [0, 0, 0], "rotation": [0, 0, 20], "uv": [86, 111], "mirror": true}
					]
				},
				{
					"name": "seatgp2",
					"parent": "seat2",
					"pivot": [7.99999, 22.11039, -14.93475],
					"rotation": [-14, 0, 0],
					"cubes": [
						{"origin": [16.94324, 15.49859, -15.93475], "size": [2, 3, 2], "pivot": [0, 0, 0], "rotation": [0, 0, -20], "uv": [86, 111], "mirror": true},
						{"origin": [-3.90817, 20.9709, -15.93475], "size": [2, 3, 2], "pivot": [0, 0, 0], "rotation": [0, 0, 20], "uv": [86, 111], "mirror": true}
					]
				},
				{
					"name": "steering_wheel",
					"parent": "interior",
					"pivot": [-8.075, 17.7581, -26.884],
					"rotation": [20, 0, 0]
				},
				{
					"name": "steer_wheel",
					"parent": "steering_wheel",
					"pivot": [-8.075, 17.75811, -26.88404],
					"cubes": [
						{"origin": [-5.54205, 16.41957, -27.34538], "size": [1, 3.5, 1], "inflate": -0.1, "uv": [2, 11]},
						{"origin": [-9.54205, 18.87682, -27.72791], "size": [3, 1, 1], "inflate": -0.2, "uv": [2, 11]},
						{"origin": [-12.23569, 18.86646, -26.10305], "size": [3, 1, 1], "inflate": -0.2, "pivot": [0, 0, 0], "rotation": [0, -10, 0], "uv": [2, 11]},
						{"origin": [-6.60257, 18.86646, -28.93061], "size": [3, 1, 1], "inflate": -0.2, "pivot": [0, 0, 0], "rotation": [0, 10, 0], "uv": [2, 11]},
						{"origin": [-11.54205, 16.41957, -27.34538], "size": [1, 3.5, 1], "inflate": -0.1, "uv": [2, 11]},
						{"origin": [-9.54205, 17.21099, -27.72409], "size": [3, 2, 1], "uv": [28, 141]},
						{"origin": [-10.24205, 17.61099, -27.52409], "size": [1, 1, 1], "inflate": -0.2, "uv": [30, 141]},
						{"origin": [-9.54205, 17.21099, -27.52409], "size": [3, 2, 1], "inflate": -0.1, "uv": [179, 76]},
						{"origin": [-7.34205, 18.41099, -27.12409], "size": [1, 1, 1], "inflate": -0.4, "uv": [84, 109]},
						{"origin": [-9.74205, 18.41099, -27.12409], "size": [1, 1, 1], "inflate": -0.4, "uv": [84, 109]},
						{"origin": [-7.34205, 17.01099, -27.12409], "size": [1, 1, 1], "inflate": -0.4, "uv": [82, 109]},
						{"origin": [-9.74205, 17.01099, -27.12409], "size": [1, 1, 1], "inflate": -0.4, "uv": [82, 109]},
						{"origin": [-10.24205, 17.61099, -27.22409], "size": [1, 1, 1], "inflate": -0.4, "uv": [129, 28]}
					]
				},
				{
					"name": "speedometer1",
					"parent": "interior",
					"pivot": [-3.45, 17.6, -28.9],
					"cubes": [
						{"origin": [-3.9, 17.1, -29.4], "size": [2, 1, 1], "inflate": -0.45, "uv": [39, 79]}
					]
				},
				{
					"name": "speedometer2",
					"parent": "interior",
					"pivot": [-12.45, 17.6, -28.9],
					"cubes": [
						{"origin": [-12.9, 17.1, -29.4], "size": [2, 1, 1], "inflate": -0.45, "uv": [42, 79]}
					]
				},
				{
					"name": "wiper1",
					"parent": "mainbody",
					"pivot": [-14, 18.5, -32.7],
					"rotation": [60, 0, 0],
					"cubes": [
						{"origin": [-20.4656, 18, -30.77214], "size": [7, 2, 2], "inflate": -0.8, "pivot": [0, 0, 0], "rotation": [0, -10, 0], "uv": [198, 3], "mirror": true},
						{"origin": [-20.4656, 18, -30.77214], "size": [2, 2, 2], "inflate": -0.5, "pivot": [0, 0, 0], "rotation": [0, -10, 0], "uv": [7, 10], "mirror": true},
						{"origin": [-14, 18, -32.7], "size": [12, 2, 2], "inflate": -0.7, "uv": [115, 40], "mirror": true}
					]
				},
				{
					"name": "wiper2",
					"parent": "mainbody",
					"pivot": [2, 18.5, -32.7],
					"rotation": [60, 0, 0],
					"cubes": [
						{"origin": [-4.70868, 18, -33.55051], "size": [7, 2, 2], "inflate": -0.8, "pivot": [0, 0, 0], "rotation": [0, -10, 0], "uv": [198, 3], "mirror": true},
						{"origin": [-4.70868, 18, -33.55051], "size": [2, 2, 2], "inflate": -0.5, "pivot": [0, 0, 0], "rotation": [0, -10, 0], "uv": [7, 10], "mirror": true},
						{"origin": [2, 18, -32.7], "size": [12, 2, 2], "inflate": -0.7, "uv": [115, 40], "mirror": true}
					]
				},
				{
					"name": "backwheels_main",
					"parent": "body_main",
					"pivot": [0, 5.6875, 22.5]
				},
				{
					"name": "3",
					"parent": "backwheels_main",
					"pivot": [-13.59964, 5.71066, 22.67748],
					"rotation": [25, 0, 0],
					"cubes": [
						{"origin": [-16.05848, -14.2768, 14.33359], "size": [4.76, 4.7, 1.88], "pivot": [0, 0, 0], "rotation": [45, 0, 0], "uv": [0, 0], "mirror": true},
						{"origin": [-15.38, -13.32255, 15.99284], "size": [3.76, 3.055, 1.88], "pivot": [0, 0, 0], "rotation": [45, 0, 0], "uv": [38, 0], "mirror": true},
						{"origin": [-16.05848, 20.2306, -1.92015], "size": [4.76, 4.7, 1.88], "pivot": [0, 0, 0], "rotation": [-90, 0, 0], "uv": [0, 10], "mirror": true},
						{"origin": [-16.05848, 17.65698, 15.72021], "size": [4.76, 4.7, 1.88], "pivot": [0, 0, 0], "rotation": [-45, 0, 0], "uv": [0, 10], "mirror": true},
						{"origin": [-16.05848, 3.36354, 26.374], "size": [4.76, 4.7, 1.88], "uv": [0, 10], "mirror": true},
						{"origin": [-16.05848, -14.27681, 23.80039], "size": [4.76, 4.7, 1.88], "pivot": [0, 0, 0], "rotation": [45, 0, 0], "uv": [0, 10], "mirror": true},
						{"origin": [-15.38, -13.48873, 21.98677], "size": [3.76, 3.055, 1.88], "pivot": [0, 0, 0], "rotation": [45, 0, 0], "uv": [38, 0], "mirror": true},
						{"origin": [-16.05848, 20.2306, -11.38695], "size": [4.76, 4.7, 1.88], "pivot": [0, 0, 0], "rotation": [-90, 0, 0], "uv": [0, 0], "mirror": true},
						{"origin": [-15.38, 20.72911, -9.49859], "size": [3.76, 3.525, 2.82], "pivot": [0, 0, 0], "rotation": [-90, 0, 0], "uv": [38, 0], "mirror": true},
						{"origin": [-15.38, 20.72911, -4.70817], "size": [3.76, 3.525, 2.82], "pivot": [0, 0, 0], "rotation": [-90, 0, 0], "uv": [38, 0], "mirror": true},
						{"origin": [-16.05848, 17.65698, 6.2534], "size": [4.76, 4.7, 1.88], "pivot": [0, 0, 0], "rotation": [-45, 0, 0], "uv": [0, 15], "mirror": true},
						{"origin": [-15.38, 18.31922, 7.94117], "size": [3.76, 3.055, 1.88], "pivot": [0, 0, 0], "rotation": [-45, 0, 0], "uv": [38, 0], "mirror": true},
						{"origin": [-15.38, 18.48539, 13.9351], "size": [3.76, 3.055, 1.88], "pivot": [0, 0, 0], "rotation": [-45, 0, 0], "uv": [38, 0], "mirror": true},
						{"origin": [-16.05848, 3.36354, 16.90719], "size": [4.76, 4.7, 1.88], "uv": [0, 5], "mirror": true},
						{"origin": [-15.38, 4.04838, 18.5689], "size": [3.76, 3.29, 6.58], "uv": [38, 0], "mirror": true},
						{"origin": [-15.38, 4.04838, 24.53432], "size": [3.76, 3.29, 1.88], "uv": [38, 0], "mirror": true},
						{"origin": [-15.64598, 4.88573, 21.64944], "size": [3.76, 1.88, 1.88], "uv": [210, 82], "mirror": true}
					]
				},
				{
					"name": "bone4",
					"parent": "3",
					"pivot": [-13.92478, 5.52344, 22.79103],
					"rotation": [-45, 0, 0],
					"cubes": [
						{"origin": [-15.88098, 6.0643, 21.45518], "size": [3.76, 3.76, 1.88], "uv": [72, 0], "mirror": true},
						{"origin": [-15.88098, 1.1763, 21.45518], "size": [3.76, 3.76, 1.88], "uv": [72, 0], "mirror": true},
						{"origin": [-15.88098, 4.59555, 18.10643], "size": [3.76, 1.88, 3.76], "uv": [72, 0], "mirror": true},
						{"origin": [-15.88098, 4.5603, 22.95918], "size": [3.76, 1.88, 3.76], "uv": [72, 0], "mirror": true}
					]
				},
				{
					"name": "bone5",
					"parent": "3",
					"pivot": [-14.00098, 5.72076, 22.49196],
					"rotation": [-90, 0, 0],
					"cubes": [
						{"origin": [-15.88098, 6.27595, 21.54315], "size": [3.76, 3.76, 1.88], "uv": [72, 0], "mirror": true},
						{"origin": [-15.88098, 1.38795, 21.54315], "size": [3.76, 3.76, 1.88], "uv": [72, 0], "mirror": true},
						{"origin": [-15.88098, 4.8072, 18.1944], "size": [3.76, 1.88, 3.76], "uv": [72, 0], "mirror": true},
						{"origin": [-15.88098, 4.77195, 23.04715], "size": [3.76, 1.88, 3.76], "uv": [72, 0], "mirror": true}
					]
				},
				{
					"name": "4",
					"parent": "backwheels_main",
					"pivot": [13.59964, 5.71066, 22.67748],
					"rotation": [25, 0, 0],
					"cubes": [
						{"origin": [11.29848, -14.2768, 14.33359], "size": [4.76, 4.7, 1.88], "pivot": [0, 0, 0], "rotation": [45, 0, 0], "uv": [0, 0]},
						{"origin": [11.62, -13.32255, 15.99284], "size": [3.76, 3.055, 1.88], "pivot": [0, 0, 0], "rotation": [45, 0, 0], "uv": [38, 0]},
						{"origin": [11.29848, 20.2306, -1.92015], "size": [4.76, 4.7, 1.88], "pivot": [0, 0, 0], "rotation": [-90, 0, 0], "uv": [0, 10]},
						{"origin": [11.29848, 17.65698, 15.72021], "size": [4.76, 4.7, 1.88], "pivot": [0, 0, 0], "rotation": [-45, 0, 0], "uv": [0, 10]},
						{"origin": [11.29848, 3.36354, 26.374], "size": [4.76, 4.7, 1.88], "uv": [0, 10]},
						{"origin": [11.29848, -14.27681, 23.80039], "size": [4.76, 4.7, 1.88], "pivot": [0, 0, 0], "rotation": [45, 0, 0], "uv": [0, 10]},
						{"origin": [11.62, -13.48873, 21.98677], "size": [3.76, 3.055, 1.88], "pivot": [0, 0, 0], "rotation": [45, 0, 0], "uv": [38, 0]},
						{"origin": [11.29848, 20.2306, -11.38695], "size": [4.76, 4.7, 1.88], "pivot": [0, 0, 0], "rotation": [-90, 0, 0], "uv": [0, 0]},
						{"origin": [11.62, 20.72911, -9.49859], "size": [3.76, 3.525, 2.82], "pivot": [0, 0, 0], "rotation": [-90, 0, 0], "uv": [38, 0]},
						{"origin": [11.62, 20.72911, -4.70817], "size": [3.76, 3.525, 2.82], "pivot": [0, 0, 0], "rotation": [-90, 0, 0], "uv": [38, 0]},
						{"origin": [11.29848, 17.65698, 6.2534], "size": [4.76, 4.7, 1.88], "pivot": [0, 0, 0], "rotation": [-45, 0, 0], "uv": [0, 15]},
						{"origin": [11.62, 18.31922, 7.94117], "size": [3.76, 3.055, 1.88], "pivot": [0, 0, 0], "rotation": [-45, 0, 0], "uv": [38, 0]},
						{"origin": [11.62, 18.48539, 13.9351], "size": [3.76, 3.055, 1.88], "pivot": [0, 0, 0], "rotation": [-45, 0, 0], "uv": [38, 0]},
						{"origin": [11.29848, 3.36354, 16.90719], "size": [4.76, 4.7, 1.88], "uv": [0, 5]},
						{"origin": [11.62, 4.04838, 18.5689], "size": [3.76, 3.29, 6.58], "uv": [38, 0]},
						{"origin": [11.62, 4.04838, 24.53432], "size": [3.76, 3.29, 1.88], "uv": [38, 0]},
						{"origin": [11.88598, 4.88573, 21.64944], "size": [3.76, 1.88, 1.88], "uv": [210, 82]}
					]
				},
				{
					"name": "bone8",
					"parent": "4",
					"pivot": [13.92478, 5.52344, 22.79103],
					"rotation": [-45, 0, 0],
					"cubes": [
						{"origin": [12.12098, 6.0643, 21.45518], "size": [3.76, 3.76, 1.88], "uv": [72, 0]},
						{"origin": [12.12098, 1.1763, 21.45518], "size": [3.76, 3.76, 1.88], "uv": [72, 0]},
						{"origin": [12.12098, 4.59555, 18.10643], "size": [3.76, 1.88, 3.76], "uv": [72, 0]},
						{"origin": [12.12098, 4.5603, 22.95918], "size": [3.76, 1.88, 3.76], "uv": [72, 0]}
					]
				},
				{
					"name": "bone9",
					"parent": "4",
					"pivot": [14.00098, 5.72076, 22.49196],
					"rotation": [-90, 0, 0],
					"cubes": [
						{"origin": [12.12098, 6.27595, 21.54315], "size": [3.76, 3.76, 1.88], "uv": [72, 0]},
						{"origin": [12.12098, 1.38795, 21.54315], "size": [3.76, 3.76, 1.88], "uv": [72, 0]},
						{"origin": [12.12098, 4.8072, 18.1944], "size": [3.76, 1.88, 3.76], "uv": [72, 0]},
						{"origin": [12.12098, 4.77195, 23.04715], "size": [3.76, 1.88, 3.76], "uv": [72, 0]}
					]
				},
				{
					"name": "front_right",
					"parent": "body_main",
					"pivot": [-11, 5.6875, -22.5]
				},
				{
					"name": "2",
					"parent": "front_right",
					"pivot": [-13.59964, 5.71066, -22.32252],
					"rotation": [25, 0, 0],
					"cubes": [
						{"origin": [-16.05848, 17.54301, -17.48622], "size": [4.76, 4.7, 1.88], "pivot": [0, 0, 0], "rotation": [45, 0, 0], "uv": [0, 0], "mirror": true},
						{"origin": [-15.38, 18.49726, -15.82697], "size": [3.76, 3.055, 1.88], "pivot": [0, 0, 0], "rotation": [45, 0, 0], "uv": [38, 0], "mirror": true},
						{"origin": [-16.05848, -24.7694, -1.92015], "size": [4.76, 4.7, 1.88], "pivot": [0, 0, 0], "rotation": [-90, 0, 0], "uv": [0, 10], "mirror": true},
						{"origin": [-16.05848, -14.16283, -16.0996], "size": [4.76, 4.7, 1.88], "pivot": [0, 0, 0], "rotation": [-45, 0, 0], "uv": [0, 10], "mirror": true},
						{"origin": [-16.05848, 3.36354, -18.626], "size": [4.76, 4.7, 1.88], "uv": [0, 10], "mirror": true},
						{"origin": [-16.05848, 17.543, -8.01942], "size": [4.76, 4.7, 1.88], "pivot": [0, 0, 0], "rotation": [45, 0, 0], "uv": [0, 10], "mirror": true},
						{"origin": [-15.38, 18.33108, -9.83304], "size": [3.76, 3.055, 1.88], "pivot": [0, 0, 0], "rotation": [45, 0, 0], "uv": [38, 0], "mirror": true},
						{"origin": [-16.05848, -24.7694, -11.38695], "size": [4.76, 4.7, 1.88], "pivot": [0, 0, 0], "rotation": [-90, 0, 0], "uv": [0, 0], "mirror": true},
						{"origin": [-15.38, -24.27089, -9.49859], "size": [3.76, 3.525, 2.82], "pivot": [0, 0, 0], "rotation": [-90, 0, 0], "uv": [38, 0], "mirror": true},
						{"origin": [-15.38, -24.27089, -4.70817], "size": [3.76, 3.525, 2.82], "pivot": [0, 0, 0], "rotation": [-90, 0, 0], "uv": [38, 0], "mirror": true},
						{"origin": [-16.05848, -14.16283, -25.56641], "size": [4.76, 4.7, 1.88], "pivot": [0, 0, 0], "rotation": [-45, 0, 0], "uv": [0, 15], "mirror": true},
						{"origin": [-15.38, -13.50059, -23.87864], "size": [3.76, 3.055, 1.88], "pivot": [0, 0, 0], "rotation": [-45, 0, 0], "uv": [38, 0], "mirror": true},
						{"origin": [-15.38, -13.33442, -17.88471], "size": [3.76, 3.055, 1.88], "pivot": [0, 0, 0], "rotation": [-45, 0, 0], "uv": [38, 0], "mirror": true},
						{"origin": [-16.05848, 3.36354, -28.09281], "size": [4.76, 4.7, 1.88], "uv": [0, 5], "mirror": true},
						{"origin": [-15.38, 4.04838, -26.4311], "size": [3.76, 3.29, 6.58], "uv": [38, 0], "mirror": true},
						{"origin": [-15.38, 4.04838, -20.46568], "size": [3.76, 3.29, 1.88], "uv": [38, 0], "mirror": true},
						{"origin": [-15.64598, 4.88573, -23.35056], "size": [3.76, 1.88, 1.88], "uv": [210, 82], "mirror": true}
					]
				},
				{
					"name": "bone2",
					"parent": "2",
					"pivot": [-13.92478, 5.52344, -22.20897],
					"rotation": [-45, 0, 0],
					"cubes": [
						{"origin": [-15.88098, 6.0643, -23.54482], "size": [3.76, 3.76, 1.88], "uv": [72, 0], "mirror": true},
						{"origin": [-15.88098, 1.1763, -23.54482], "size": [3.76, 3.76, 1.88], "uv": [72, 0], "mirror": true},
						{"origin": [-15.88098, 4.59555, -26.89357], "size": [3.76, 1.88, 3.76], "uv": [72, 0], "mirror": true},
						{"origin": [-15.88098, 4.5603, -22.04082], "size": [3.76, 1.88, 3.76], "uv": [72, 0], "mirror": true},
						{"origin": [-15.5, 4.14077, -22.04082], "size": [3.76, 2.88, 2.76], "uv": [75, 82], "mirror": true}
					]
				},
				{
					"name": "bone3",
					"parent": "2",
					"pivot": [-14.00098, 5.72076, -22.50804],
					"rotation": [-90, 0, 0],
					"cubes": [
						{"origin": [-15.88098, 6.27595, -23.45685], "size": [3.76, 3.76, 1.88], "uv": [72, 0], "mirror": true},
						{"origin": [-15.88098, 1.38795, -23.45685], "size": [3.76, 3.76, 1.88], "uv": [72, 0], "mirror": true},
						{"origin": [-15.88098, 4.8072, -26.8056], "size": [3.76, 1.88, 3.76], "uv": [72, 0], "mirror": true},
						{"origin": [-15.88098, 4.77195, -21.95285], "size": [3.76, 1.88, 3.76], "uv": [72, 0], "mirror": true}
					]
				},
				{
					"name": "front_left",
					"parent": "body_main",
					"pivot": [11, 5.6875, -22.5]
				},
				{
					"name": "1",
					"parent": "front_left",
					"pivot": [13.59964, 5.71066, -22.32252],
					"rotation": [25, 0, 0],
					"cubes": [
						{"origin": [11.29848, 17.54301, -17.48622], "size": [4.76, 4.7, 1.88], "pivot": [0, 0, 0], "rotation": [45, 0, 0], "uv": [0, 0]},
						{"origin": [11.62, 18.49726, -15.82697], "size": [3.76, 3.055, 1.88], "pivot": [0, 0, 0], "rotation": [45, 0, 0], "uv": [38, 0]},
						{"origin": [11.29848, -24.7694, -1.92015], "size": [4.76, 4.7, 1.88], "pivot": [0, 0, 0], "rotation": [-90, 0, 0], "uv": [0, 10]},
						{"origin": [11.29848, -14.16283, -16.0996], "size": [4.76, 4.7, 1.88], "pivot": [0, 0, 0], "rotation": [-45, 0, 0], "uv": [0, 10]},
						{"origin": [11.29848, 3.36354, -18.626], "size": [4.76, 4.7, 1.88], "uv": [0, 10]},
						{"origin": [11.29848, 17.543, -8.01942], "size": [4.76, 4.7, 1.88], "pivot": [0, 0, 0], "rotation": [45, 0, 0], "uv": [0, 10]},
						{"origin": [11.62, 18.33108, -9.83304], "size": [3.76, 3.055, 1.88], "pivot": [0, 0, 0], "rotation": [45, 0, 0], "uv": [38, 0]},
						{"origin": [11.29848, -24.7694, -11.38695], "size": [4.76, 4.7, 1.88], "pivot": [0, 0, 0], "rotation": [-90, 0, 0], "uv": [0, 0]},
						{"origin": [11.62, -24.27089, -9.49859], "size": [3.76, 3.525, 2.82], "pivot": [0, 0, 0], "rotation": [-90, 0, 0], "uv": [38, 0]},
						{"origin": [11.62, -24.27089, -4.70817], "size": [3.76, 3.525, 2.82], "pivot": [0, 0, 0], "rotation": [-90, 0, 0], "uv": [38, 0]},
						{"origin": [11.29848, -14.16283, -25.56641], "size": [4.76, 4.7, 1.88], "pivot": [0, 0, 0], "rotation": [-45, 0, 0], "uv": [0, 15]},
						{"origin": [11.62, -13.50059, -23.87864], "size": [3.76, 3.055, 1.88], "pivot": [0, 0, 0], "rotation": [-45, 0, 0], "uv": [38, 0]},
						{"origin": [11.62, -13.33442, -17.88471], "size": [3.76, 3.055, 1.88], "pivot": [0, 0, 0], "rotation": [-45, 0, 0], "uv": [38, 0]},
						{"origin": [11.29848, 3.36354, -28.09281], "size": [4.76, 4.7, 1.88], "uv": [0, 5]},
						{"origin": [11.62, 4.04838, -26.4311], "size": [3.76, 3.29, 6.58], "uv": [38, 0]},
						{"origin": [11.62, 4.04838, -20.46568], "size": [3.76, 3.29, 1.88], "uv": [38, 0]},
						{"origin": [11.88598, 4.88573, -23.35056], "size": [3.76, 1.88, 1.88], "uv": [210, 82]}
					]
				},
				{
					"name": "bone6",
					"parent": "1",
					"pivot": [13.92478, 5.52344, -22.20897],
					"rotation": [-45, 0, 0],
					"cubes": [
						{"origin": [12.12098, 6.0643, -23.54482], "size": [3.76, 3.76, 1.88], "uv": [72, 0]},
						{"origin": [12.12098, 1.1763, -23.54482], "size": [3.76, 3.76, 1.88], "uv": [72, 0]},
						{"origin": [12.12098, 4.59555, -26.89357], "size": [3.76, 1.88, 3.76], "uv": [72, 0]},
						{"origin": [12.12098, 4.5603, -22.04082], "size": [3.76, 1.88, 3.76], "uv": [72, 0]},
						{"origin": [11.74, 4.14077, -22.04082], "size": [3.76, 2.88, 2.76], "uv": [75, 82]}
					]
				},
				{
					"name": "bone7",
					"parent": "1",
					"pivot": [14.00098, 5.72076, -22.50804],
					"rotation": [-90, 0, 0],
					"cubes": [
						{"origin": [12.12098, 6.27595, -23.45685], "size": [3.76, 3.76, 1.88], "uv": [72, 0]},
						{"origin": [12.12098, 1.38795, -23.45685], "size": [3.76, 3.76, 1.88], "uv": [72, 0]},
						{"origin": [12.12098, 4.8072, -26.8056], "size": [3.76, 1.88, 3.76], "uv": [72, 0]},
						{"origin": [12.12098, 4.77195, -21.95285], "size": [3.76, 1.88, 3.76], "uv": [72, 0]}
					]
				}
			]
		}
	]
}