{
	"format_version": "1.12.0",
	"minecraft:geometry": [
		{
			"description": {
				"identifier": "geometry.hp.tuktuk",
				"texture_width": 256,
				"texture_height": 256,
				"visible_bounds_width": 14,
				"visible_bounds_height": 7,
				"visible_bounds_offset": [0, 1.5, 0]
			},
			"bones": [
				{
					"name": "body_main",
					"pivot": [0, 0, 0]
				},
				{
					"name": "mainbody",
					"parent": "body_main",
					"pivot": [0, 0, 0]
				},
				{
					"name": "body",
					"parent": "mainbody",
					"pivot": [0, 0, 0]
				},
				{
					"name": "part1",
					"parent": "body",
					"pivot": [0, 0, 0],
					"cubes": [
						{"origin": [-1, 4.6, -5], "size": [2, 2, 25], "uv": [109, 31]},
						{"origin": [1, 4.5, -4], "size": [6, 2.1, 8], "uv": [196, 45]},
						{"origin": [-3, 4.5, 7], "size": [6, 2.1, 1], "uv": [203, 52]},
						{"origin": [3, 4.1, -3], "size": [6, 3.1, 12], "uv": [192, 41]},
						{"origin": [3, 7.1, -9.3], "size": [6, 2.4, 20.6], "uv": [186, 35]},
						{"origin": [-5, 8.1, -8.3], "size": [10, 2.4, 11.6], "uv": [172, 79]},
						{"origin": [-9, 7.1, -9.3], "size": [6, 2.4, 20.6], "uv": [186, 35], "mirror": true},
						{"origin": [-10, 10.5, -9.3], "size": [20, 4, 12.6], "uv": [115, 71], "mirror": true},
						{"origin": [-10, 6.2, -15.5], "size": [20, 2, 2.6], "pivot": [0, 0, 0], "rotation": [-22.5, 0, 0], "uv": [125, 81], "mirror": true},
						{"origin": [-8.9, 7.1, 2.5], "size": [6, 2.9, 9.6], "pivot": [0, 0, 0], "rotation": [4.9859, -0.30697, -0.22978], "uv": [197, 46], "mirror": true},
						{"origin": [-8.9, 7.3, 12.6], "size": [6, 1.1, 2.6], "pivot": [0, 0, 0], "rotation": [12.4859, -0.30697, -0.22978], "uv": [204, 53], "mirror": true},
						{"origin": [2.9, 7.1, 2.5], "size": [6, 2.9, 9.6], "pivot": [0, 0, 0], "rotation": [4.9859, 0.30697, 0.22978], "uv": [197, 46]},
						{"origin": [2.9, 7.3, 12.6], "size": [6, 1.1, 2.6], "pivot": [0, 0, 0], "rotation": [12.4859, 0.30697, 0.22978], "uv": [204, 53]},
						{"origin": [-9, 10.5, 13], "size": [6, 2.4, 9.6], "uv": [197, 46], "mirror": true},
						{"origin": [-3, 8.5, 12], "size": [6, 4.4, 10.6], "uv": [127, 41], "mirror": true},
						{"origin": [1, 6.5, 3], "size": [1, 2.4, 18.6], "uv": [125, 39], "mirror": true},
						{"origin": [5, 10.9, 24], "size": [2, 2, 7.6], "uv": [189, 3], "mirror": true},
						{"origin": [-2, 6.5, 3], "size": [1, 2.4, 18.6], "uv": [125, 39]},
						{"origin": [3, 10.5, 13], "size": [6, 2.4, 9.6], "uv": [197, 46]},
						{"origin": [-9, 4.1, -3], "size": [6, 3.1, 12], "uv": [192, 41], "mirror": true},
						{"origin": [-7, 4.5, -4], "size": [6, 2.1, 8], "uv": [196, 45], "mirror": true},
						{"origin": [1, 3.95579, -8.93156], "size": [6, 2.1, 4.6], "pivot": [0, 0, 0], "rotation": [-7.5, 0, 0], "uv": [200, 49]},
						{"origin": [-7, 3.95579, -8.93156], "size": [6, 2.1, 4.6], "pivot": [0, 0, 0], "rotation": [-7.5, 0, 0], "uv": [200, 49], "mirror": true},
						{"origin": [1, 8.6984, -4.24713], "size": [6, 2, 1.5], "pivot": [0, 0, 0], "rotation": [32.5, 0, 0], "uv": [204, 53]},
						{"origin": [2.9, 4.58732, -7.19917], "size": [6, 2.1, 4.6], "pivot": [0, 0, 0], "rotation": [-7.5, 0, 0], "uv": [144, 49]},
						{"origin": [2.9, 8.06861, -2.51411], "size": [6, 2, 1.5], "pivot": [0, 0, 0], "rotation": [32.5, 0, 0], "uv": [148, 53]},
						{"origin": [-8.9, 4.58732, -7.19917], "size": [6, 2.1, 4.6], "pivot": [0, 0, 0], "rotation": [-7.5, 0, 0], "uv": [144, 49], "mirror": true},
						{"origin": [-8.9, 8.06861, -2.51411], "size": [6, 2, 1.5], "pivot": [0, 0, 0], "rotation": [32.5, 0, 0], "uv": [148, 53], "mirror": true},
						{"origin": [-7, 8.6984, -4.24713], "size": [6, 2, 1.5], "pivot": [0, 0, 0], "rotation": [32.5, 0, 0], "uv": [204, 53], "mirror": true},
						{"origin": [-4.4, 12.2984, -11.24713], "size": [6.4, 2, 2], "inflate": -0.1, "pivot": [0, 0, 0], "rotation": [32.5, 0, 0], "uv": [0, 0], "mirror": true},
						{"origin": [-4, 12.2984, -11.24713], "size": [1.6, 2, 12], "pivot": [0, 0, 0], "rotation": [32.5, 0, 0], "uv": [138, 42], "mirror": true},
						{"origin": [-0.8, 15.9984, -4.24713], "size": [1.6, 2, 4.4], "pivot": [0, 0, 0], "rotation": [32.5, 0, 0], "uv": [146, 50], "mirror": true},
						{"origin": [-0.8, 16.9984, -4.84713], "size": [1.6, 1, 1], "pivot": [0, 0, 0], "rotation": [32.5, 0, 0], "uv": [149, 53], "mirror": true},
						{"origin": [-4, 12.2984, -9.14713], "size": [1.6, 2, 1], "inflate": 0.1, "pivot": [0, 0, 0], "rotation": [32.5, 0, 0], "uv": [195, 0], "mirror": true},
						{"origin": [-4, 12.2984, -7.64713], "size": [1.6, 2, 1], "inflate": 0.1, "pivot": [0, 0, 0], "rotation": [32.5, 0, 0], "uv": [195, 0], "mirror": true},
						{"origin": [-4, 12.2984, -4.64713], "size": [1.6, 2, 1], "inflate": 0.1, "pivot": [0, 0, 0], "rotation": [32.5, 0, 0], "uv": [195, 0], "mirror": true},
						{"origin": [-4, 12.2984, -6.14713], "size": [1.6, 2, 1], "inflate": 0.1, "pivot": [0, 0, 0], "rotation": [32.5, 0, 0], "uv": [195, 0], "mirror": true},
						{"origin": [1, 6.6, -9.3], "size": [6, 1, 6.5], "uv": [199, 48]},
						{"origin": [-7, 6.6, -9.3], "size": [6, 1, 6.5], "uv": [199, 48], "mirror": true},
						{"origin": [-1, 9.3, 2.8], "size": [2, 2, 17], "uv": [187, 36]},
						{"origin": [-1, 6.3, 2.8], "size": [2, 3, 2], "uv": [202, 51]},
						{"origin": [9.5, 9.3, -9.9], "size": [2, 2, 4.5], "uv": [194, 236]},
						{"origin": [9.5, 7.19435, -8.52974], "size": [2, 2, 6], "pivot": [0, 0, 0], "rotation": [-17.5, 0, 0], "uv": [192, 234]},
						{"origin": [9.5, 5.19904, -6.09165], "size": [2, 4.3, 1.8], "pivot": [0, 0, 0], "rotation": [-41.5, 0, 0], "uv": [197, 239]},
						{"origin": [9.5, 3.37807, -11.36535], "size": [2, 9.4, 2.3], "pivot": [0, 0, 0], "rotation": [-81.5, 0, 0], "uv": [197, 239]},
						{"origin": [10.5, 2.07807, -35.06535], "size": [1, 1, 15.3], "pivot": [0, 0, 0], "rotation": [-89, 0, 0], "uv": [184, 226]},
						{"origin": [10.9, 2.07807, -21.06535], "size": [1, 1, 11.8], "pivot": [0, 0, 0], "rotation": [-89, 0, 0], "uv": [188, 230]},
						{"origin": [10.9, 2.07807, -20.06535], "size": [1, 1, 2.2], "inflate": 0.15, "pivot": [0, 0, 0], "rotation": [-89, 0, 0], "uv": [199, 241]},
						{"origin": [10.9, -0.92193, -20.06535], "size": [1, 7, 2.2], "pivot": [0, 0, 0], "rotation": [-89, 0, 0], "uv": [250, 0]},
						{"origin": [10.9, -0.92193, -12.66535], "size": [1, 7, 2.2], "pivot": [0, 0, 0], "rotation": [-89, 0, 0], "uv": [250, 0]},
						{"origin": [-11.9, -0.92193, -12.66535], "size": [1, 7, 2.2], "pivot": [0, 0, 0], "rotation": [-89, 0, 0], "uv": [250, 0], "mirror": true},
						{"origin": [-11.9, -0.92193, -20.06535], "size": [1, 7, 2.2], "pivot": [0, 0, 0], "rotation": [-89, 0, 0], "uv": [250, 0], "mirror": true},
						{"origin": [10.9, 2.07807, -12.66535], "size": [1, 1, 2.2], "inflate": 0.15, "pivot": [0, 0, 0], "rotation": [-89, 0, 0], "uv": [199, 241]},
						{"origin": [-11.9, 2.07807, -12.66535], "size": [1, 1, 2.2], "inflate": 0.15, "pivot": [0, 0, 0], "rotation": [-89, 0, 0], "uv": [199, 241], "mirror": true},
						{"origin": [-11.9, 2.07807, -20.06535], "size": [1, 1, 2.2], "inflate": 0.15, "pivot": [0, 0, 0], "rotation": [-89, 0, 0], "uv": [199, 241], "mirror": true},
						{"origin": [-11.9, 2.07807, -21.06535], "size": [1, 1, 11.8], "pivot": [0, 0, 0], "rotation": [-89, 0, 0], "uv": [188, 230], "mirror": true},
						{"origin": [-11.5, 2.07807, -35.06535], "size": [1, 1, 15.3], "pivot": [0, 0, 0], "rotation": [-89, 0, 0], "uv": [184, 226], "mirror": true},
						{"origin": [9.5, 2.07807, -20.06535], "size": [2, 1, 9.3], "pivot": [0, 0, 0], "rotation": [-89, 0, 0], "uv": [190, 232]},
						{"origin": [-11.5, 2.07807, -20.06535], "size": [2, 1, 9.3], "pivot": [0, 0, 0], "rotation": [-89, 0, 0], "uv": [190, 232], "mirror": true},
						{"origin": [5.7, 5.37807, -26.06535], "size": [4.2, 1, 5.3], "pivot": [0, 0, 0], "rotation": [-88.95148, 17.49725, 0.31528], "uv": [133, 78], "mirror": true},
						{"origin": [-9.9, 5.37807, -26.06535], "size": [4.2, 1, 5.3], "pivot": [0, 0, 0], "rotation": [-88.95148, -17.49725, -0.31528], "uv": [133, 78]},
						{"origin": [-7.5, 3.37807, -26.06535], "size": [15, 1, 5.3], "pivot": [0, 0, 0], "rotation": [-89, 0, 0], "uv": [133, 78], "mirror": true},
						{"origin": [-9.92519, 5.29818, -21.26608], "size": [4.2, 1, 10.3], "pivot": [0, 0, 0], "rotation": [-88.95148, -17.49725, -0.31528], "uv": [206, 245]},
						{"origin": [-7.5, 3.2943, -21.26608], "size": [15, 1, 10.3], "pivot": [0, 0, 0], "rotation": [-89, 0, 0], "uv": [206, 245], "mirror": true},
						{"origin": [5.72519, 5.29818, -21.26608], "size": [4.2, 1, 10.3], "pivot": [0, 0, 0], "rotation": [-88.95148, 17.49725, 0.31528], "uv": [206, 245], "mirror": true},
						{"origin": [9.5, 15.65624, -2.39487], "size": [2, 8.6, 2.3], "pivot": [0, 0, 0], "rotation": [-46.5, 0, 0], "uv": [197, 239]},
						{"origin": [9.5, 16.8, 16.55], "size": [2, 4.9, 1], "uv": [198, 240]},
						{"origin": [9.5, 16.8, 15.55], "size": [2, 4.6, 1], "uv": [198, 240]},
						{"origin": [8.8, 20.4, 14.95], "size": [2.9, 1, 2.1], "uv": [198, 240]},
						{"origin": [-11.7, 20.4, 14.95], "size": [2.9, 1, 2.1], "uv": [198, 240], "mirror": true},
						{"origin": [9, 18.5, -9.35], "size": [2.7, 1, 2.1], "uv": [198, 240]},
						{"origin": [-11.7, 18.5, -9.35], "size": [2.7, 1, 2.1], "uv": [198, 240], "mirror": true},
						{"origin": [9.5, 11.3, -9.85], "size": [2, 8.3, 1.8], "uv": [197, 239]},
						{"origin": [9.5, 9.5, -8.05], "size": [2, 10.3, 10.2], "uv": [189, 231]},
						{"origin": [10.6, 12.5, -7.05], "size": [1, 4, 4], "uv": [168, 2]},
						{"origin": [10.8, 12.5, -7.05], "size": [1, 4, 4], "inflate": -0.1, "uv": [108, 69]},
						{"origin": [-11.8, 12.5, -7.05], "size": [1, 4, 4], "inflate": -0.1, "uv": [108, 69], "mirror": true},
						{"origin": [10.6, 17.2, 9.95], "size": [1, 3, 6], "pivot": [0, 0, 0], "rotation": [5, 0, 0], "uv": [166, 0]},
						{"origin": [10.8, 17.3, 9.95], "size": [1, 1, 6], "inflate": -0.1, "pivot": [0, 0, 0], "rotation": [5, 0, 0], "uv": [242, 95]},
						{"origin": [10.8, 19.2, 9.95], "size": [1, 1, 6], "inflate": -0.1, "pivot": [0, 0, 0], "rotation": [5, 0, 0], "uv": [242, 95]},
						{"origin": [10.8, 18.3, 9.95], "size": [1, 1, 2], "inflate": -0.1, "pivot": [0, 0, 0], "rotation": [5, 0, 0], "uv": [248, 99]},
						{"origin": [-11.8, 18.3, 9.95], "size": [1, 1, 2], "inflate": -0.1, "pivot": [0, 0, 0], "rotation": [5, 0, 0], "uv": [248, 99], "mirror": true},
						{"origin": [-11.8, 19.2, 9.95], "size": [1, 1, 6], "inflate": -0.1, "pivot": [0, 0, 0], "rotation": [5, 0, 0], "uv": [242, 95], "mirror": true},
						{"origin": [-11.8, 17.3, 9.95], "size": [1, 1, 6], "inflate": -0.1, "pivot": [0, 0, 0], "rotation": [5, 0, 0], "uv": [242, 95], "mirror": true},
						{"origin": [-11.6, 12.5, -7.05], "size": [1, 4, 4], "uv": [168, 2], "mirror": true},
						{"origin": [-11.6, 17.2, 9.95], "size": [1, 3, 6], "pivot": [0, 0, 0], "rotation": [5, 0, 0], "uv": [166, 0], "mirror": true},
						{"origin": [-11.5, 9.5, -8.05], "size": [2, 10.3, 10.2], "uv": [189, 231], "mirror": true},
						{"origin": [9.5, 19.5, -8.15], "size": [2, 1, 27.4], "pivot": [0, 0, 0], "rotation": [5, 0, 0], "uv": [172, 214]},
						{"origin": [9.5, 14.6, 3.85], "size": [2, 4.9, 13.7], "pivot": [0, 0, 0], "rotation": [5, 0, 0], "uv": [187, 229]},
						{"origin": [9.5, 9.8, 5.55], "size": [2, 3.9, 12.1], "pivot": [0, 0, 0], "rotation": [15, 0, 0], "uv": [189, 231]},
						{"origin": [-11.5, 9.8, 5.55], "size": [2, 3.9, 12.1], "pivot": [0, 0, 0], "rotation": [15, 0, 0], "uv": [189, 231], "mirror": true},
						{"origin": [-11.5, 14.6, 3.85], "size": [2, 4.9, 13.7], "pivot": [0, 0, 0], "rotation": [5, 0, 0], "uv": [187, 229], "mirror": true},
						{"origin": [8.9, 19.42615, 12.55114], "size": [1, 1, 19.8], "pivot": [0, 0, 0], "rotation": [5, 0, 0], "uv": [181, 223]},
						{"origin": [9.1, 17.32615, 19.55114], "size": [1, 1, 10.8], "pivot": [0, 0, 0], "rotation": [5, 0, 0], "uv": [229, 43]},
						{"origin": [9.1, 12.62615, 24.35114], "size": [1, 4.7, 7], "pivot": [0, 0, 0], "rotation": [5, 0, 0], "uv": [233, 47]},
						{"origin": [9.3, 15.42615, 24.35114], "size": [1, 1, 7], "inflate": -0.1, "pivot": [0, 0, 0], "rotation": [5, 0, 0], "uv": [166, 0]},
						{"origin": [9.3, 16.32615, 26.35114], "size": [1, 1, 3], "inflate": -0.1, "pivot": [0, 0, 0], "rotation": [5, 0, 0], "uv": [170, 4]},
						{"origin": [9.3, 14.52615, 25.45114], "size": [1, 1, 5.9], "inflate": -0.1, "pivot": [0, 0, 0], "rotation": [5, 0, 0], "uv": [168, 2]},
						{"origin": [9.3, 13.62615, 24.35114], "size": [1, 1, 6.5], "inflate": -0.1, "pivot": [0, 0, 0], "rotation": [5, 0, 0], "uv": [169, 3]},
						{"origin": [9.3, 12.72615, 24.35114], "size": [1, 1, 7], "inflate": -0.1, "pivot": [0, 0, 0], "rotation": [5, 0, 0], "uv": [167, 1]},
						{"origin": [-10.3, 13.62615, 24.35114], "size": [1, 1, 6.5], "inflate": -0.1, "pivot": [0, 0, 0], "rotation": [5, 0, 0], "uv": [169, 3], "mirror": true},
						{"origin": [-10.3, 12.72615, 24.35114], "size": [1, 1, 7], "inflate": -0.1, "pivot": [0, 0, 0], "rotation": [5, 0, 0], "uv": [167, 1], "mirror": true},
						{"origin": [-10.3, 14.52615, 25.45114], "size": [1, 1, 5.9], "inflate": -0.1, "pivot": [0, 0, 0], "rotation": [5, 0, 0], "uv": [168, 2], "mirror": true},
						{"origin": [-10.3, 15.42615, 24.35114], "size": [1, 1, 7], "inflate": -0.1, "pivot": [0, 0, 0], "rotation": [5, 0, 0], "uv": [166, 0], "mirror": true},
						{"origin": [-10.3, 16.32615, 26.35114], "size": [1, 1, 3], "inflate": -0.1, "pivot": [0, 0, 0], "rotation": [5, 0, 0], "uv": [170, 4], "mirror": true},
						{"origin": [-10.1, 12.62615, 24.35114], "size": [1, 4.7, 7], "pivot": [0, 0, 0], "rotation": [5, 0, 0], "uv": [233, 47], "mirror": true},
						{"origin": [-10.1, 17.32615, 19.55114], "size": [1, 1, 10.8], "pivot": [0, 0, 0], "rotation": [5, 0, 0], "uv": [229, 43], "mirror": true},
						{"origin": [9.2, 20.32615, 19.35114], "size": [1, 1, 12.9], "pivot": [0, 0, 0], "rotation": [5, 0, 0], "uv": [120, 45]},
						{"origin": [8.9, 10.72615, 12.55114], "size": [1, 8.7, 18.9], "pivot": [0, 0, 0], "rotation": [5, 0, 0], "uv": [183, 225]},
						{"origin": [-9.9, 10.72615, 12.55114], "size": [1, 8.7, 18.9], "pivot": [0, 0, 0], "rotation": [5, 0, 0], "uv": [183, 225], "mirror": true},
						{"origin": [-9.9, 19.42615, 12.55114], "size": [1, 1, 19.8], "pivot": [0, 0, 0], "rotation": [5, 0, 0], "uv": [181, 223], "mirror": true},
						{"origin": [-11.5, 9.3, -9.9], "size": [2, 2, 4.5], "uv": [194, 236], "mirror": true},
						{"origin": [-11.5, 11.3, -9.85], "size": [2, 8.3, 1.8], "uv": [197, 239], "mirror": true},
						{"origin": [8.9, 9.3, -12.05], "size": [2, 1, 2.2], "uv": [197, 239]},
						{"origin": [8.9, 10.8, -10.75], "size": [2, 8.1, 1], "pivot": [0, 0, 0], "rotation": [7.5, 0, 0], "uv": [198, 240]},
						{"origin": [8.9, 10.8, -9.75], "size": [2, 11.2, 1.7], "pivot": [0, 0, 0], "rotation": [7.5, 0, 0], "uv": [198, 240]},
						{"origin": [-10.9, 10.8, -9.75], "size": [2, 11.2, 1.7], "pivot": [0, 0, 0], "rotation": [7.5, 0, 0], "uv": [198, 240], "mirror": true},
						{"origin": [6.1, 10.8, -8.25], "size": [4.8, 11.8, 1], "pivot": [0, 0, 0], "rotation": [7.5, 0, 0], "uv": [198, 240]},
						{"origin": [6.1, 10.8, -9.95], "size": [1, 11.8, 1.7], "pivot": [0, 0, 0], "rotation": [7.5, 0, 0], "uv": [198, 240]},
						{"origin": [-7.1, 10.8, -9.95], "size": [1, 11.8, 1.7], "pivot": [0, 0, 0], "rotation": [7.5, 0, 0], "uv": [198, 240], "mirror": true},
						{"origin": [-10.9, 10.8, -8.25], "size": [4.8, 11.8, 1], "pivot": [0, 0, 0], "rotation": [7.5, 0, 0], "uv": [198, 240], "mirror": true},
						{"origin": [-10.9, 18.8, -10.75], "size": [21.8, 4.1, 1], "pivot": [0, 0, 0], "rotation": [7.5, 0, 0], "uv": [198, 240]},
						{"origin": [-10.9, 20.5, -13.55], "size": [21.8, 1, 3.4], "uv": [196, 238]},
						{"origin": [-10.9, 21.6, -13.55], "size": [21.8, 1, 3.4], "uv": [196, 238]},
						{"origin": [-11.4, 21.1, -13.95], "size": [22.8, 1, 4.2], "inflate": -0.2, "uv": [206, 47]},
						{"origin": [9.9, 21.6, -11.15], "size": [1, 12, 1], "uv": [199, 241]},
						{"origin": [10.9, 29.2, -11.15], "size": [1, 1, 2], "uv": [247, 0]},
						{"origin": [10.9, 28, -10.05], "size": [3, 3, 1], "uv": [248, 1]},
						{"origin": [-13.9, 28, -10.05], "size": [3, 3, 1], "uv": [248, 1], "mirror": true},
						{"origin": [10.9, 28, -9.85], "size": [3, 3, 1], "inflate": -0.1, "uv": [151, 0]},
						{"origin": [-13.9, 28, -9.85], "size": [3, 3, 1], "inflate": -0.1, "uv": [151, 0], "mirror": true},
						{"origin": [-11.9, 29.2, -11.15], "size": [1, 1, 2], "uv": [247, 0], "mirror": true},
						{"origin": [-1.09772, 33.44771, -11.15], "size": [9, 1, 1], "pivot": [0, 0, 0], "rotation": [0, 0, 5], "uv": [199, 241]},
						{"origin": [-7.90228, 33.44771, -11.15], "size": [9, 1, 1], "pivot": [0, 0, 0], "rotation": [0, 0, -5], "uv": [199, 241], "mirror": true},
						{"origin": [-1.9, 33.43, -11.15], "size": [3.8, 1, 1], "uv": [199, 241], "mirror": true},
						{"origin": [-1.8, 32.93, -11.55], "size": [3.6, 1, 1], "inflate": -0.3, "uv": [236, 23], "mirror": true},
						{"origin": [-7.44586, 32.94961, -11.55], "size": [9.2, 1, 1], "inflate": -0.3, "pivot": [0, 0, 0], "rotation": [0, 0, -5], "uv": [236, 23], "mirror": true},
						{"origin": [-1.75414, 32.94961, -11.55], "size": [9.2, 1, 1], "inflate": -0.3, "pivot": [0, 0, 0], "rotation": [0, 0, 5], "uv": [236, 23]},
						{"origin": [-1.9, 34.93, 1.45], "size": [3.8, 1, 1], "uv": [199, 241], "mirror": true},
						{"origin": [-7.77155, 34.942, 1.45], "size": [9, 1, 1], "pivot": [0, 0, 0], "rotation": [0, 0, -5], "uv": [199, 241], "mirror": true},
						{"origin": [-1.22845, 34.942, 1.45], "size": [9, 1, 1], "pivot": [0, 0, 0], "rotation": [0, 0, 5], "uv": [199, 241]},
						{"origin": [-1.9, 34.13, 17.45], "size": [3.8, 1, 1], "uv": [199, 241], "mirror": true},
						{"origin": [-1.15873, 34.14504, 17.45], "size": [8, 1, 1], "pivot": [0, 0, 0], "rotation": [0, 0, 5], "uv": [199, 241]},
						{"origin": [-6.84127, 34.14504, 17.45], "size": [8, 1, 1], "pivot": [0, 0, 0], "rotation": [0, 0, -5], "uv": [199, 241], "mirror": true},
						{"origin": [-1.28074, 35.53972, 1.45], "size": [9, 1, 1], "pivot": [0, 0, 0], "rotation": [0, 0, 5], "uv": [121, 52]},
						{"origin": [-1.9, 35.53, 1.45], "size": [3.8, 1, 1], "uv": [121, 52], "mirror": true},
						{"origin": [-7.71926, 35.53972, 1.45], "size": [9, 1, 1], "pivot": [0, 0, 0], "rotation": [0, 0, -5], "uv": [121, 52], "mirror": true},
						{"origin": [-7.74102, 35.29092, -7.82992], "size": [9, 1, 12.6], "pivot": [0, 0, 0], "rotation": [4.98107, 0.43523, -4.98107], "uv": [110, 41], "mirror": true},
						{"origin": [-1.9, 35.27797, -7.77763], "size": [3.8, 1, 12.6], "pivot": [0, 0, 0], "rotation": [5, 0, 0], "uv": [110, 41], "mirror": true},
						{"origin": [-0.75, 35.27797, -13.87763], "size": [1.5, 1.5, 8], "inflate": -0.2, "uv": [210, 100], "mirror": true},
						{"origin": [-6.75, 34.87797, -13.87763], "size": [1.5, 1.5, 8], "inflate": -0.2, "uv": [210, 100], "mirror": true},
						{"origin": [5.25, 34.87797, -13.87763], "size": [1.5, 1.5, 8], "inflate": -0.2, "uv": [210, 100]},
						{"origin": [8.75, 32.87797, -11.57763], "size": [1, 1, 1], "inflate": -0.2, "uv": [224, 116]},
						{"origin": [7.15, 32.97797, -11.57763], "size": [1, 1, 1], "inflate": -0.2, "uv": [214, 116]},
						{"origin": [3.95, 33.27797, -11.57763], "size": [1, 1, 1], "inflate": -0.2, "uv": [203, 116]},
						{"origin": [5.55, 33.17797, -11.57763], "size": [1, 1, 1], "inflate": -0.2, "uv": [224, 116]},
						{"origin": [2.35, 33.47797, -11.57763], "size": [1, 1, 1], "inflate": -0.2, "uv": [214, 116]},
						{"origin": [-3.35, 33.47797, -11.57763], "size": [1, 1, 1], "inflate": -0.2, "uv": [214, 116], "mirror": true},
						{"origin": [-4.95, 33.27797, -11.57763], "size": [1, 1, 1], "inflate": -0.2, "uv": [203, 116], "mirror": true},
						{"origin": [-1.75, 33.57797, -11.57763], "size": [1, 1, 1], "inflate": -0.2, "uv": [203, 116], "mirror": true},
						{"origin": [0.75, 33.57797, -11.57763], "size": [1, 1, 1], "inflate": -0.2, "uv": [203, 116]},
						{"origin": [-6.55, 33.17797, -11.57763], "size": [1, 1, 1], "inflate": -0.2, "uv": [224, 116], "mirror": true},
						{"origin": [-8.15, 32.97797, -11.57763], "size": [1, 1, 1], "inflate": -0.2, "uv": [214, 116], "mirror": true},
						{"origin": [-9.75, 32.87797, -11.57763], "size": [1, 1, 1], "inflate": -0.2, "uv": [224, 116], "mirror": true},
						{"origin": [5.25, 34.87797, -13.77763], "size": [1.5, 1.5, 1], "uv": [217, 107]},
						{"origin": [-0.75, 35.27797, -13.77763], "size": [1.5, 1.5, 1], "uv": [217, 107], "mirror": true},
						{"origin": [-6.75, 34.87797, -13.77763], "size": [1.5, 1.5, 1], "uv": [217, 107], "mirror": true},
						{"origin": [-1.25898, 35.29092, -7.82992], "size": [9, 1, 12.6], "pivot": [0, 0, 0], "rotation": [4.98107, -0.43523, 4.98107], "uv": [110, 41]},
						{"origin": [-1.28479, 35.58592, 0.80971], "size": [7.5, 1, 15.6], "pivot": [0, 0, 0], "rotation": [-2.4905, 0.21782, 4.99527], "uv": [108, 39]},
						{"origin": [6.71521, 35.58592, 0.20971], "size": [1, 1, 15.6], "pivot": [0, 0, 0], "rotation": [-2.49917, -4.77745, 5.21302], "uv": [108, 39]},
						{"origin": [-7.71521, 35.58592, 0.20971], "size": [1, 1, 15.6], "pivot": [0, 0, 0], "rotation": [-2.49917, 4.77745, -5.21302], "uv": [108, 39], "mirror": true},
						{"origin": [-1.9, 35.57581, 0.78354], "size": [3.8, 1, 15.6], "pivot": [0, 0, 0], "rotation": [-2.5, 0, 0], "uv": [108, 39], "mirror": true},
						{"origin": [-6.21521, 35.58592, 0.80971], "size": [7.5, 1, 15.6], "pivot": [0, 0, 0], "rotation": [-2.4905, -0.21782, -4.99527], "uv": [108, 39], "mirror": true},
						{"origin": [-1.34045, 36.22213, 14.59747], "size": [7.6, 1, 9.9], "pivot": [0, 0, 0], "rotation": [-4.98107, 0.43523, 4.98107], "uv": [114, 45]},
						{"origin": [-3.52214, 36.23949, 23.89621], "size": [7, 1, 1], "pivot": [0, 0, 0], "rotation": [-5.00332, 5.41629, 4.54554], "uv": [123, 54]},
						{"origin": [-3.47786, 36.23949, 23.89621], "size": [7, 1, 1], "pivot": [0, 0, 0], "rotation": [-5.00332, -5.41629, -4.54554], "uv": [123, 54], "mirror": true},
						{"origin": [-6.25955, 36.22213, 14.59747], "size": [7.6, 1, 9.9], "pivot": [0, 0, 0], "rotation": [-4.98107, -0.43523, -4.98107], "uv": [114, 45], "mirror": true},
						{"origin": [-1.9, 36.21445, 14.5713], "size": [3.8, 1, 10.5], "pivot": [0, 0, 0], "rotation": [-5, 0, 0], "uv": [114, 45], "mirror": true},
						{"origin": [-6.71521, 35.58592, 0.80971], "size": [2, 1, 5.6], "pivot": [0, 0, 0], "rotation": [-2.4905, -0.21782, -4.99527], "uv": [118, 49], "mirror": true},
						{"origin": [4.71521, 35.58592, 0.80971], "size": [2, 1, 5.6], "pivot": [0, 0, 0], "rotation": [-2.4905, 0.21782, 4.99527], "uv": [118, 49]},
						{"origin": [10.45146, 34.4, -6.99185], "size": [1, 1, 13], "pivot": [0, 0, 0], "rotation": [5.01215, 3.98475, 0.34919], "uv": [109, 40]},
						{"origin": [10.90328, 34.70137, -0.68737], "size": [1, 1, 16], "pivot": [0, 0, 0], "rotation": [-2.5126, -5.99142, 0.13179], "uv": [106, 37]},
						{"origin": [9.85111, 35.12616, 14.92147], "size": [1, 1, 9.6], "pivot": [0, 0, 0], "rotation": [-4.93209, 0.5529, -1.47499], "uv": [113, 44]},
						{"origin": [-1.9, 35.20876, -26.14995], "size": [3.8, 1, 2.5], "pivot": [0, 0, 0], "rotation": [-75, 0, 0], "uv": [122, 53], "mirror": true},
						{"origin": [3.7472, 35.22026, -23.92378], "size": [2.6, 1, 6.3], "pivot": [0, 0, 0], "rotation": [-74.9453, 4.82922, 1.29717], "uv": [118, 49]},
						{"origin": [-6.3472, 35.22026, -23.92378], "size": [2.6, 1, 6.3], "pivot": [0, 0, 0], "rotation": [-74.9453, -4.82922, -1.29717], "uv": [118, 49], "mirror": true},
						{"origin": [-1.2528, 35.22026, -25.92378], "size": [7.6, 1, 2.3], "pivot": [0, 0, 0], "rotation": [-74.9453, 4.82922, 1.29717], "uv": [122, 53]},
						{"origin": [-2.85037, 35.22026, -26.02099], "size": [7.6, 1, 1], "pivot": [0, 0, 0], "rotation": [-74.68705, 3.91224, 4.6848], "uv": [124, 55]},
						{"origin": [-4.74963, 35.22026, -26.02099], "size": [7.6, 1, 1], "pivot": [0, 0, 0], "rotation": [-74.68705, -3.91224, -4.6848], "uv": [124, 55], "mirror": true},
						{"origin": [10.33033, 34.1702, -25.59823], "size": [1, 1, 11.1], "pivot": [0, 0, 0], "rotation": [-74.91428, -1.1968, -1.02423], "uv": [112, 43]},
						{"origin": [9.2, 32.3702, -25.59823], "size": [1, 2.1, 10.7], "pivot": [0, 0, 0], "rotation": [-74.91428, 0, 0], "uv": [121, 36]},
						{"origin": [-6.3472, 35.22026, -25.92378], "size": [7.6, 1, 2.3], "pivot": [0, 0, 0], "rotation": [-74.9453, -4.82922, -1.29717], "uv": [122, 53], "mirror": true},
						{"origin": [-1.9, 35.20876, -17.94995], "size": [3.8, 1, 3.3], "pivot": [0, 0, 0], "rotation": [-75, 0, 0], "uv": [122, 53], "mirror": true},
						{"origin": [-1.2528, 35.22026, -17.92378], "size": [7.6, 1, 3.3], "pivot": [0, 0, 0], "rotation": [-74.9453, 4.82922, 1.29717], "uv": [121, 52]},
						{"origin": [-6.3472, 35.22026, -17.92378], "size": [7.6, 1, 3.3], "pivot": [0, 0, 0], "rotation": [-74.9453, -4.82922, -1.29717], "uv": [121, 52], "mirror": true},
						{"origin": [-6.1472, 35.22026, -18.32378], "size": [7.6, 1, 1], "inflate": -0.3, "pivot": [0, 0, 0], "rotation": [-74.9453, -4.82922, -1.29717], "uv": [41, 37], "mirror": true},
						{"origin": [-1.4528, 35.22026, -18.32378], "size": [7.6, 1, 1], "inflate": -0.3, "pivot": [0, 0, 0], "rotation": [-74.9453, 4.82922, 1.29717], "uv": [41, 37]},
						{"origin": [-2.3, 35.20876, -18.34995], "size": [4.6, 1, 1], "inflate": -0.3, "pivot": [0, 0, 0], "rotation": [-75, 0, 0], "uv": [42, 38], "mirror": true},
						{"origin": [-6.1472, 35.22026, -24.22378], "size": [7.6, 1, 1], "inflate": -0.3, "pivot": [0, 0, 0], "rotation": [-74.9453, -4.82922, -1.29717], "uv": [42, 38], "mirror": true},
						{"origin": [-2.3, 35.20876, -24.24995], "size": [4.6, 1, 1], "inflate": -0.3, "pivot": [0, 0, 0], "rotation": [-75, 0, 0], "uv": [43, 39], "mirror": true},
						{"origin": [-1.4528, 35.22026, -24.22378], "size": [7.6, 1, 1], "inflate": -0.3, "pivot": [0, 0, 0], "rotation": [-74.9453, 4.82922, 1.29717], "uv": [42, 38]},
						{"origin": [3.3472, 35.22026, -24.22378], "size": [1, 1, 7], "inflate": -0.3, "pivot": [0, 0, 0], "rotation": [-74.9453, 4.82922, 1.29717], "uv": [36, 32]},
						{"origin": [-4.3472, 35.22026, -24.22378], "size": [1, 1, 7], "inflate": -0.3, "pivot": [0, 0, 0], "rotation": [-74.9453, -4.82922, -1.29717], "uv": [36, 32], "mirror": true},
						{"origin": [-0.5472, 35.72026, -20.02378], "size": [1, 0, 1], "pivot": [0, 0, 0], "rotation": [-74.9453, -4.82922, -1.29717], "uv": [43, 39], "mirror": true},
						{"origin": [-3.5472, 35.72026, -22.52378], "size": [1, 0, 1], "pivot": [0, 0, 0], "rotation": [-74.9453, -4.82922, -1.29717], "uv": [43, 39], "mirror": true},
						{"origin": [-2.5472, 35.72026, -23.52378], "size": [1, 0, 1], "pivot": [0, 0, 0], "rotation": [-74.9453, -4.82922, -1.29717], "uv": [43, 39], "mirror": true},
						{"origin": [1.5472, 35.72026, -20.02378], "size": [1, 0, 1], "pivot": [0, 0, 0], "rotation": [-74.9453, 4.82922, 1.29717], "uv": [43, 39]},
						{"origin": [0.7472, 35.72026, -19.52378], "size": [1, 0, 1], "pivot": [0, 0, 0], "rotation": [-74.9453, 0, 0], "uv": [43, 39]},
						{"origin": [-1.7528, 35.72026, -22.92378], "size": [1, 0, 1], "pivot": [0, 0, 0], "rotation": [-74.9453, 0, 0], "uv": [43, 39]},
						{"origin": [2.5472, 35.72026, -22.52378], "size": [1, 0, 1], "pivot": [0, 0, 0], "rotation": [-74.9453, 4.82922, 1.29717], "uv": [43, 39]},
						{"origin": [-11.33033, 34.1702, -25.59823], "size": [1, 1, 11.1], "pivot": [0, 0, 0], "rotation": [-74.91428, 1.1968, 1.02423], "uv": [112, 43], "mirror": true},
						{"origin": [-10.85111, 35.12616, 14.92147], "size": [1, 1, 9.6], "pivot": [0, 0, 0], "rotation": [-4.93209, -0.5529, 1.47499], "uv": [113, 44], "mirror": true},
						{"origin": [-11.90328, 34.70137, -0.68737], "size": [1, 1, 16], "pivot": [0, 0, 0], "rotation": [-2.5126, 5.99142, -0.13179], "uv": [106, 37], "mirror": true},
						{"origin": [-11.90328, 32.90137, 0.61263], "size": [1, 1.9, 15.6], "pivot": [0, 0, 0], "rotation": [0, 5.99142, 0], "uv": [107, 38], "mirror": true},
						{"origin": [-12.90328, 32.60137, 0.61263], "size": [1, 1.1, 15.6], "pivot": [0, 0, 0], "rotation": [0, 5.99142, 0], "uv": [107, 38], "mirror": true},
						{"origin": [11.90328, 32.60137, 0.61263], "size": [1, 1.1, 15.6], "pivot": [0, 0, 0], "rotation": [0, -5.99142, 0], "uv": [107, 38]},
						{"origin": [11.90328, 32.60137, 7.61263], "size": [1, 1.1, 1], "inflate": 0.1, "pivot": [0, 0, 0], "rotation": [0, -5.99142, 0], "uv": [122, 53]},
						{"origin": [-12.90328, 32.60137, 7.61263], "size": [1, 1.1, 1], "inflate": 0.1, "pivot": [0, 0, 0], "rotation": [0, 5.99142, 0], "uv": [122, 53], "mirror": true},
						{"origin": [10.90328, 32.90137, 0.61263], "size": [1, 1.9, 15.6], "pivot": [0, 0, 0], "rotation": [0, -5.99142, 0], "uv": [107, 38]},
						{"origin": [-11.45146, 34.4, -6.99185], "size": [1, 1, 13], "pivot": [0, 0, 0], "rotation": [5.01215, -3.98475, -0.34919], "uv": [109, 40], "mirror": true},
						{"origin": [-10.9, 21.6, -11.15], "size": [1, 12, 1], "uv": [199, 241], "mirror": true},
						{"origin": [9.3, 21.1, -16.45], "size": [1, 10.1, 1], "inflate": -0.45, "pivot": [0, 0, 0], "rotation": [-8.5, 0, 0], "uv": [76, 0]},
						{"origin": [8.1, 29.3, -15.85], "size": [1, 1, 0], "pivot": [0, 0, 0], "rotation": [-8.5, 0, 0], "uv": [77, 1]},
						{"origin": [0.1, 30.1, -15.85], "size": [1, 1, 0], "pivot": [0, 0, 0], "rotation": [-8.5, 0, 0], "uv": [77, 1]},
						{"origin": [-4.9, 27.1, -15.85], "size": [1, 1, 0], "pivot": [0, 0, 0], "rotation": [-8.5, 0, 0], "uv": [77, 1]},
						{"origin": [-5.9, 28.1, -15.85], "size": [1, 1, 0], "pivot": [0, 0, 0], "rotation": [-8.5, 0, 0], "uv": [77, 1]},
						{"origin": [-6.2, 30, -15.85], "size": [1, 1, 0], "pivot": [0, 0, 0], "rotation": [-8.5, 0, 0], "uv": [77, 1]},
						{"origin": [-8.9, 28.3, -15.85], "size": [1, 1, 0], "pivot": [0, 0, 0], "rotation": [-8.5, 0, 0], "uv": [77, 1]},
						{"origin": [-6.6, 22.8, -15.85], "size": [1, 1, 0], "pivot": [0, 0, 0], "rotation": [-8.5, 0, 0], "uv": [77, 1]},
						{"origin": [2.4, 24.6, -15.85], "size": [1, 1, 0], "pivot": [0, 0, 0], "rotation": [-8.5, 0, 0], "uv": [77, 1]},
						{"origin": [6.8, 22.7, -15.85], "size": [1, 1, 0], "pivot": [0, 0, 0], "rotation": [-8.5, 0, 0], "uv": [77, 1]},
						{"origin": [-1.7, 22, -15.85], "size": [1, 1, 0], "pivot": [0, 0, 0], "rotation": [-8.5, 0, 0], "uv": [77, 1]},
						{"origin": [-10.3, 21.1, -16.45], "size": [1, 10.1, 1], "inflate": -0.45, "pivot": [0, 0, 0], "rotation": [-8.5, 0, 0], "uv": [76, 0], "mirror": true},
						{"origin": [9.9, 22.6, -13.55], "size": [1, 1, 2.4], "uv": [198, 240]},
						{"origin": [10.1, 22.3, -13.05], "size": [1, 1, 2.4], "uv": [198, 240]},
						{"origin": [-11.1, 22.3, -13.05], "size": [1, 1, 2.4], "uv": [198, 240], "mirror": true},
						{"origin": [5.32777, 22.6, -16.16958], "size": [1, 1, 1], "pivot": [0, 0, 0], "rotation": [0, -17.5, 0], "uv": [200, 242]},
						{"origin": [-6.32777, 22.6, -16.16958], "size": [1, 1, 1], "pivot": [0, 0, 0], "rotation": [0, 17.5, 0], "uv": [200, 242], "mirror": true},
						{"origin": [-10.9, 22.6, -13.55], "size": [1, 1, 2.4], "uv": [198, 240], "mirror": true},
						{"origin": [-10, 22.6, -13.8], "size": [20, 1, 1], "uv": [200, 242], "mirror": true},
						{"origin": [-10.4, 23, -13.3], "size": [20.8, 1, 1], "inflate": -0.3, "uv": [214, 49], "mirror": true},
						{"origin": [8.2, 18, -14.75], "size": [3, 3, 2.1], "uv": [199, 241], "mirror": true},
						{"origin": [7.7, 17.5, -15.1], "size": [4, 4, 1], "inflate": -0.33, "uv": [119, 0], "mirror": true},
						{"origin": [-11.7, 17.5, -15.1], "size": [4, 4, 1], "inflate": -0.33, "uv": [119, 0]},
						{"origin": [4.5, 18, -15.05], "size": [3, 3, 2.1], "pivot": [0, 0, 0], "rotation": [0, -15, 0], "uv": [199, 241], "mirror": true},
						{"origin": [-7.5, 18, -15.05], "size": [3, 3, 2.1], "pivot": [0, 0, 0], "rotation": [0, 15, 0], "uv": [199, 241]},
						{"origin": [10.2, 11.4, -11.85], "size": [1, 3, 2], "uv": [199, 241], "mirror": true},
						{"origin": [10.3, 16.3, -3.35], "size": [1, 1, 2], "pivot": [0, 0, 0], "rotation": [30, 0, 0], "uv": [248, 0], "mirror": true},
						{"origin": [10.3, 5.1, -16.25], "size": [1, 1, 2], "pivot": [0, 0, 0], "rotation": [-30, 0, 0], "uv": [248, 0], "mirror": true},
						{"origin": [10.3, 12.45, -11.55], "size": [1, 1, 2], "uv": [248, 0], "mirror": true},
						{"origin": [-11.3, 16.3, -3.35], "size": [1, 1, 2], "pivot": [0, 0, 0], "rotation": [30, 0, 0], "uv": [248, 0]},
						{"origin": [-11.3, 12.45, -11.55], "size": [1, 1, 2], "uv": [248, 0]},
						{"origin": [-11.3, 5.1, -16.25], "size": [1, 1, 2], "pivot": [0, 0, 0], "rotation": [-30, 0, 0], "uv": [248, 0]},
						{"origin": [-11.3, 23.61577, -2.82128], "size": [1, 1, 1.7], "pivot": [0, 0, 0], "rotation": [30, 0, 0], "uv": [249, 1]},
						{"origin": [-11.3, 19.05, -14.75], "size": [1, 1, 1.7], "uv": [249, 1]},
						{"origin": [-11.3, 18.25, -13.75], "size": [1, 2.5, 1], "uv": [250, 2]},
						{"origin": [-11.3, 9.21577, -22.32128], "size": [1, 1, 1.7], "pivot": [0, 0, 0], "rotation": [-30, 0, 0], "uv": [249, 1]},
						{"origin": [10.3, 18.25, -13.75], "size": [1, 2.5, 1], "uv": [250, 2], "mirror": true},
						{"origin": [10.3, 23.61577, -2.82128], "size": [1, 1, 1.7], "pivot": [0, 0, 0], "rotation": [30, 0, 0], "uv": [249, 1], "mirror": true},
						{"origin": [10.3, 9.21577, -22.32128], "size": [1, 1, 1.7], "pivot": [0, 0, 0], "rotation": [-30, 0, 0], "uv": [249, 1], "mirror": true},
						{"origin": [10.3, 19.05, -14.75], "size": [1, 1, 1.7], "uv": [249, 1], "mirror": true},
						{"origin": [-11.2, 11.4, -11.85], "size": [1, 3, 2], "uv": [199, 241]},
						{"origin": [-11.2, 18, -14.75], "size": [3, 3, 2.1], "uv": [199, 241]},
						{"origin": [8.2, 18, -14.95], "size": [3, 3, 2], "inflate": -0.1, "uv": [0, 79], "mirror": true},
						{"origin": [-11.2, 18, -14.95], "size": [3, 3, 2], "inflate": -0.1, "uv": [0, 79]},
						{"origin": [9.9, 25.7, -0.35], "size": [1, 1, 1.8], "pivot": [0, 0, 0], "rotation": [27.5, 0, 0], "uv": [200, 242]},
						{"origin": [-10.9, 25.7, -0.35], "size": [1, 1, 1.8], "pivot": [0, 0, 0], "rotation": [27.5, 0, 0], "uv": [200, 242], "mirror": true},
						{"origin": [-10.4, 23.7, -11.55], "size": [1, 9.5, 1], "inflate": -0.3, "uv": [251, 0], "mirror": true},
						{"origin": [-10.4, 26.0847, -1.9048], "size": [1, 1, 3.6], "inflate": -0.3, "pivot": [0, 0, 0], "rotation": [27.5, 0, 0], "uv": [251, 0], "mirror": true},
						{"origin": [9.4, 26.0847, -1.9048], "size": [1, 1, 3.6], "inflate": -0.3, "pivot": [0, 0, 0], "rotation": [27.5, 0, 0], "uv": [251, 0]},
						{"origin": [9.4, 23.7, -11.55], "size": [1, 9.5, 1], "inflate": -0.3, "uv": [251, 0]},
						{"origin": [9.8, 24.3, -12.15], "size": [0, 1, 1], "uv": [49, 27]},
						{"origin": [9.8, 28, -11.75], "size": [0, 1, 1], "uv": [49, 27]},
						{"origin": [-9.8, 28, -11.75], "size": [0, 1, 1], "uv": [49, 27], "mirror": true},
						{"origin": [-9.8, 24.3, -12.15], "size": [0, 1, 1], "uv": [49, 27], "mirror": true},
						{"origin": [8.9, 21.6, 17.55], "size": [1, 12.8, 1], "uv": [199, 241]},
						{"origin": [9.2, 22.8, 17.35], "size": [1, 11.3, 9.8], "uv": [110, 37]},
						{"origin": [9.2, 22.1, 17.35], "size": [1, 2.1, 1], "uv": [135, 53]},
						{"origin": [-10.2, 22.8, 17.35], "size": [1, 11.3, 9.8], "uv": [110, 37], "mirror": true},
						{"origin": [-10.2, 20.32615, 19.35114], "size": [1, 1, 12.9], "pivot": [0, 0, 0], "rotation": [5, 0, 0], "uv": [120, 45], "mirror": true},
						{"origin": [-10.2, 22.1, 17.35], "size": [1, 2.1, 1], "uv": [135, 53], "mirror": true},
						{"origin": [-10.2, 32.3702, -25.59823], "size": [1, 2.1, 10.7], "pivot": [0, 0, 0], "rotation": [-74.91428, 0, 0], "uv": [121, 36], "mirror": true},
						{"origin": [-9.9, 21.6, 17.55], "size": [1, 12.8, 1], "uv": [199, 241], "mirror": true},
						{"origin": [8.9, 28.41924, 2.21657], "size": [1, 14.2, 1], "pivot": [0, 0, 0], "rotation": [-35, 0, 0], "uv": [199, 241]},
						{"origin": [8.9, 14.36551, 33.695], "size": [1, 10.9, 1], "pivot": [0, 0, 0], "rotation": [15, 0, 0], "uv": [199, 241]},
						{"origin": [-9.9, 14.36551, 33.695], "size": [1, 10.9, 1], "pivot": [0, 0, 0], "rotation": [15, 0, 0], "uv": [199, 241], "mirror": true},
						{"origin": [-1.87508, 42.333, 2.11657], "size": [8, 1, 1], "pivot": [0, 0, 0], "rotation": [-34.89743, 2.86544, 4.09918], "uv": [199, 241]},
						{"origin": [-1.9, 42.34924, 2.11657], "size": [3.8, 1, 1], "pivot": [0, 0, 0], "rotation": [-35, 0, 0], "uv": [199, 241], "mirror": true},
						{"origin": [-6.12492, 42.333, 2.11657], "size": [8, 1, 1], "pivot": [0, 0, 0], "rotation": [-34.89743, -2.86544, -4.09918], "uv": [199, 241], "mirror": true},
						{"origin": [-9.9, 28.41924, 2.21657], "size": [1, 14.2, 1], "pivot": [0, 0, 0], "rotation": [-35, 0, 0], "uv": [199, 241], "mirror": true},
						{"origin": [-10.9, 10.8, -10.75], "size": [2, 8.1, 1], "pivot": [0, 0, 0], "rotation": [7.5, 0, 0], "uv": [198, 240], "mirror": true},
						{"origin": [-8.9, 10.8, -10.75], "size": [6, 8.1, 1], "pivot": [0, 0, 0], "rotation": [7.5, 0, 0], "uv": [198, 240], "mirror": true},
						{"origin": [2.9, 10.8, -10.75], "size": [6, 8.1, 1], "pivot": [0, 0, 0], "rotation": [7.5, 0, 0], "uv": [198, 240]},
						{"origin": [-3, 14.8, -10.75], "size": [6, 4.1, 1], "pivot": [0, 0, 0], "rotation": [7.5, 0, 0], "uv": [198, 240]},
						{"origin": [-6.5, 14.8, -9.75], "size": [13, 1, 1], "pivot": [0, 0, 0], "rotation": [7.5, 0, 0], "uv": [198, 240]},
						{"origin": [-4, 12.1, -15.05], "size": [8, 3, 1], "pivot": [0, 0, 0], "rotation": [-5, 0, 0], "uv": [217, 44]},
						{"origin": [-4, 12.1, -15.25], "size": [8, 3, 1], "inflate": -0.1, "pivot": [0, 0, 0], "rotation": [-5, 0, 0], "uv": [242, 85]},
						{"origin": [-10.9, 9.3, -12.05], "size": [2, 1, 2.2], "uv": [197, 239], "mirror": true},
						{"origin": [-11.5, 19.5, -8.15], "size": [2, 1, 27.4], "pivot": [0, 0, 0], "rotation": [5, 0, 0], "uv": [172, 214], "mirror": true},
						{"origin": [9.5, 19.7, -8.15], "size": [2, 1, 27.5], "inflate": -0.01, "pivot": [0, 0, 0], "rotation": [5, 0, 0], "uv": [27, 19]},
						{"origin": [-11.5, 19.7, -8.15], "size": [2, 1, 27.5], "inflate": -0.01, "pivot": [0, 0, 0], "rotation": [5, 0, 0], "uv": [27, 19], "mirror": true},
						{"origin": [9.5, 19.8, 18.75], "size": [1.3, 1.3, 14.4], "inflate": -0.4, "pivot": [0, 0, 0], "rotation": [5, 0, 0], "uv": [41, 33]},
						{"origin": [-10.8, 19.8, 18.75], "size": [1.3, 1.3, 14.4], "inflate": -0.4, "pivot": [0, 0, 0], "rotation": [5, 0, 0], "uv": [41, 33], "mirror": true},
						{"origin": [-11.5, 7.19435, -8.52974], "size": [2, 2, 6], "pivot": [0, 0, 0], "rotation": [-17.5, 0, 0], "uv": [192, 234], "mirror": true},
						{"origin": [-11.5, 5.19904, -6.09165], "size": [2, 4.3, 1.8], "pivot": [0, 0, 0], "rotation": [-41.5, 0, 0], "uv": [197, 239], "mirror": true},
						{"origin": [-11.5, 3.37807, -11.36535], "size": [2, 9.4, 2.3], "pivot": [0, 0, 0], "rotation": [-81.5, 0, 0], "uv": [197, 239], "mirror": true},
						{"origin": [-9.4, 3.57807, -11.06535], "size": [18.8, 28.4, 1.8], "pivot": [0, 0, 0], "rotation": [-81.5, 0, 0], "uv": [154, 65], "mirror": true},
						{"origin": [-9.5, 23.07807, -9.46535], "size": [19, 4.9, 1], "pivot": [0, 0, 0], "rotation": [-81.5, 0, 0], "uv": [113, 46], "mirror": true},
						{"origin": [8.9, 25.97807, -4.26535], "size": [1, 5.9, 2.2], "pivot": [0, 0, 0], "rotation": [-69, 0, 0], "uv": [197, 239], "mirror": true},
						{"origin": [-9.1, 25.57807, -3.96535], "size": [18, 7.6, 2.2], "pivot": [0, 0, 0], "rotation": [-69, 0, 0], "uv": [120, 46], "mirror": true},
						{"origin": [-9.5, 13.57807, 28.83465], "size": [19, 1.3, 1.7], "uv": [124, 50], "mirror": true},
						{"origin": [8.9, 12.67807, 28.83465], "size": [1, 2, 1.9], "uv": [199, 241], "mirror": true},
						{"origin": [-9.9, 12.67807, 28.83465], "size": [1, 2, 1.9], "uv": [199, 241]},
						{"origin": [-9.9, 25.97807, -4.26535], "size": [1, 5.9, 2.2], "pivot": [0, 0, 0], "rotation": [-69, 0, 0], "uv": [197, 239]},
						{"origin": [-0.94771, 14.67807, 30.53694], "size": [8.2, 8.3, 1], "pivot": [0, 0, 0], "rotation": [0, 5, 0], "uv": [200, 242], "mirror": true},
						{"origin": [5.35229, 21.27807, 30.83694], "size": [1.2, 1, 1], "pivot": [0, 0, 0], "rotation": [0, 5, 0], "uv": [43, 74], "mirror": true},
						{"origin": [5.35229, 18.47807, 30.83694], "size": [1.2, 2.8, 1], "pivot": [0, 0, 0], "rotation": [0, 5, 0], "uv": [68, 79], "mirror": true},
						{"origin": [-6.55229, 18.47807, 30.83694], "size": [1.2, 2.8, 1], "pivot": [0, 0, 0], "rotation": [0, -5, 0], "uv": [68, 79]},
						{"origin": [-6.55229, 21.27807, 30.83694], "size": [1.2, 1, 1], "pivot": [0, 0, 0], "rotation": [0, -5, 0], "uv": [43, 74]},
						{"origin": [6.25229, 12.77807, 30.53694], "size": [1, 2.8, 1], "pivot": [0, 0, 0], "rotation": [0, 5, 0], "uv": [200, 242], "mirror": true},
						{"origin": [-7.25229, 12.77807, 30.53694], "size": [1, 2.8, 1], "pivot": [0, 0, 0], "rotation": [0, -5, 0], "uv": [200, 242]},
						{"origin": [-7.25229, 14.67807, 30.53694], "size": [8.2, 8.3, 1], "pivot": [0, 0, 0], "rotation": [0, -5, 0], "uv": [200, 242]},
						{"origin": [-1.8, 14.67807, 30.55], "size": [3.6, 8.3, 1], "uv": [200, 242]},
						{"origin": [-4.5, 18.8, 30.58], "size": [9, 3, 1], "uv": [236, 80]},
						{"origin": [-1.3, 20.1544, 30.0126], "size": [1.6, 1, 1], "inflate": -0.2, "pivot": [0, 0, 0], "rotation": [-2.5, 0, 0], "uv": [240, 0], "mirror": true},
						{"origin": [-4.2, 20.1544, 30.0126], "size": [1, 1, 1], "inflate": -0.2, "pivot": [0, 0, 0], "rotation": [-2.5, 0, 0], "uv": [240, 0], "mirror": true},
						{"origin": [-4.6, 20.1544, 30.0126], "size": [1, 2, 1], "inflate": -0.2, "pivot": [0, 0, 0], "rotation": [-2.5, 0, 0], "uv": [240, 0], "mirror": true},
						{"origin": [-4.2, 21.1544, 30.0126], "size": [1, 1, 1], "inflate": -0.2, "pivot": [0, 0, 0], "rotation": [-2.5, 0, 0], "uv": [240, 0], "mirror": true},
						{"origin": [-4.6, 22.1544, 30.0126], "size": [1.3, 1, 1], "inflate": -0.2, "pivot": [0, 0, 0], "rotation": [-2.5, 0, 0], "uv": [240, 0], "mirror": true},
						{"origin": [-3.7, 20.1544, 30.0126], "size": [1, 3, 1], "inflate": -0.2, "pivot": [0, 0, 0], "rotation": [-2.5, 0, 0], "uv": [240, 0], "mirror": true},
						{"origin": [-2.8, 21.1544, 30.0126], "size": [1, 1, 1], "inflate": -0.2, "pivot": [0, 0, 0], "rotation": [-2.5, 0, 0], "uv": [240, 0], "mirror": true},
						{"origin": [-1.9, 20.1544, 30.0126], "size": [1, 3, 1], "inflate": -0.2, "pivot": [0, 0, 0], "rotation": [-2.5, 0, 0], "uv": [240, 0], "mirror": true},
						{"origin": [-1.3, 21.1544, 30.0126], "size": [1, 1, 1], "inflate": -0.2, "pivot": [0, 0, 0], "rotation": [-2.5, 0, 0], "uv": [240, 0], "mirror": true},
						{"origin": [-0.7, 21.1544, 30.0126], "size": [1, 2, 1], "inflate": -0.2, "pivot": [0, 0, 0], "rotation": [-2.5, 0, 0], "uv": [240, 0], "mirror": true},
						{"origin": [0.5, 20.1544, 30.0126], "size": [1, 3, 1], "inflate": -0.2, "pivot": [0, 0, 0], "rotation": [-2.5, 0, 0], "uv": [240, 0], "mirror": true},
						{"origin": [1.1, 22.1544, 30.0126], "size": [1, 1, 1], "inflate": -0.2, "pivot": [0, 0, 0], "rotation": [-2.5, 0, 0], "uv": [240, 0], "mirror": true},
						{"origin": [1.1, 21.1544, 30.0126], "size": [1, 1, 1], "inflate": -0.2, "pivot": [0, 0, 0], "rotation": [-2.5, 0, 0], "uv": [240, 0], "mirror": true},
						{"origin": [1.7, 20.1544, 30.0126], "size": [1, 3, 1], "inflate": -0.2, "pivot": [0, 0, 0], "rotation": [-2.5, 0, 0], "uv": [240, 0], "mirror": true},
						{"origin": [2.9, 21.1544, 30.0126], "size": [1, 1, 1], "inflate": -0.2, "pivot": [0, 0, 0], "rotation": [-2.5, 0, 0], "uv": [240, 0], "mirror": true},
						{"origin": [2.9, 22.1544, 30.0126], "size": [1, 1, 1], "inflate": -0.2, "pivot": [0, 0, 0], "rotation": [-2.5, 0, 0], "uv": [240, 0], "mirror": true},
						{"origin": [3.5, 20.1544, 30.0126], "size": [1, 3, 1], "inflate": -0.2, "pivot": [0, 0, 0], "rotation": [-2.5, 0, 0], "uv": [240, 0], "mirror": true},
						{"origin": [-3.4, 14.08995, -15.38546], "size": [1, 1, 1], "inflate": -0.2, "pivot": [0, 0, 0], "rotation": [-5, 0, 0], "uv": [240, 0]},
						{"origin": [-4, 12.08995, -15.38546], "size": [1, 3, 1], "inflate": -0.2, "pivot": [0, 0, 0], "rotation": [-5, 0, 0], "uv": [240, 0]},
						{"origin": [-3.4, 13.08995, -15.38546], "size": [1, 1, 1], "inflate": -0.2, "pivot": [0, 0, 0], "rotation": [-5, 0, 0], "uv": [240, 0]},
						{"origin": [-2.1, 14.08995, -15.38546], "size": [1, 1, 1], "inflate": -0.2, "pivot": [0, 0, 0], "rotation": [-5, 0, 0], "uv": [240, 0]},
						{"origin": [-2.7, 12.08995, -15.38546], "size": [1, 3, 1], "inflate": -0.2, "pivot": [0, 0, 0], "rotation": [-5, 0, 0], "uv": [240, 0]},
						{"origin": [-2.1, 13.08995, -15.38546], "size": [1, 1, 1], "inflate": -0.2, "pivot": [0, 0, 0], "rotation": [-5, 0, 0], "uv": [240, 0]},
						{"origin": [-1.5, 12.08995, -15.38546], "size": [1, 3, 1], "inflate": -0.2, "pivot": [0, 0, 0], "rotation": [-5, 0, 0], "uv": [240, 0]},
						{"origin": [-0.8, 13.08995, -15.38546], "size": [1, 2, 1], "inflate": -0.2, "pivot": [0, 0, 0], "rotation": [-5, 0, 0], "uv": [240, 0]},
						{"origin": [-0.2, 13.08995, -15.38546], "size": [1, 1, 1], "inflate": -0.2, "pivot": [0, 0, 0], "rotation": [-5, 0, 0], "uv": [240, 0]},
						{"origin": [0.4, 12.08995, -15.38546], "size": [1, 3, 1], "inflate": -0.2, "pivot": [0, 0, 0], "rotation": [-5, 0, 0], "uv": [240, 0]},
						{"origin": [-0.8, 12.08995, -15.38546], "size": [1.6, 1, 1], "inflate": -0.2, "pivot": [0, 0, 0], "rotation": [-5, 0, 0], "uv": [240, 0]},
						{"origin": [1.1, 13.08995, -15.38546], "size": [1, 1, 1], "inflate": -0.2, "pivot": [0, 0, 0], "rotation": [-5, 0, 0], "uv": [240, 0]},
						{"origin": [1.8, 12.08995, -15.38546], "size": [1, 3, 1], "inflate": -0.2, "pivot": [0, 0, 0], "rotation": [-5, 0, 0], "uv": [240, 0]},
						{"origin": [2.4, 14.08995, -15.38546], "size": [1.3, 1, 1], "inflate": -0.2, "pivot": [0, 0, 0], "rotation": [-5, 0, 0], "uv": [240, 0]},
						{"origin": [2.7, 12.08995, -15.38546], "size": [1, 2, 1], "inflate": -0.2, "pivot": [0, 0, 0], "rotation": [-5, 0, 0], "uv": [240, 0]},
						{"origin": [2.3, 13.08995, -15.38546], "size": [1, 1, 1], "inflate": -0.2, "pivot": [0, 0, 0], "rotation": [-5, 0, 0], "uv": [240, 0]},
						{"origin": [2.3, 12.08995, -15.38546], "size": [1, 1, 1], "inflate": -0.2, "pivot": [0, 0, 0], "rotation": [-5, 0, 0], "uv": [240, 0]},
						{"origin": [-0.94771, 22.47807, 30.53694], "size": [8.2, 1, 1], "inflate": -0.01, "pivot": [0, 0, 0], "rotation": [0, 5, 0], "uv": [57, 41], "mirror": true},
						{"origin": [-1.8, 22.47807, 30.53465], "size": [3.6, 1, 1], "inflate": -0.01, "uv": [57, 41]},
						{"origin": [-7.25229, 22.47807, 30.53694], "size": [8.2, 1, 1], "inflate": -0.01, "pivot": [0, 0, 0], "rotation": [0, -5, 0], "uv": [57, 41]},
						{"origin": [8.9, 13.47807, 29.53465], "size": [1, 9.6, 1], "uv": [199, 241], "mirror": true},
						{"origin": [-9.9, 13.47807, 29.53465], "size": [1, 9.6, 1], "uv": [199, 241]},
						{"origin": [-9, 22.97807, -10.06535], "size": [18, 2, 2.8], "pivot": [0, 0, 0], "rotation": [-81.5, 0, 0], "uv": [120, 47], "mirror": true},
						{"origin": [-11.5, 15.65624, -2.39487], "size": [2, 8.6, 2.3], "pivot": [0, 0, 0], "rotation": [-46.5, 0, 0], "uv": [197, 239], "mirror": true},
						{"origin": [-11.5, 16.8, 15.55], "size": [2, 4.6, 1], "uv": [198, 240], "mirror": true},
						{"origin": [-11.5, 16.8, 16.55], "size": [2, 4.9, 1], "uv": [198, 240], "mirror": true},
						{"origin": [-2, 4.4, -9.2], "size": [4, 3, 1], "uv": [197, 239]},
						{"origin": [-2, 10.18095, -5.35046], "size": [4, 4.3, 1], "pivot": [0, 0, 0], "rotation": [25, 0, 0], "uv": [197, 239]},
						{"origin": [-2, 13.31754, 6.16384], "size": [4, 5.3, 1], "pivot": [0, 0, 0], "rotation": [70, 0, 0], "uv": [197, 239]},
						{"origin": [-2, 12.1, -16.8], "size": [4, 1, 1.8], "uv": [197, 239]},
						{"origin": [7.7, 12.1, 16.5], "size": [2, 1, 1.8], "uv": [246, 0]},
						{"origin": [7.7, -17.97422, 17.55311], "size": [2, 5.3, 1], "pivot": [0, 0, 0], "rotation": [70, 0, 0], "uv": [246, 0]},
						{"origin": [5.7, 10.56512, 7.57642], "size": [3.3, 2.3, 1], "pivot": [0, 0, 0], "rotation": [-17.5, 0, 0], "uv": [246, 0]},
						{"origin": [5.7, 0.18124, 14.83595], "size": [3.3, 1, 2.4], "pivot": [0, 0, 0], "rotation": [37.5, 0, 0], "uv": [246, 0]},
						{"origin": [-9, 10.56512, 7.57642], "size": [3.3, 2.3, 1], "pivot": [0, 0, 0], "rotation": [-17.5, 0, 0], "uv": [246, 0], "mirror": true},
						{"origin": [-9, 0.18124, 14.83595], "size": [3.3, 1, 2.4], "pivot": [0, 0, 0], "rotation": [37.5, 0, 0], "uv": [246, 0], "mirror": true},
						{"origin": [7.7, -3.89224, 24.82959], "size": [2, 4.3, 1], "pivot": [0, 0, 0], "rotation": [25, 0, 0], "uv": [246, 0]},
						{"origin": [-9.7, 12.1, 16.5], "size": [2, 1, 1.8], "uv": [246, 0], "mirror": true},
						{"origin": [-9.7, -17.97422, 17.55311], "size": [2, 5.3, 1], "pivot": [0, 0, 0], "rotation": [70, 0, 0], "uv": [246, 0], "mirror": true},
						{"origin": [-9.7, -3.89224, 24.82959], "size": [2, 4.3, 1], "pivot": [0, 0, 0], "rotation": [25, 0, 0], "uv": [246, 0], "mirror": true},
						{"origin": [-8, 3.9, 16], "size": [16, 3, 3], "uv": [201, 50]},
						{"origin": [3.4, 7.46848, 6.88963], "size": [3, 3, 11], "inflate": 0.2, "pivot": [0, 0, 0], "rotation": [-12.5, 0, 0], "uv": [132, 41]},
						{"origin": [-6.4, 7.46848, 6.88963], "size": [3, 3, 11], "inflate": 0.2, "pivot": [0, 0, 0], "rotation": [-12.5, 0, 0], "uv": [132, 41], "mirror": true},
						{"origin": [-6.4, 10.46848, 14.88963], "size": [3, 5, 3], "inflate": 0.2, "pivot": [0, 0, 0], "rotation": [-12.5, 0, 0], "uv": [140, 49], "mirror": true},
						{"origin": [3.4, 10.46848, 14.88963], "size": [3, 5, 3], "inflate": 0.2, "pivot": [0, 0, 0], "rotation": [-12.5, 0, 0], "uv": [140, 49]}
					]
				},
				{
					"name": "brake",
					"parent": "mainbody",
					"pivot": [0, 0, 0],
					"cubes": [
						{"origin": [7.9, 3.44519, 14.14025], "size": [3.76, 3.88, 1.76], "uv": [75, 80]},
						{"origin": [-11.66, 3.44519, 14.14025], "size": [3.76, 3.88, 1.76], "uv": [75, 80], "mirror": true}
					]
				},
				{
					"name": "interior",
					"parent": "mainbody",
					"pivot": [0, 0, 0]
				},
				{
					"name": "int",
					"parent": "interior",
					"pivot": [0, 0, 0],
					"cubes": [
						{"origin": [-6.6, 18.7, -11.7], "size": [13, 3.61, 2], "uv": [172, 73]},
						{"origin": [-6.6, 16, -11.1], "size": [13, 2.71, 1], "uv": [153, 73]},
						{"origin": [-6.6, 15.5, -11.1], "size": [13, 1, 1], "uv": [173, 74]},
						{"origin": [-5.1, 18.8, -10.5], "size": [10, 3.9, 1], "uv": [74, 115]},
						{"origin": [-6.1, 20.7, -11.49], "size": [4, 2, 2], "uv": [68, 110]},
						{"origin": [-6.6, 22.05, -12.99], "size": [13, 1, 4], "inflate": -0.3, "uv": [175, 41]},
						{"origin": [-6.6, 20.2, -11.99], "size": [13, 1, 3], "inflate": -0.3, "uv": [200, 42]},
						{"origin": [1.9, 20.7, -11.49], "size": [4, 2, 2], "uv": [68, 110]},
						{"origin": [4.4, 21.7, -9.99], "size": [1, 1, 1], "inflate": -0.4, "uv": [4, 82]},
						{"origin": [4.8, 21.5, -9.99], "size": [1, 1, 1], "inflate": -0.4, "uv": [4, 82]},
						{"origin": [5.05, 21.1, -9.99], "size": [1, 1, 1], "inflate": -0.4, "uv": [4, 82]},
						{"origin": [5.1, 20.7, -9.99], "size": [1, 1, 1], "inflate": -0.4, "uv": [4, 82]},
						{"origin": [4, 21.8, -9.99], "size": [1, 1, 1], "inflate": -0.4, "uv": [4, 82]},
						{"origin": [3.6, 21.7, -9.99], "size": [1, 1, 1], "inflate": -0.4, "uv": [4, 82]},
						{"origin": [3.2, 21.5, -9.99], "size": [1, 1, 1], "inflate": -0.4, "uv": [4, 82]},
						{"origin": [2.95, 21.1, -9.99], "size": [1, 1, 1], "inflate": -0.4, "uv": [4, 82]},
						{"origin": [2.9, 20.7, -9.99], "size": [1, 1, 1], "inflate": -0.4, "uv": [4, 82]},
						{"origin": [-3.9, 20.7, -9.99], "size": [1, 1, 1], "inflate": -0.4, "uv": [4, 82]},
						{"origin": [-3.95, 21.1, -9.99], "size": [1, 1, 1], "inflate": -0.4, "uv": [4, 82]},
						{"origin": [-4.2, 21.5, -9.99], "size": [1, 1, 1], "inflate": -0.4, "uv": [4, 82]},
						{"origin": [-4.6, 21.7, -9.99], "size": [1, 1, 1], "inflate": -0.4, "uv": [4, 82]},
						{"origin": [-5, 21.8, -9.99], "size": [1, 1, 1], "inflate": -0.4, "uv": [4, 82]},
						{"origin": [-5.4, 21.7, -9.99], "size": [1, 1, 1], "inflate": -0.4, "uv": [4, 82]},
						{"origin": [-5.8, 21.5, -9.99], "size": [1, 1, 1], "inflate": -0.4, "uv": [4, 82]},
						{"origin": [-6.05, 21.1, -9.99], "size": [1, 1, 1], "inflate": -0.4, "uv": [4, 82]},
						{"origin": [-6.1, 20.7, -9.99], "size": [1, 1, 1], "inflate": -0.4, "uv": [4, 82]},
						{"origin": [2.6, 23.1, -10.2], "size": [1, 1, 1], "inflate": -0.2, "uv": [72, 79]},
						{"origin": [1.6, 23, -10.2], "size": [1, 1, 1], "inflate": -0.2, "uv": [44, 79]},
						{"origin": [-1.6, 23, -10.2], "size": [3, 1, 1], "inflate": -0.2, "uv": [150, 5]},
						{"origin": [-3.8, 23.1, -10.2], "size": [1, 1, 1], "inflate": -0.2, "uv": [82, 81]},
						{"origin": [-2.8, 23, -10.2], "size": [1, 1, 1], "inflate": -0.2, "uv": [44, 79]},
						{"origin": [-4.1, 24.05535, -5.7014], "size": [8, 2.1, 3], "inflate": -0.45, "pivot": [0, 0, 0], "rotation": [15, 0, 0], "uv": [69, 115]},
						{"origin": [-4.1, 24.05535, -5.7014], "size": [8, 2.1, 3], "inflate": -0.45, "pivot": [0, 0, 0], "rotation": [15, 0, 0], "uv": [69, 115]},
						{"origin": [-4.1, 25.25535, -5.7014], "size": [8, 1.01, 3.2], "inflate": -0.4, "pivot": [0, 0, 0], "rotation": [15, 0, 0], "uv": [188, 49]},
						{"origin": [-2.6, 17.46521, 2.92188], "size": [1, 1.5, 0.1], "pivot": [0, 0, 0], "rotation": [40, 0, 0], "uv": [120, 0]},
						{"origin": [-2.6, 17.46521, 1.72188], "size": [1, 1, 1.4], "inflate": -0.2, "pivot": [0, 0, 0], "rotation": [40, 0, 0], "uv": [120, 0]},
						{"origin": [-0.6, 17.46521, 1.72188], "size": [1, 1, 1.4], "inflate": -0.2, "pivot": [0, 0, 0], "rotation": [40, 0, 0], "uv": [120, 0]},
						{"origin": [0.9, 17.46521, 1.72188], "size": [1, 1, 1.4], "inflate": -0.2, "pivot": [0, 0, 0], "rotation": [40, 0, 0], "uv": [120, 0]},
						{"origin": [-0.6, 17.46521, 2.92188], "size": [1, 1.5, 0.1], "pivot": [0, 0, 0], "rotation": [40, 0, 0], "uv": [120, 0]},
						{"origin": [0.9, 17.46521, 2.92188], "size": [1, 1.5, 0.1], "pivot": [0, 0, 0], "rotation": [40, 0, 0], "uv": [120, 0]},
						{"origin": [-6.6, 16.02762, 1.47363], "size": [13, 3, 1], "pivot": [0, 0, 0], "rotation": [40, 0, 0], "uv": [142, 76]},
						{"origin": [-0.64205, 22.26954, -3.84332], "size": [1, 1, 3], "inflate": -0.1, "pivot": [0, 0, 0], "rotation": [17.5, 0, 0], "uv": [0, 0]}
					]
				},
				{
					"name": "seat",
					"parent": "interior",
					"pivot": [0, 0, 0],
					"cubes": [
						{"origin": [-2.6, 14.8, -8.25], "size": [5, 2, 9], "inflate": -0.05, "uv": [17, 107]},
						{"origin": [-4.6, 14.7, -8.3], "size": [9, 2, 9], "inflate": -0.05, "uv": [56, 118]},
						{"origin": [-5.6, 15.7, -8.3], "size": [1, 2, 9], "inflate": -0.05, "uv": [73, 118]},
						{"origin": [4.4, 15.7, -8.3], "size": [1, 2, 9], "inflate": -0.05, "uv": [73, 118]},
						{"origin": [2.4, 13.7, -8.3], "size": [1, 2, 9], "inflate": -0.1, "uv": [147, 74]},
						{"origin": [-3.6, 13.7, -8.3], "size": [1, 2, 9], "inflate": -0.1, "uv": [147, 74]},
						{"origin": [-2.6, 15.34105, -4.93985], "size": [5, 8, 1], "pivot": [0, 0, 0], "rotation": [-14, 0, 0], "uv": [149, 0]},
						{"origin": [-4.6, 15.43268, -4.87704], "size": [9, 8, 2], "pivot": [0, 0, 0], "rotation": [-14, 0, 0], "uv": [63, 110]},
						{"origin": [-5.6, 15.43268, -5.87704], "size": [1, 8, 2], "pivot": [0, 0, 0], "rotation": [-14, 0, 0], "uv": [69, 104]},
						{"origin": [4.4, 15.43268, -5.87704], "size": [1, 8, 2], "pivot": [0, 0, 0], "rotation": [-14, 0, 0], "uv": [69, 104]},
						{"origin": [-11.92368, 22.68428, 1.25673], "size": [1, 3, 2], "pivot": [0, 0, 0], "rotation": [0, 0, 20], "uv": [86, 111]},
						{"origin": [-2.42005, 25.21346, 1.25673], "size": [4.5, 3, 2], "uv": [74, 110]},
						{"origin": [10.60409, 22.8006, 1.25673], "size": [1, 3, 2], "pivot": [0, 0, 0], "rotation": [0, 0, -20], "uv": [86, 111]}
					]
				},
				{
					"name": "seatgp",
					"parent": "seat",
					"pivot": [-0.09999, 24.71039, 2.16525],
					"rotation": [-14, 0, 0],
					"cubes": [
						{"origin": [-12.40892, 20.64375, 1.16525], "size": [2, 3, 2], "pivot": [0, 0, 0], "rotation": [0, 0, 20], "uv": [86, 111]},
						{"origin": [10.22099, 20.71214, 1.16525], "size": [2, 3, 2], "pivot": [0, 0, 0], "rotation": [0, 0, -20], "uv": [86, 111]}
					]
				},
				{
					"name": "seat2",
					"parent": "interior",
					"pivot": [0, 0, 0],
					"cubes": [
						{"origin": [-6.6, 14.8, 10.75], "size": [5, 2, 9], "inflate": -0.05, "uv": [17, 107]},
						{"origin": [-8.6, 14.7, 10.7], "size": [18, 2, 9], "inflate": -0.05, "uv": [56, 118]},
						{"origin": [-9.6, 15.7, 10.7], "size": [1, 2, 9], "inflate": -0.05, "uv": [73, 118]},
						{"origin": [-1.6, 13.7, 10.7], "size": [1, 2, 9], "inflate": -0.1, "uv": [147, 74]},
						{"origin": [-7.6, 13.7, 10.7], "size": [1, 2, 9], "inflate": -0.1, "uv": [147, 74]},
						{"origin": [-6.6, 19.93757, 13.49577], "size": [5, 8, 1], "pivot": [0, 0, 0], "rotation": [-14, 0, 0], "uv": [149, 0]},
						{"origin": [1.6, 19.93757, 13.49577], "size": [5, 8, 1], "pivot": [0, 0, 0], "rotation": [-14, 0, 0], "uv": [149, 0], "mirror": true},
						{"origin": [1.6, 14.8, 10.75], "size": [5, 2, 9], "inflate": -0.05, "uv": [17, 107], "mirror": true},
						{"origin": [-8.6, 20.0292, 13.55858], "size": [18, 8, 2], "pivot": [0, 0, 0], "rotation": [-14, 0, 0], "uv": [63, 110]},
						{"origin": [-9.6, 20.0292, 12.55858], "size": [1, 8, 2], "pivot": [0, 0, 0], "rotation": [-14, 0, 0], "uv": [69, 104]},
						{"origin": [8.6, 20.0292, 12.55858], "size": [1, 8, 2], "pivot": [0, 0, 0], "rotation": [-14, 0, 0], "uv": [69, 104], "mirror": true},
						{"origin": [8.6, 15.7, 10.7], "size": [1, 2, 9], "inflate": -0.05, "uv": [73, 118], "mirror": true},
						{"origin": [-15.68245, 21.31619, 20.25673], "size": [1, 3, 2], "pivot": [0, 0, 0], "rotation": [0, 0, 20], "uv": [86, 111]},
						{"origin": [14.68245, 21.31619, 20.25673], "size": [1, 3, 2], "pivot": [0, 0, 0], "rotation": [0, 0, -20], "uv": [86, 111], "mirror": true},
						{"origin": [-6.42005, 25.21346, 20.25673], "size": [12.8, 3, 2], "uv": [74, 110]}
					]
				},
				{
					"name": "seatgp2",
					"parent": "seat2",
					"pivot": [-4.09999, 24.71039, 21.16525],
					"rotation": [-14, 0, 0],
					"cubes": [
						{"origin": [-16.16769, 19.27566, 20.16525], "size": [2, 3, 2], "pivot": [0, 0, 0], "rotation": [0, 0, 20], "uv": [86, 111]},
						{"origin": [14.16769, 19.27566, 20.16525], "size": [2, 3, 2], "pivot": [0, 0, 0], "rotation": [0, 0, -20], "uv": [86, 111], "mirror": true}
					]
				},
				{
					"name": "steering_wheel",
					"parent": "interior",
					"pivot": [-0.175, 21.3581, -7.484],
					"rotation": [20, 0, 0]
				},
				{
					"name": "steer_wheel",
					"parent": "steering_wheel",
					"pivot": [-0.175, 21.35811, -7.48404],
					"cubes": [
						{"origin": [2.35795, 20.01957, -7.94538], "size": [1, 3.5, 1], "inflate": -0.1, "uv": [2, 11]},
						{"origin": [-1.64205, 22.47682, -8.32791], "size": [3, 1, 1], "inflate": -0.2, "uv": [2, 11]},
						{"origin": [-1.08693, 22.46646, -8.3696], "size": [3, 1, 1], "inflate": -0.2, "pivot": [0, 0, 0], "rotation": [0, -10, 0], "uv": [2, 11]},
						{"origin": [-2.19137, 22.46646, -8.45352], "size": [3, 1, 1], "inflate": -0.2, "pivot": [0, 0, 0], "rotation": [0, 10, 0], "uv": [2, 11]},
						{"origin": [-3.64205, 20.01957, -7.94538], "size": [1, 3.5, 1], "inflate": -0.1, "uv": [2, 11]},
						{"origin": [-1.64205, 20.81099, -8.32409], "size": [3, 2, 1], "uv": [98, 0]},
						{"origin": [-2.34205, 21.21099, -8.12409], "size": [1, 1, 1], "inflate": -0.2, "uv": [215, 226]},
						{"origin": [-1.64205, 20.81099, -8.12409], "size": [3, 2, 1], "inflate": -0.1, "uv": [179, 76]},
						{"origin": [0.55795, 22.01099, -7.72409], "size": [1, 1, 1], "inflate": -0.4, "uv": [84, 109]},
						{"origin": [-1.84205, 22.01099, -7.72409], "size": [1, 1, 1], "inflate": -0.4, "uv": [84, 109]},
						{"origin": [0.55795, 20.61099, -7.72409], "size": [1, 1, 1], "inflate": -0.4, "uv": [82, 109]},
						{"origin": [-1.84205, 20.61099, -7.72409], "size": [1, 1, 1], "inflate": -0.4, "uv": [82, 109]},
						{"origin": [-2.34205, 21.21099, -7.82409], "size": [1, 1, 1], "inflate": -0.4, "uv": [129, 28]}
					]
				},
				{
					"name": "speedometer1",
					"parent": "interior",
					"pivot": [4.45, 21.2, -9.5],
					"cubes": [
						{"origin": [4, 20.7, -10], "size": [2, 1, 1], "inflate": -0.45, "uv": [39, 79]}
					]
				},
				{
					"name": "speedometer2",
					"parent": "interior",
					"pivot": [-4.55, 21.2, -9.5],
					"cubes": [
						{"origin": [-5, 20.7, -10], "size": [2, 1, 1], "inflate": -0.45, "uv": [42, 79]}
					]
				},
				{
					"name": "wiper1",
					"parent": "mainbody",
					"pivot": [-9, 23.2, -12.9],
					"rotation": [70.5, 0, 0],
					"cubes": [
						{"origin": [-12.10332, 22.7, -12.14119], "size": [7, 2, 2], "inflate": -0.8, "pivot": [0, 0, 0], "rotation": [0, -10, 0], "uv": [198, 3], "mirror": true},
						{"origin": [-12.10332, 22.7, -12.14119], "size": [2, 2, 2], "inflate": -0.5, "pivot": [0, 0, 0], "rotation": [0, -10, 0], "uv": [7, 10], "mirror": true},
						{"origin": [-9, 22.7, -12.9], "size": [9, 2, 2], "inflate": -0.7, "uv": [115, 40], "mirror": true}
					]
				},
				{
					"name": "wiper2",
					"parent": "mainbody",
					"pivot": [1, 23.2, -12.9],
					"rotation": [70.5, 0, 0],
					"cubes": [
						{"origin": [-2.25525, 22.7, -13.87767], "size": [7, 2, 2], "inflate": -0.8, "pivot": [0, 0, 0], "rotation": [0, -10, 0], "uv": [198, 3], "mirror": true},
						{"origin": [-2.25525, 22.7, -13.87767], "size": [2, 2, 2], "inflate": -0.5, "pivot": [0, 0, 0], "rotation": [0, -10, 0], "uv": [7, 10], "mirror": true},
						{"origin": [1, 22.7, -12.9], "size": [9, 2, 2], "inflate": -0.7, "uv": [115, 40], "mirror": true}
					]
				},
				{
					"name": "backwheels_main",
					"parent": "body_main",
					"pivot": [0, 5.6875, 17.4]
				},
				{
					"name": "3",
					"parent": "backwheels_main",
					"pivot": [-9.59964, 5.71066, 17.57748],
					"rotation": [25, 0, 0],
					"cubes": [
						{"origin": [-12.05848, -10.67055, 10.72734], "size": [4.76, 4.7, 1.88], "pivot": [1, 0, 0], "rotation": [45, 0, 0], "uv": [0, 0], "mirror": true},
						{"origin": [-11.38, -9.7163, 12.38659], "size": [3.76, 3.055, 1.88], "pivot": [1, 0, 0], "rotation": [45, 0, 0], "uv": [38, 0], "mirror": true},
						{"origin": [-12.05848, 15.1306, -1.92015], "size": [4.76, 4.7, 1.88], "pivot": [1, 0, 0], "rotation": [-90, 0, 0], "uv": [0, 10], "mirror": true},
						{"origin": [-12.05848, 14.05073, 12.11396], "size": [4.76, 4.7, 1.88], "pivot": [1, 0, 0], "rotation": [-45, 0, 0], "uv": [0, 10], "mirror": true},
						{"origin": [-12.05848, 3.36354, 21.274], "size": [4.76, 4.7, 1.88], "uv": [0, 10], "mirror": true},
						{"origin": [-12.05848, -10.67056, 20.19414], "size": [4.76, 4.7, 1.88], "pivot": [1, 0, 0], "rotation": [45, 0, 0], "uv": [0, 10], "mirror": true},
						{"origin": [-11.38, -9.88248, 18.38052], "size": [3.76, 3.055, 1.88], "pivot": [1, 0, 0], "rotation": [45, 0, 0], "uv": [38, 0], "mirror": true},
						{"origin": [-12.05848, 15.1306, -11.38695], "size": [4.76, 4.7, 1.88], "pivot": [1, 0, 0], "rotation": [-90, 0, 0], "uv": [0, 0], "mirror": true},
						{"origin": [-11.38, 15.62911, -9.49859], "size": [3.76, 3.525, 2.82], "pivot": [1, 0, 0], "rotation": [-90, 0, 0], "uv": [38, 0], "mirror": true},
						{"origin": [-11.38, 15.62911, -4.70817], "size": [3.76, 3.525, 2.82], "pivot": [1, 0, 0], "rotation": [-90, 0, 0], "uv": [38, 0], "mirror": true},
						{"origin": [-12.05848, 14.05073, 2.64715], "size": [4.76, 4.7, 1.88], "pivot": [1, 0, 0], "rotation": [-45, 0, 0], "uv": [0, 15], "mirror": true},
						{"origin": [-11.38, 14.71297, 4.33492], "size": [3.76, 3.055, 1.88], "pivot": [1, 0, 0], "rotation": [-45, 0, 0], "uv": [38, 0], "mirror": true},
						{"origin": [-11.38, 14.87914, 10.32885], "size": [3.76, 3.055, 1.88], "pivot": [1, 0, 0], "rotation": [-45, 0, 0], "uv": [38, 0], "mirror": true},
						{"origin": [-12.05848, 3.36354, 11.80719], "size": [4.76, 4.7, 1.88], "uv": [0, 5], "mirror": true},
						{"origin": [-11.38, 4.04838, 13.4689], "size": [3.76, 3.29, 6.58], "uv": [38, 0], "mirror": true},
						{"origin": [-11.38, 4.04838, 19.43432], "size": [3.76, 3.29, 1.88], "uv": [38, 0], "mirror": true},
						{"origin": [-11.64598, 4.88573, 16.54944], "size": [3.76, 1.88, 1.88], "uv": [210, 82], "mirror": true}
					]
				},
				{
					"name": "bone4",
					"parent": "3",
					"pivot": [-9.92478, 5.52344, 17.69103],
					"rotation": [-45, 0, 0],
					"cubes": [
						{"origin": [-11.88098, 6.0643, 16.35518], "size": [3.76, 3.76, 1.88], "uv": [72, 0], "mirror": true},
						{"origin": [-11.88098, 1.1763, 16.35518], "size": [3.76, 3.76, 1.88], "uv": [72, 0], "mirror": true},
						{"origin": [-11.88098, 4.59555, 13.00643], "size": [3.76, 1.88, 3.76], "uv": [72, 0], "mirror": true},
						{"origin": [-11.88098, 4.5603, 17.85918], "size": [3.76, 1.88, 3.76], "uv": [72, 0], "mirror": true}
					]
				},
				{
					"name": "bone5",
					"parent": "3",
					"pivot": [-10.00098, 5.72076, 17.39196],
					"rotation": [-90, 0, 0],
					"cubes": [
						{"origin": [-11.88098, 6.27595, 16.44315], "size": [3.76, 3.76, 1.88], "uv": [72, 0], "mirror": true},
						{"origin": [-11.88098, 1.38795, 16.44315], "size": [3.76, 3.76, 1.88], "uv": [72, 0], "mirror": true},
						{"origin": [-11.88098, 4.8072, 13.0944], "size": [3.76, 1.88, 3.76], "uv": [72, 0], "mirror": true},
						{"origin": [-11.88098, 4.77195, 17.94715], "size": [3.76, 1.88, 3.76], "uv": [72, 0], "mirror": true}
					]
				},
				{
					"name": "4",
					"parent": "backwheels_main",
					"pivot": [9.59964, 5.71066, 17.57748],
					"rotation": [25, 0, 0],
					"cubes": [
						{"origin": [7.29848, -10.67055, 10.72734], "size": [4.76, 4.7, 1.88], "pivot": [-1, 0, 0], "rotation": [45, 0, 0], "uv": [0, 0]},
						{"origin": [7.62, -9.7163, 12.38659], "size": [3.76, 3.055, 1.88], "pivot": [-1, 0, 0], "rotation": [45, 0, 0], "uv": [38, 0]},
						{"origin": [7.29848, 15.1306, -1.92015], "size": [4.76, 4.7, 1.88], "pivot": [-1, 0, 0], "rotation": [-90, 0, 0], "uv": [0, 10]},
						{"origin": [7.29848, 14.05073, 12.11396], "size": [4.76, 4.7, 1.88], "pivot": [-1, 0, 0], "rotation": [-45, 0, 0], "uv": [0, 10]},
						{"origin": [7.29848, 3.36354, 21.274], "size": [4.76, 4.7, 1.88], "uv": [0, 10]},
						{"origin": [7.29848, -10.67056, 20.19414], "size": [4.76, 4.7, 1.88], "pivot": [-1, 0, 0], "rotation": [45, 0, 0], "uv": [0, 10]},
						{"origin": [7.62, -9.88248, 18.38052], "size": [3.76, 3.055, 1.88], "pivot": [-1, 0, 0], "rotation": [45, 0, 0], "uv": [38, 0]},
						{"origin": [7.29848, 15.1306, -11.38695], "size": [4.76, 4.7, 1.88], "pivot": [-1, 0, 0], "rotation": [-90, 0, 0], "uv": [0, 0]},
						{"origin": [7.62, 15.62911, -9.49859], "size": [3.76, 3.525, 2.82], "pivot": [-1, 0, 0], "rotation": [-90, 0, 0], "uv": [38, 0]},
						{"origin": [7.62, 15.62911, -4.70817], "size": [3.76, 3.525, 2.82], "pivot": [-1, 0, 0], "rotation": [-90, 0, 0], "uv": [38, 0]},
						{"origin": [7.29848, 14.05073, 2.64715], "size": [4.76, 4.7, 1.88], "pivot": [-1, 0, 0], "rotation": [-45, 0, 0], "uv": [0, 15]},
						{"origin": [7.62, 14.71297, 4.33492], "size": [3.76, 3.055, 1.88], "pivot": [-1, 0, 0], "rotation": [-45, 0, 0], "uv": [38, 0]},
						{"origin": [7.62, 14.87914, 10.32885], "size": [3.76, 3.055, 1.88], "pivot": [-1, 0, 0], "rotation": [-45, 0, 0], "uv": [38, 0]},
						{"origin": [7.29848, 3.36354, 11.80719], "size": [4.76, 4.7, 1.88], "uv": [0, 5]},
						{"origin": [7.62, 4.04838, 13.4689], "size": [3.76, 3.29, 6.58], "uv": [38, 0]},
						{"origin": [7.62, 4.04838, 19.43432], "size": [3.76, 3.29, 1.88], "uv": [38, 0]},
						{"origin": [7.88598, 4.88573, 16.54944], "size": [3.76, 1.88, 1.88], "uv": [210, 82]}
					]
				},
				{
					"name": "bone8",
					"parent": "4",
					"pivot": [9.92478, 5.52344, 17.69103],
					"rotation": [-45, 0, 0],
					"cubes": [
						{"origin": [8.12098, 6.0643, 16.35518], "size": [3.76, 3.76, 1.88], "uv": [72, 0]},
						{"origin": [8.12098, 1.1763, 16.35518], "size": [3.76, 3.76, 1.88], "uv": [72, 0]},
						{"origin": [8.12098, 4.59555, 13.00643], "size": [3.76, 1.88, 3.76], "uv": [72, 0]},
						{"origin": [8.12098, 4.5603, 17.85918], "size": [3.76, 1.88, 3.76], "uv": [72, 0]}
					]
				},
				{
					"name": "bone9",
					"parent": "4",
					"pivot": [10.00098, 5.72076, 17.39196],
					"rotation": [-90, 0, 0],
					"cubes": [
						{"origin": [8.12098, 6.27595, 16.44315], "size": [3.76, 3.76, 1.88], "uv": [72, 0]},
						{"origin": [8.12098, 1.38795, 16.44315], "size": [3.76, 3.76, 1.88], "uv": [72, 0]},
						{"origin": [8.12098, 4.8072, 13.0944], "size": [3.76, 1.88, 3.76], "uv": [72, 0]},
						{"origin": [8.12098, 4.77195, 17.94715], "size": [3.76, 1.88, 3.76], "uv": [72, 0]}
					]
				},
				{
					"name": "front_right",
					"parent": "body_main",
					"pivot": [0, 5.6875, -15.5]
				},
				{
					"name": "2",
					"parent": "front_right",
					"pivot": [0, 5.71066, -15.32252],
					"rotation": [25, 0, 0],
					"cubes": [
						{"origin": [-2.30799, 12.59327, -12.53648], "size": [4.76, 4.7, 1.88], "pivot": [0, 0, 0], "rotation": [45, 0, 0], "uv": [0, 0], "mirror": true},
						{"origin": [-1.88, 13.54752, -10.87723], "size": [3.76, 3.055, 1.88], "pivot": [0, 0, 0], "rotation": [45, 0, 0], "uv": [38, 0], "mirror": true},
						{"origin": [-2.30799, -17.7694, -1.92015], "size": [4.76, 4.7, 1.88], "pivot": [0, 0, 0], "rotation": [-90, 0, 0], "uv": [0, 10], "mirror": true},
						{"origin": [-2.30799, -9.21309, -11.14986], "size": [4.76, 4.7, 1.88], "pivot": [0, 0, 0], "rotation": [-45, 0, 0], "uv": [0, 10], "mirror": true},
						{"origin": [-2.30799, 3.36354, -11.626], "size": [4.76, 4.7, 1.88], "uv": [0, 10], "mirror": true},
						{"origin": [-2.30799, 12.59326, -3.06968], "size": [4.76, 4.7, 1.88], "pivot": [0, 0, 0], "rotation": [45, 0, 0], "uv": [0, 10], "mirror": true},
						{"origin": [-1.88, 13.38134, -4.8833], "size": [3.76, 3.055, 1.88], "pivot": [0, 0, 0], "rotation": [45, 0, 0], "uv": [38, 0], "mirror": true},
						{"origin": [-2.30799, -17.7694, -11.38695], "size": [4.76, 4.7, 1.88], "pivot": [0, 0, 0], "rotation": [-90, 0, 0], "uv": [0, 0], "mirror": true},
						{"origin": [-1.88, -17.27089, -9.49859], "size": [3.76, 3.525, 2.82], "pivot": [0, 0, 0], "rotation": [-90, 0, 0], "uv": [38, 0], "mirror": true},
						{"origin": [-1.88, -17.27089, -4.70817], "size": [3.76, 3.525, 2.82], "pivot": [0, 0, 0], "rotation": [-90, 0, 0], "uv": [38, 0], "mirror": true},
						{"origin": [-2.30799, -9.21309, -20.61667], "size": [4.76, 4.7, 1.88], "pivot": [0, 0, 0], "rotation": [-45, 0, 0], "uv": [0, 15], "mirror": true},
						{"origin": [-1.88, -8.55085, -18.9289], "size": [3.76, 3.055, 1.88], "pivot": [0, 0, 0], "rotation": [-45, 0, 0], "uv": [38, 0], "mirror": true},
						{"origin": [-1.88, -8.38468, -12.93497], "size": [3.76, 3.055, 1.88], "pivot": [0, 0, 0], "rotation": [-45, 0, 0], "uv": [38, 0], "mirror": true},
						{"origin": [-2.30799, 3.36354, -21.09281], "size": [4.76, 4.7, 1.88], "uv": [0, 5], "mirror": true},
						{"origin": [-1.88, 4.04838, -19.4311], "size": [3.76, 3.29, 6.58], "uv": [38, 0], "mirror": true},
						{"origin": [-1.88, 4.04838, -13.46568], "size": [3.76, 3.29, 1.88], "uv": [38, 0], "mirror": true},
						{"origin": [-1.98, 4.88573, -16.35056], "size": [3.96, 1.88, 1.88], "uv": [210, 82], "mirror": true}
					]
				},
				{
					"name": "bone2",
					"parent": "2",
					"pivot": [0, 5.52344, -15.20897],
					"rotation": [-45, 0, 0],
					"cubes": [
						{"origin": [-2.18, 6.0643, -16.54482], "size": [4.36, 3.76, 1.88], "uv": [72, 0], "mirror": true},
						{"origin": [-2.18, 1.1763, -16.54482], "size": [4.36, 3.76, 1.88], "uv": [72, 0], "mirror": true},
						{"origin": [-2.18, 4.59555, -19.89357], "size": [4.36, 1.88, 3.76], "uv": [72, 0], "mirror": true},
						{"origin": [-2.18, 4.5603, -15.04082], "size": [4.36, 1.88, 3.76], "uv": [72, 0], "mirror": true},
						{"origin": [-1.74951, 4.14077, -15.04082], "size": [3.76, 2.88, 2.76], "uv": [75, 82], "mirror": true}
					]
				},
				{
					"name": "bone3",
					"parent": "2",
					"pivot": [0, 5.72076, -15.50804],
					"rotation": [-90, 0, 0],
					"cubes": [
						{"origin": [-2.18, 6.27595, -16.45685], "size": [4.36, 3.76, 1.88], "uv": [72, 0], "mirror": true},
						{"origin": [-2.18, 1.38795, -16.45685], "size": [4.36, 3.76, 1.88], "uv": [72, 0], "mirror": true},
						{"origin": [-2.18, 4.8072, -19.8056], "size": [4.36, 1.88, 3.76], "uv": [72, 0], "mirror": true},
						{"origin": [-2.18, 4.77195, -14.95285], "size": [4.36, 1.88, 3.76], "uv": [72, 0], "mirror": true}
					]
				}
			]
		}
	]
}