{
  "pools": [
    {
      "rolls": 1,
      "entries": [
        {
          "type": "item",
          "name": "ycreatures_savanna:ave_raw",
          "functions": [
            {
              "function": "set_count",
              "count": {
                "min": 1,
                "max": 2
              }
            },
			{
              "function": "furnace_smelt",
               "conditions": [
                {
                "condition": "entity_properties",
                "entity": "this",
                "properties": {
                "on_fire": true
                        }
                    }
                ]
            },
            {
              "function": "looting_enchant",
               "count": {
                "min": 2,
                "max": 4
              }
            }
          ]
        }
      ]
    }
  ]
}