{
  "pools": [
    {
      "rolls": 1,
      "entries": [
        {
          "type": "item",
          "name": "ycreatures_savanna:ave_raw",
          "functions": [
            {
              "function": "set_count",
              "count": {
                "min": 1,
                "max": 2
              }
            },
			{
              "function": "furnace_smelt",
               "conditions": [
                {
                "condition": "entity_properties",
                "entity": "this",
                "properties": {
                "on_fire": true
                        }
                    }
                ]
            },
            {
              "function": "looting_enchant",
               "count": {
                "min": 2,
                "max": 4
              }
            }
          ]
        }
      ]
    },
	{
      "rolls": 1,
        "entries": [
		  {
            "type": "item",
            "name": "ycreatures_savanna:eagle_feather",
            "weight": 1,
              "functions": [
                {
                "function": "set_count",
                "count": {
                  "min": 0,
                  "max": 1
                  }
                },
                {
                "function": "looting_enchant",
                "count": {
                  "min": 2,
                  "max": 6
                  }
                }
              ]
           },
		   {
            "type": "item",
            "name": "minecraft:air",
            "weight": 8,
              "functions": [
                {
                "function": "set_count",
                "count": {
                  "min": 0,
                  "max": 1
                }
              }
            ]
          }
        ],
        "conditions": [
        {
          "condition": "killed_by_player"
        }
      ]
    }
  ]
}