{
  "pools": [
    {
      "rolls": 1,
      "entries": [
        {
          "type": "item",
          "name": "ycreatures_savanna:mob_beef",
          "weight": 1,
          "functions": [
            {
              "function": "set_count",
              "count": {
                "min": 1,
                "max": 1
              }
            },
			{
              "function": "furnace_smelt",
               "conditions": [
                {
                "condition": "entity_properties",
                "entity": "this",
                "properties": {
                "on_fire": true
                        }
                    }
                ]
            },
            {
              "function": "looting_enchant",
               "count": {
                "min": 2,
                "max": 4
              }
            }
          ]
        }
      ]
    },
	{
      "rolls": 1,
      "entries": [
        {
          "type": "item",
          "name": "minecraft:bone",
          "functions": [
            {
              "function": "set_count",
              "count": {
                "min": 0,
                "max": 1
              }
            }
          ]
        }
      ]
    }
  ]
}