{
  "format_version": "1.13.0",
  "minecraft:single_block_feature": {
    "description": {
      "identifier": "minecraft:hang_mucua_3_feature"
    },
    "places_block": {
      "name": "ycreatures_savanna:block_mucua_3",
      "states": {
        "direction": 3
      }
    },
    "enforce_survivability_rules": true,
    "enforce_placement_rules": true,
    "may_attach_to": {
      "auto_rotate": false,
      "min_sides_must_attach": 1,
	      "top": [
        {
          "name": "ycreatures_savanna:baobab_branch"
        }
      ]
    },
	"may_replace": [
	  "minecraft:air"
    ]
  }
}