{
	"format_version": "1.13.0",

	"minecraft:single_block_feature": {
		"description": {
			"identifier": "minecraft:termite_ocup_blocks_variation"
		},

		"places_block": "ycreatures_savanna:termite_nest",

		"enforce_placement_rules": false,
		"enforce_survivability_rules": false,
        "may_attach_to": {
            "min_sides_must_attach": 4,
			"sides": [
				"minecraft:air",
				"ycreatures_savanna:termite_nest",
				"ycreatures_savanna:termite_nest_disocupate"
            ]
        },
        "may_replace": [
		  "ycreatures_savanna:termite_nest_disocupate"
        ]
	}
}
