{
	"file_path": "C:\\Users\\windows10\\AppData\\Local\\Packages\\Microsoft.MinecraftUWP_8wekyb3d8bbwe\\LocalState\\games\\com.mojang\\development_behavior_packs\\UT_sans\\entities\\gb_blaster.json",
	"file_type": "entity",
	"format_version": 1,
	"file_uuid": "cdb10293_74f4_4738_baa0_cc5c3da8032e",
	"file_version": 1,
	"cache_content": {
		"children": [
			{
				"data": "1.13.0",
				"key": "format_version"
			},
			{
				"open": {
					"format_version": "1.13.0",
					"minecraft:entity": {
						"description": {
							"identifier": "gb:blaster2",
							"is_experimental": false,
							"is_spawnable": false,
							"is_summonable": true,
							"scripts": {
								"animate": [
									"kill"
								]
							},
							"animations": {
								"kill": "controller.animation.blaster"
							}
						},
						"component_groups": {
							"abort_shelter_detection": {
								"minecraft:environment_sensor": {
									"triggers": [
										{
											"event": "abort_sheltering",
											"filters": {
												"all_of": [
													{
														"test": "is_weather",
														"value": "clear"
													},
													{
														"test": "is_daytime",
														"value": true
													}
												]
											}
										}
									]
								}
							},
							"angry_bee": {
								"minecraft:angry": {
									"broadcast_filters": {
										"operator": "!=",
										"test": "is_family",
										"value": "pacified"
									},
									"broadcastAnger": true,
									"broadcastRange": 20,
									"calm_event": {
										"event": "calmed_down",
										"target": "self"
									},
									"duration": 25
								},
								"minecraft:behavior.melee_attack": {
									"attack_once": true,
									"look_distance": 30,
									"on_attack": {
										"event": "countdown_to_perish_event",
										"target": "self"
									},
									"priority": 2,
									"reach_multiplier": 2,
									"speed_multiplier": 9,
									"target_dist": 1.2,
									"target_tracking": {
										"backoff": [
											{
												"distance_squared_gt": 256,
												"refresh_period_delta": 50
											},
											{
												"distance_squared_gt": 1024,
												"refresh_period_delta": 100
											}
										],
										"refresh_period_max": 11,
										"refresh_period_min": 4
									},
									"track_target": false,
									"untrackable_cooldown_delay": 17
								}
							},
							"bee_adult": {
								"minecraft:behavior.breed": {
									"priority": 4,
									"speed_multiplier": 1
								},
								"minecraft:breedable": {
									"breed_items": [
										"minecraft:red_flower",
										"minecraft:yellow_flower",
										"minecraft:wither_rose",
										"minecraft:double_plant:0",
										"minecraft:double_plant:1",
										"minecraft:double_plant:4",
										"minecraft:double_plant:5"
									],
									"breeds_with": {
										"baby_type": "minecraft:bee",
										"breed_event": {
											"event": "minecraft:entity_born",
											"target": "baby"
										},
										"mate_type": "minecraft:bee"
									},
									"require_tame": false
								},
								"minecraft:experience_reward": {
									"on_bred": "Math.Random(1,7)",
									"on_death": "query.last_hit_by_player ? Math.Random(1,3) : 0"
								}
							},
							"bee_baby": {
								"minecraft:ageable": {
									"duration": 1200,
									"feed_items": [
										"minecraft:red_flower",
										"minecraft:yellow_flower",
										"minecraft:wither_rose",
										"minecraft:double_plant:0",
										"minecraft:double_plant:1",
										"minecraft:double_plant:4",
										"minecraft:double_plant:5"
									],
									"grow_up": {
										"event": "minecraft:ageable_grow_up",
										"target": "self"
									}
								},
								"minecraft:behavior.follow_parent": {
									"priority": 6,
									"speed_multiplier": 1.1
								},
								"minecraft:is_baby": {},
								"minecraft:scale": {
									"value": 0.5
								}
							},
							"countdown_to_perish": {
								"minecraft:behavior.panic": {
									"force": true,
									"priority": 1,
									"speed_multiplier": 1.25
								},
								"minecraft:mark_variant": {
									"value": 1
								},
								"minecraft:timer": {
									"looping": false,
									"randomInterval": true,
									"time": [
										10,
										60
									],
									"time_down_event": {
										"event": "perish_event",
										"target": "self"
									}
								},
								"minecraft:type_family": {
									"family": [
										"bee",
										"mob",
										"arthropod",
										"pacified"
									]
								}
							},
							"default_sound": {
								"minecraft:ambient_sound_interval": {
									"event_name": "ambient",
									"range": 0,
									"value": 0
								}
							},
							"easy_attack": {
								"minecraft:attack": {
									"damage": 2
								}
							},
							"find_hive": {
								"minecraft:behavior.move_to_block": {
									"goal_radius": 0.633,
									"on_reach": [
										{
											"event": "minecraft:bee_returned_to_hive",
											"target": "block"
										}
									],
									"priority": 10,
									"search_height": 10,
									"search_range": 16,
									"target_blocks": [
										"bee_nest",
										"beehive"
									],
									"tick_interval": 1
								},
								"minecraft:timer": {
									"looping": false,
									"time": 180,
									"time_down_event": {
										"event": "find_hive_timeout",
										"target": "self"
									}
								}
							},
							"hard_attack": {
								"minecraft:attack": {
									"damage": 2,
									"effect_duration": 18,
									"effect_name": "poison"
								}
							},
							"has_nectar": {
								"minecraft:grows_crop": {
									"chance": 0.03,
									"charges": 10
								},
								"minecraft:is_charged": {}
							},
							"hive_full": {
								"minecraft:timer": {
									"looping": false,
									"randomInterval": true,
									"time": [
										5,
										20
									],
									"time_down_event": {
										"event": "find_hive_event",
										"target": "self"
									}
								}
							},
							"look_for_food": {
								"minecraft:ambient_sound_interval": {
									"event_name": "ambient.pollinate",
									"range": 3,
									"value": 2
								},
								"minecraft:behavior.move_to_block": {
									"goal_radius": 1,
									"on_stay_completed": [
										{
											"event": "collected_nectar",
											"target": "self"
										}
									],
									"priority": 10,
									"search_height": 4,
									"search_range": 6,
									"start_chance": 0.5,
									"stay_duration": 20,
									"target_blocks": [
										"minecraft:red_flower",
										"minecraft:yellow_flower",
										"minecraft:wither_rose",
										"minecraft:sweet_berry_bush",
										"minecraft:double_plant:8",
										"minecraft:double_plant:9",
										"minecraft:double_plant:12",
										"minecraft:double_plant:13"
									],
									"target_offset": [
										0,
										0.25,
										0
									],
									"target_selection_method": "random",
									"tick_interval": 1
								},
								"minecraft:timer": {
									"looping": true,
									"time": 180,
									"time_down_event": {
										"event": "find_flower_timeout"
									}
								}
							},
							"normal_attack": {
								"minecraft:attack": {
									"damage": 2,
									"effect_duration": 10,
									"effect_name": "poison"
								}
							},
							"perish": {
								"minecraft:hurt_on_condition": {
									"damage_conditions": [
										{
											"cause": "none",
											"damage_per_tick": 999
										}
									]
								}
							},
							"return_to_home": {
								"minecraft:behavior.go_home": {
									"goal_radius": 1.2,
									"interval": 1,
									"on_failed": {
										"event": "find_hive_event",
										"target": "self"
									},
									"on_home": [
										{
											"event": "minecraft:bee_returned_to_hive",
											"filters": {
												"any_of": [
													{
														"subject": "block",
														"test": "is_block",
														"value": "minecraft:bee_nest"
													},
													{
														"subject": "block",
														"test": "is_block",
														"value": "minecraft:beehive"
													}
												]
											},
											"target": "block"
										},
										{
											"event": "find_hive_event",
											"filters": {
												"all_of": [
													{
														"operator": "!=",
														"subject": "block",
														"test": "is_block",
														"value": "minecraft:bee_nest"
													},
													{
														"operator": "!=",
														"subject": "block",
														"test": "is_block",
														"value": "minecraft:beehive"
													}
												]
											},
											"target": "self"
										}
									],
									"priority": 4,
									"speed_multiplier": 1
								}
							},
							"shelter_detection": {
								"minecraft:environment_sensor": {
									"triggers": [
										{
											"event": "seek_shelter",
											"filters": {
												"all_of": [
													{
														"any_of": [
															{
																"test": "is_daytime",
																"value": false
															},
															{
																"operator": "!=",
																"test": "is_weather",
																"value": "clear"
															}
														]
													},
													{
														"operator": "!=",
														"test": "has_component",
														"value": "minecraft:is_charged"
													},
													{
														"test": "has_biome_tag",
														"value": "overworld"
													}
												]
											}
										}
									]
								}
							},
							"take_nearest_target": {
								"minecraft:behavior.nearest_attackable_target": {
									"entity_types": [
										{
											"filters": {
												"subject": "other",
												"test": "is_family",
												"value": "player"
											},
											"max_dist": 10
										}
									],
									"priority": 2
								},
								"minecraft:timer": {
									"looping": true,
									"time": 5,
									"time_down_event": {
										"event": "calmed_down",
										"target": "self"
									}
								}
							},
							"track_attacker": {
								"minecraft:behavior.hurt_by_target": {
									"priority": 1
								}
							}
						},
						"components": {
							"minecraft:behavior.float": {
								"priority": 19
							},
							"minecraft:behavior.hurt_by_target": {
								"priority": 3
							},
							"minecraft:behavior.nearest_attackable_target": {
								"entity_types": [
									{
										"filters": {
											"all_of": [
												{
													"subject": "other",
													"test": "is_family",
													"operator": "!=",
													"value": "wg"
												}
											]
										},
										"max_dist": 6666
									}
								],
								"must_see": false,
								"priority": 0
							},
							"minecraft:behavior.random_hover": {
								"hover_height": [
									1,
									4
								],
								"interval": 1,
								"priority": 11,
								"xz_dist": 8,
								"y_dist": 8,
								"y_offset": -1
							},
							"minecraft:behavior.ranged_attack": {
								"attack_interval_max": 1,
								"attack_interval_min": 1,
								"attack_radius": 999999,
								"burst_interval": 0.1,
								"burst_shots": 20
							},
							"minecraft:behavior.tempt": {
								"can_tempt_vertically": true,
								"items": [
									"minecraft:red_flower",
									"minecraft:yellow_flower",
									"minecraft:wither_rose",
									"minecraft:double_plant:0",
									"minecraft:double_plant:1",
									"minecraft:double_plant:4",
									"minecraft:double_plant:5"
								],
								"priority": 5,
								"speed_multiplier": 1.25,
								"within_radius": 8
							},
							"minecraft:block_sensor": {
								"on_break": [
									{
										"block_list": [
											"minecraft:beehive",
											"minecraft:bee_nest"
										],
										"on_block_broken": "hive_destroyed"
									}
								],
								"sensor_radius": 16
							},
							"minecraft:can_fly": {},
							"minecraft:collision_box": {
								"height": 0,
								"width": 0
							},
							"minecraft:damage_sensor": {
								"triggers": {
									"cause": "all",
									"deals_damage": false
								}
							},
							"minecraft:experience_reward": {
								"on_death": "query.last_hit_by_player ? 10 : 0"
							},
							"minecraft:explode": {
								"causesFire": false,
								"destroyAffectedByGriefing": true,
								"fuseLength": 3.5,
								"fuseLit": true,
								"power": 0
							},
							"minecraft:fall_damage": {
								"max": 0.1,
								"value": 0.1
							},
							"minecraft:fire_immune": true,
							"minecraft:flying_speed": {
								"value": 0.15
							},
							"minecraft:follow_range": {
								"value": 1024
							},
							"minecraft:health": {
								"max": 10,
								"min": 10,
								"value": 10
							},
							"minecraft:home": {},
							"minecraft:hurt_on_condition": {
								"damage_conditions": [
									{
										"cause": "lava",
										"damage_per_tick": 4,
										"filters": {
											"operator": "==",
											"subject": "self",
											"test": "in_lava",
											"value": true
										}
									}
								]
							},
							"minecraft:jump.static": {},
							"minecraft:leashable": {
								"hard_distance": 6,
								"max_distance": 10,
								"soft_distance": 4
							},
							"minecraft:movement": {
								"value": 0.3
							},
							"minecraft:movement.hover": {},
							"minecraft:navigation.hover": {
								"avoid_damage_blocks": true,
								"avoid_sun": false,
								"avoid_water": true,
								"can_path_from_air": true,
								"can_path_over_water": true,
								"can_sink": false
							},
							"minecraft:physics": {},
							"minecraft:pushable": {
								"is_pushable": true,
								"is_pushable_by_piston": true
							},
							"minecraft:scale": {
								"value": 4
							},
							"minecraft:shooter": {
								"def": "invisible:ball"
							},
							"minecraft:spell_effects": {
								"add_effects": [
									{
										"ambient": true,
										"amplifier": 2,
										"duration": 25555,
										"effect": "levitation",
										"visible": false
									}
								]
							},
							"minecraft:type_family": {
								"family": [
									"wg"
								]
							},
							"minecraft:behavior.look_at_target": {
								"priority": 0
							}
						},
						"events": {
							"abort_sheltering": {
								"add": {
									"component_groups": [
										"shelter_detection",
										"look_for_food"
									]
								},
								"remove": {
									"component_groups": [
										"abort_shelter_detection",
										"return_to_home"
									]
								}
							},
							"attacked": {
								"sequence": [
									{
										"add": {
											"component_groups": [
												"angry_bee"
											]
										},
										"remove": {
											"component_groups": [
												"take_nearest_target"
											]
										}
									},
									{
										"add": {
											"component_groups": [
												"easy_attack"
											]
										},
										"filters": {
											"test": "is_difficulty",
											"value": "normal"
										},
										"remove": {
											"component_groups": [
												"normal_attack",
												"hard_attack"
											]
										}
									},
									{
										"add": {
											"component_groups": [
												"normal_attack"
											]
										},
										"filters": {
											"test": "is_difficulty",
											"value": "normal"
										},
										"remove": {
											"component_groups": [
												"easy_attack",
												"hard_attack"
											]
										}
									},
									{
										"add": {
											"component_groups": [
												"hard_attack"
											]
										},
										"filters": {
											"test": "is_difficulty",
											"value": "hard"
										},
										"remove": {
											"component_groups": [
												"easy_attack",
												"normal_attack"
											]
										}
									}
								]
							},
							"calmed_down": {
								"add": {
									"component_groups": [
										"shelter_detection",
										"return_to_home"
									]
								},
								"remove": {
									"component_groups": [
										"angry_bee",
										"take_nearest_target"
									]
								}
							},
							"collected_nectar": {
								"add": {
									"component_groups": [
										"return_to_home",
										"has_nectar",
										"default_sound"
									]
								},
								"remove": {
									"component_groups": [
										"look_for_food"
									]
								}
							},
							"countdown_to_perish_event": {
								"add": {
									"component_groups": [
										"countdown_to_perish"
									]
								},
								"remove": {
									"component_groups": [
										"collect_nectar",
										"track_attacker",
										"take_nearest_target",
										"look_for_food",
										"angry_bee",
										"hive_full",
										"find_hive"
									]
								}
							},
							"find_flower_timeout": {
								"add": {
									"component_groups": [
										"return_to_home"
									]
								},
								"remove": {
									"component_groups": [
										"look_for_food"
									]
								}
							},
							"find_hive_event": {
								"add": {
									"component_groups": [
										"find_hive"
									]
								},
								"remove": {
									"component_groups": [
										"return_to_home",
										"hive_full"
									]
								}
							},
							"find_hive_timeout": {
								"sequence": [
									{
										"add": {
											"component_groups": [
												"look_for_food"
											]
										},
										"filters": {
											"operator": "!=",
											"test": "has_component",
											"value": "minecraft:is_charged"
										},
										"remove": {
											"component_groups": [
												"find_hive"
											]
										}
									},
									{
										"add": {
											"component_groups": [
												"return_to_home"
											]
										},
										"filters": {
											"test": "has_component",
											"value": "minecraft:is_charged"
										},
										"remove": {
											"component_groups": [
												"find_hive"
											]
										}
									}
								]
							},
							"hive_destroyed": {
								"sequence": [
									{
										"add": {
											"component_groups": [
												"take_nearest_target"
											]
										},
										"filters": {
											"operator": "!=",
											"subject": "self",
											"test": "is_family",
											"value": "pacified"
										}
									}
								]
							},
							"minecraft:ageable_grow_up": {
								"add": {
									"component_groups": [
										"bee_adult"
									]
								},
								"remove": {
									"component_groups": [
										"bee_baby"
									]
								}
							},
							"minecraft:entity_born": {
								"add": {
									"component_groups": [
										"bee_baby",
										"shelter_detection",
										"track_attacker",
										"look_for_food"
									]
								}
							},
							"minecraft:entity_spawned": {
								"sequence": [
									{
										"randomize": [
											{
												"add": {
													"component_groups": [
														"bee_adult"
													]
												},
												"weight": 95
											},
											{
												"add": {
													"component_groups": [
														"bee_baby"
													]
												},
												"weight": 5
											}
										]
									},
									{
										"add": {
											"component_groups": [
												"track_attacker",
												"shelter_detection",
												"look_for_food"
											]
										}
									}
								]
							},
							"minecraft:exited_disturbed_hive": {
								"add": {
									"component_groups": [
										"take_nearest_target"
									]
								},
								"remove": {
									"component_groups": [
										"find_hive",
										"return_to_home",
										"has_nectar",
										"abort_shelter_detection",
										"shelter_detection"
									]
								}
							},
							"minecraft:exited_hive": {
								"add": {
									"component_groups": [
										"look_for_food",
										"shelter_detection"
									]
								},
								"remove": {
									"component_groups": [
										"find_hive",
										"return_to_home",
										"has_nectar",
										"abort_shelter_detection"
									]
								}
							},
							"minecraft:hive_full": {
								"add": {
									"component_groups": [
										"hive_full"
									]
								},
								"remove": {
									"component_groups": [
										"find_hive",
										"return_to_home"
									]
								}
							},
							"perish_event": {
								"add": {
									"component_groups": [
										"perish"
									]
								}
							},
							"seek_shelter": {
								"add": {
									"component_groups": [
										"default_sound",
										"return_to_home",
										"abort_shelter_detection"
									]
								},
								"remove": {
									"component_groups": [
										"look_for_food",
										"collect_nectar",
										"shelter_detection"
									]
								}
							}
						}
					}
				},
				"key": "minecraft:entity",
				"children": [
					{
						"key": "description",
						"is_minified": true,
						"children": {
							"identifier": "gb:blaster2",
							"is_experimental": false,
							"is_spawnable": false,
							"is_summonable": true,
							"scripts": {
								"animate": [
									"kill"
								]
							},
							"animations": {
								"kill": "controller.animation.blaster"
							}
						}
					},
					{
						"key": "component_groups",
						"is_minified": true,
						"children": {
							"abort_shelter_detection": {
								"minecraft:environment_sensor": {
									"triggers": [
										{
											"event": "abort_sheltering",
											"filters": {
												"all_of": [
													{
														"test": "is_weather",
														"value": "clear"
													},
													{
														"test": "is_daytime",
														"value": true
													}
												]
											}
										}
									]
								}
							},
							"angry_bee": {
								"minecraft:angry": {
									"broadcast_filters": {
										"operator": "!=",
										"test": "is_family",
										"value": "pacified"
									},
									"broadcastAnger": true,
									"broadcastRange": 20,
									"calm_event": {
										"event": "calmed_down",
										"target": "self"
									},
									"duration": 25
								},
								"minecraft:behavior.melee_attack": {
									"attack_once": true,
									"look_distance": 30,
									"on_attack": {
										"event": "countdown_to_perish_event",
										"target": "self"
									},
									"priority": 2,
									"reach_multiplier": 2,
									"speed_multiplier": 9,
									"target_dist": 1.2,
									"target_tracking": {
										"backoff": [
											{
												"distance_squared_gt": 256,
												"refresh_period_delta": 50
											},
											{
												"distance_squared_gt": 1024,
												"refresh_period_delta": 100
											}
										],
										"refresh_period_max": 11,
										"refresh_period_min": 4
									},
									"track_target": false,
									"untrackable_cooldown_delay": 17
								}
							},
							"bee_adult": {
								"minecraft:behavior.breed": {
									"priority": 4,
									"speed_multiplier": 1
								},
								"minecraft:breedable": {
									"breed_items": [
										"minecraft:red_flower",
										"minecraft:yellow_flower",
										"minecraft:wither_rose",
										"minecraft:double_plant:0",
										"minecraft:double_plant:1",
										"minecraft:double_plant:4",
										"minecraft:double_plant:5"
									],
									"breeds_with": {
										"baby_type": "minecraft:bee",
										"breed_event": {
											"event": "minecraft:entity_born",
											"target": "baby"
										},
										"mate_type": "minecraft:bee"
									},
									"require_tame": false
								},
								"minecraft:experience_reward": {
									"on_bred": "Math.Random(1,7)",
									"on_death": "query.last_hit_by_player ? Math.Random(1,3) : 0"
								}
							},
							"bee_baby": {
								"minecraft:ageable": {
									"duration": 1200,
									"feed_items": [
										"minecraft:red_flower",
										"minecraft:yellow_flower",
										"minecraft:wither_rose",
										"minecraft:double_plant:0",
										"minecraft:double_plant:1",
										"minecraft:double_plant:4",
										"minecraft:double_plant:5"
									],
									"grow_up": {
										"event": "minecraft:ageable_grow_up",
										"target": "self"
									}
								},
								"minecraft:behavior.follow_parent": {
									"priority": 6,
									"speed_multiplier": 1.1
								},
								"minecraft:is_baby": {},
								"minecraft:scale": {
									"value": 0.5
								}
							},
							"countdown_to_perish": {
								"minecraft:behavior.panic": {
									"force": true,
									"priority": 1,
									"speed_multiplier": 1.25
								},
								"minecraft:mark_variant": {
									"value": 1
								},
								"minecraft:timer": {
									"looping": false,
									"randomInterval": true,
									"time": [
										10,
										60
									],
									"time_down_event": {
										"event": "perish_event",
										"target": "self"
									}
								},
								"minecraft:type_family": {
									"family": [
										"bee",
										"mob",
										"arthropod",
										"pacified"
									]
								}
							},
							"default_sound": {
								"minecraft:ambient_sound_interval": {
									"event_name": "ambient",
									"range": 0,
									"value": 0
								}
							},
							"easy_attack": {
								"minecraft:attack": {
									"damage": 2
								}
							},
							"find_hive": {
								"minecraft:behavior.move_to_block": {
									"goal_radius": 0.633,
									"on_reach": [
										{
											"event": "minecraft:bee_returned_to_hive",
											"target": "block"
										}
									],
									"priority": 10,
									"search_height": 10,
									"search_range": 16,
									"target_blocks": [
										"bee_nest",
										"beehive"
									],
									"tick_interval": 1
								},
								"minecraft:timer": {
									"looping": false,
									"time": 180,
									"time_down_event": {
										"event": "find_hive_timeout",
										"target": "self"
									}
								}
							},
							"hard_attack": {
								"minecraft:attack": {
									"damage": 2,
									"effect_duration": 18,
									"effect_name": "poison"
								}
							},
							"has_nectar": {
								"minecraft:grows_crop": {
									"chance": 0.03,
									"charges": 10
								},
								"minecraft:is_charged": {}
							},
							"hive_full": {
								"minecraft:timer": {
									"looping": false,
									"randomInterval": true,
									"time": [
										5,
										20
									],
									"time_down_event": {
										"event": "find_hive_event",
										"target": "self"
									}
								}
							},
							"look_for_food": {
								"minecraft:ambient_sound_interval": {
									"event_name": "ambient.pollinate",
									"range": 3,
									"value": 2
								},
								"minecraft:behavior.move_to_block": {
									"goal_radius": 1,
									"on_stay_completed": [
										{
											"event": "collected_nectar",
											"target": "self"
										}
									],
									"priority": 10,
									"search_height": 4,
									"search_range": 6,
									"start_chance": 0.5,
									"stay_duration": 20,
									"target_blocks": [
										"minecraft:red_flower",
										"minecraft:yellow_flower",
										"minecraft:wither_rose",
										"minecraft:sweet_berry_bush",
										"minecraft:double_plant:8",
										"minecraft:double_plant:9",
										"minecraft:double_plant:12",
										"minecraft:double_plant:13"
									],
									"target_offset": [
										0,
										0.25,
										0
									],
									"target_selection_method": "random",
									"tick_interval": 1
								},
								"minecraft:timer": {
									"looping": true,
									"time": 180,
									"time_down_event": {
										"event": "find_flower_timeout"
									}
								}
							},
							"normal_attack": {
								"minecraft:attack": {
									"damage": 2,
									"effect_duration": 10,
									"effect_name": "poison"
								}
							},
							"perish": {
								"minecraft:hurt_on_condition": {
									"damage_conditions": [
										{
											"cause": "none",
											"damage_per_tick": 999
										}
									]
								}
							},
							"return_to_home": {
								"minecraft:behavior.go_home": {
									"goal_radius": 1.2,
									"interval": 1,
									"on_failed": {
										"event": "find_hive_event",
										"target": "self"
									},
									"on_home": [
										{
											"event": "minecraft:bee_returned_to_hive",
											"filters": {
												"any_of": [
													{
														"subject": "block",
														"test": "is_block",
														"value": "minecraft:bee_nest"
													},
													{
														"subject": "block",
														"test": "is_block",
														"value": "minecraft:beehive"
													}
												]
											},
											"target": "block"
										},
										{
											"event": "find_hive_event",
											"filters": {
												"all_of": [
													{
														"operator": "!=",
														"subject": "block",
														"test": "is_block",
														"value": "minecraft:bee_nest"
													},
													{
														"operator": "!=",
														"subject": "block",
														"test": "is_block",
														"value": "minecraft:beehive"
													}
												]
											},
											"target": "self"
										}
									],
									"priority": 4,
									"speed_multiplier": 1
								}
							},
							"shelter_detection": {
								"minecraft:environment_sensor": {
									"triggers": [
										{
											"event": "seek_shelter",
											"filters": {
												"all_of": [
													{
														"any_of": [
															{
																"test": "is_daytime",
																"value": false
															},
															{
																"operator": "!=",
																"test": "is_weather",
																"value": "clear"
															}
														]
													},
													{
														"operator": "!=",
														"test": "has_component",
														"value": "minecraft:is_charged"
													},
													{
														"test": "has_biome_tag",
														"value": "overworld"
													}
												]
											}
										}
									]
								}
							},
							"take_nearest_target": {
								"minecraft:behavior.nearest_attackable_target": {
									"entity_types": [
										{
											"filters": {
												"subject": "other",
												"test": "is_family",
												"value": "player"
											},
											"max_dist": 10
										}
									],
									"priority": 2
								},
								"minecraft:timer": {
									"looping": true,
									"time": 5,
									"time_down_event": {
										"event": "calmed_down",
										"target": "self"
									}
								}
							},
							"track_attacker": {
								"minecraft:behavior.hurt_by_target": {
									"priority": 1
								}
							}
						}
					},
					{
						"open": {
							"description": {
								"identifier": "gb:blaster2",
								"is_experimental": false,
								"is_spawnable": false,
								"is_summonable": true,
								"scripts": {
									"animate": [
										"kill"
									]
								},
								"animations": {
									"kill": "controller.animation.blaster"
								}
							},
							"component_groups": {
								"abort_shelter_detection": {
									"minecraft:environment_sensor": {
										"triggers": [
											{
												"event": "abort_sheltering",
												"filters": {
													"all_of": [
														{
															"test": "is_weather",
															"value": "clear"
														},
														{
															"test": "is_daytime",
															"value": true
														}
													]
												}
											}
										]
									}
								},
								"angry_bee": {
									"minecraft:angry": {
										"broadcast_filters": {
											"operator": "!=",
											"test": "is_family",
											"value": "pacified"
										},
										"broadcastAnger": true,
										"broadcastRange": 20,
										"calm_event": {
											"event": "calmed_down",
											"target": "self"
										},
										"duration": 25
									},
									"minecraft:behavior.melee_attack": {
										"attack_once": true,
										"look_distance": 30,
										"on_attack": {
											"event": "countdown_to_perish_event",
											"target": "self"
										},
										"priority": 2,
										"reach_multiplier": 2,
										"speed_multiplier": 9,
										"target_dist": 1.2,
										"target_tracking": {
											"backoff": [
												{
													"distance_squared_gt": 256,
													"refresh_period_delta": 50
												},
												{
													"distance_squared_gt": 1024,
													"refresh_period_delta": 100
												}
											],
											"refresh_period_max": 11,
											"refresh_period_min": 4
										},
										"track_target": false,
										"untrackable_cooldown_delay": 17
									}
								},
								"bee_adult": {
									"minecraft:behavior.breed": {
										"priority": 4,
										"speed_multiplier": 1
									},
									"minecraft:breedable": {
										"breed_items": [
											"minecraft:red_flower",
											"minecraft:yellow_flower",
											"minecraft:wither_rose",
											"minecraft:double_plant:0",
											"minecraft:double_plant:1",
											"minecraft:double_plant:4",
											"minecraft:double_plant:5"
										],
										"breeds_with": {
											"baby_type": "minecraft:bee",
											"breed_event": {
												"event": "minecraft:entity_born",
												"target": "baby"
											},
											"mate_type": "minecraft:bee"
										},
										"require_tame": false
									},
									"minecraft:experience_reward": {
										"on_bred": "Math.Random(1,7)",
										"on_death": "query.last_hit_by_player ? Math.Random(1,3) : 0"
									}
								},
								"bee_baby": {
									"minecraft:ageable": {
										"duration": 1200,
										"feed_items": [
											"minecraft:red_flower",
											"minecraft:yellow_flower",
											"minecraft:wither_rose",
											"minecraft:double_plant:0",
											"minecraft:double_plant:1",
											"minecraft:double_plant:4",
											"minecraft:double_plant:5"
										],
										"grow_up": {
											"event": "minecraft:ageable_grow_up",
											"target": "self"
										}
									},
									"minecraft:behavior.follow_parent": {
										"priority": 6,
										"speed_multiplier": 1.1
									},
									"minecraft:is_baby": {},
									"minecraft:scale": {
										"value": 0.5
									}
								},
								"countdown_to_perish": {
									"minecraft:behavior.panic": {
										"force": true,
										"priority": 1,
										"speed_multiplier": 1.25
									},
									"minecraft:mark_variant": {
										"value": 1
									},
									"minecraft:timer": {
										"looping": false,
										"randomInterval": true,
										"time": [
											10,
											60
										],
										"time_down_event": {
											"event": "perish_event",
											"target": "self"
										}
									},
									"minecraft:type_family": {
										"family": [
											"bee",
											"mob",
											"arthropod",
											"pacified"
										]
									}
								},
								"default_sound": {
									"minecraft:ambient_sound_interval": {
										"event_name": "ambient",
										"range": 0,
										"value": 0
									}
								},
								"easy_attack": {
									"minecraft:attack": {
										"damage": 2
									}
								},
								"find_hive": {
									"minecraft:behavior.move_to_block": {
										"goal_radius": 0.633,
										"on_reach": [
											{
												"event": "minecraft:bee_returned_to_hive",
												"target": "block"
											}
										],
										"priority": 10,
										"search_height": 10,
										"search_range": 16,
										"target_blocks": [
											"bee_nest",
											"beehive"
										],
										"tick_interval": 1
									},
									"minecraft:timer": {
										"looping": false,
										"time": 180,
										"time_down_event": {
											"event": "find_hive_timeout",
											"target": "self"
										}
									}
								},
								"hard_attack": {
									"minecraft:attack": {
										"damage": 2,
										"effect_duration": 18,
										"effect_name": "poison"
									}
								},
								"has_nectar": {
									"minecraft:grows_crop": {
										"chance": 0.03,
										"charges": 10
									},
									"minecraft:is_charged": {}
								},
								"hive_full": {
									"minecraft:timer": {
										"looping": false,
										"randomInterval": true,
										"time": [
											5,
											20
										],
										"time_down_event": {
											"event": "find_hive_event",
											"target": "self"
										}
									}
								},
								"look_for_food": {
									"minecraft:ambient_sound_interval": {
										"event_name": "ambient.pollinate",
										"range": 3,
										"value": 2
									},
									"minecraft:behavior.move_to_block": {
										"goal_radius": 1,
										"on_stay_completed": [
											{
												"event": "collected_nectar",
												"target": "self"
											}
										],
										"priority": 10,
										"search_height": 4,
										"search_range": 6,
										"start_chance": 0.5,
										"stay_duration": 20,
										"target_blocks": [
											"minecraft:red_flower",
											"minecraft:yellow_flower",
											"minecraft:wither_rose",
											"minecraft:sweet_berry_bush",
											"minecraft:double_plant:8",
											"minecraft:double_plant:9",
											"minecraft:double_plant:12",
											"minecraft:double_plant:13"
										],
										"target_offset": [
											0,
											0.25,
											0
										],
										"target_selection_method": "random",
										"tick_interval": 1
									},
									"minecraft:timer": {
										"looping": true,
										"time": 180,
										"time_down_event": {
											"event": "find_flower_timeout"
										}
									}
								},
								"normal_attack": {
									"minecraft:attack": {
										"damage": 2,
										"effect_duration": 10,
										"effect_name": "poison"
									}
								},
								"perish": {
									"minecraft:hurt_on_condition": {
										"damage_conditions": [
											{
												"cause": "none",
												"damage_per_tick": 999
											}
										]
									}
								},
								"return_to_home": {
									"minecraft:behavior.go_home": {
										"goal_radius": 1.2,
										"interval": 1,
										"on_failed": {
											"event": "find_hive_event",
											"target": "self"
										},
										"on_home": [
											{
												"event": "minecraft:bee_returned_to_hive",
												"filters": {
													"any_of": [
														{
															"subject": "block",
															"test": "is_block",
															"value": "minecraft:bee_nest"
														},
														{
															"subject": "block",
															"test": "is_block",
															"value": "minecraft:beehive"
														}
													]
												},
												"target": "block"
											},
											{
												"event": "find_hive_event",
												"filters": {
													"all_of": [
														{
															"operator": "!=",
															"subject": "block",
															"test": "is_block",
															"value": "minecraft:bee_nest"
														},
														{
															"operator": "!=",
															"subject": "block",
															"test": "is_block",
															"value": "minecraft:beehive"
														}
													]
												},
												"target": "self"
											}
										],
										"priority": 4,
										"speed_multiplier": 1
									}
								},
								"shelter_detection": {
									"minecraft:environment_sensor": {
										"triggers": [
											{
												"event": "seek_shelter",
												"filters": {
													"all_of": [
														{
															"any_of": [
																{
																	"test": "is_daytime",
																	"value": false
																},
																{
																	"operator": "!=",
																	"test": "is_weather",
																	"value": "clear"
																}
															]
														},
														{
															"operator": "!=",
															"test": "has_component",
															"value": "minecraft:is_charged"
														},
														{
															"test": "has_biome_tag",
															"value": "overworld"
														}
													]
												}
											}
										]
									}
								},
								"take_nearest_target": {
									"minecraft:behavior.nearest_attackable_target": {
										"entity_types": [
											{
												"filters": {
													"subject": "other",
													"test": "is_family",
													"value": "player"
												},
												"max_dist": 10
											}
										],
										"priority": 2
									},
									"minecraft:timer": {
										"looping": true,
										"time": 5,
										"time_down_event": {
											"event": "calmed_down",
											"target": "self"
										}
									}
								},
								"track_attacker": {
									"minecraft:behavior.hurt_by_target": {
										"priority": 1
									}
								}
							},
							"components": {
								"minecraft:behavior.float": {
									"priority": 19
								},
								"minecraft:behavior.hurt_by_target": {
									"priority": 3
								},
								"minecraft:behavior.nearest_attackable_target": {
									"entity_types": [
										{
											"filters": {
												"all_of": [
													{
														"subject": "other",
														"test": "is_family",
														"operator": "!=",
														"value": "wg"
													}
												]
											},
											"max_dist": 6666
										}
									],
									"must_see": false,
									"priority": 0
								},
								"minecraft:behavior.random_hover": {
									"hover_height": [
										1,
										4
									],
									"interval": 1,
									"priority": 11,
									"xz_dist": 8,
									"y_dist": 8,
									"y_offset": -1
								},
								"minecraft:behavior.ranged_attack": {
									"attack_interval_max": 1,
									"attack_interval_min": 1,
									"attack_radius": 999999,
									"burst_interval": 0.1,
									"burst_shots": 20
								},
								"minecraft:behavior.tempt": {
									"can_tempt_vertically": true,
									"items": [
										"minecraft:red_flower",
										"minecraft:yellow_flower",
										"minecraft:wither_rose",
										"minecraft:double_plant:0",
										"minecraft:double_plant:1",
										"minecraft:double_plant:4",
										"minecraft:double_plant:5"
									],
									"priority": 5,
									"speed_multiplier": 1.25,
									"within_radius": 8
								},
								"minecraft:block_sensor": {
									"on_break": [
										{
											"block_list": [
												"minecraft:beehive",
												"minecraft:bee_nest"
											],
											"on_block_broken": "hive_destroyed"
										}
									],
									"sensor_radius": 16
								},
								"minecraft:can_fly": {},
								"minecraft:collision_box": {
									"height": 0,
									"width": 0
								},
								"minecraft:damage_sensor": {
									"triggers": {
										"cause": "all",
										"deals_damage": false
									}
								},
								"minecraft:experience_reward": {
									"on_death": "query.last_hit_by_player ? 10 : 0"
								},
								"minecraft:explode": {
									"causesFire": false,
									"destroyAffectedByGriefing": true,
									"fuseLength": 3.5,
									"fuseLit": true,
									"power": 0
								},
								"minecraft:fall_damage": {
									"max": 0.1,
									"value": 0.1
								},
								"minecraft:fire_immune": true,
								"minecraft:flying_speed": {
									"value": 0.15
								},
								"minecraft:follow_range": {
									"value": 1024
								},
								"minecraft:health": {
									"max": 10,
									"min": 10,
									"value": 10
								},
								"minecraft:home": {},
								"minecraft:hurt_on_condition": {
									"damage_conditions": [
										{
											"cause": "lava",
											"damage_per_tick": 4,
											"filters": {
												"operator": "==",
												"subject": "self",
												"test": "in_lava",
												"value": true
											}
										}
									]
								},
								"minecraft:jump.static": {},
								"minecraft:leashable": {
									"hard_distance": 6,
									"max_distance": 10,
									"soft_distance": 4
								},
								"minecraft:movement": {
									"value": 0.3
								},
								"minecraft:movement.hover": {},
								"minecraft:navigation.hover": {
									"avoid_damage_blocks": true,
									"avoid_sun": false,
									"avoid_water": true,
									"can_path_from_air": true,
									"can_path_over_water": true,
									"can_sink": false
								},
								"minecraft:physics": {},
								"minecraft:pushable": {
									"is_pushable": true,
									"is_pushable_by_piston": true
								},
								"minecraft:scale": {
									"value": 4
								},
								"minecraft:shooter": {
									"def": "invisible:ball"
								},
								"minecraft:spell_effects": {
									"add_effects": [
										{
											"ambient": true,
											"amplifier": 2,
											"duration": 25555,
											"effect": "levitation",
											"visible": false
										}
									]
								},
								"minecraft:type_family": {
									"family": [
										"wg"
									]
								},
								"minecraft:behavior.look_at_target": {
									"priority": 0
								}
							},
							"events": {
								"abort_sheltering": {
									"add": {
										"component_groups": [
											"shelter_detection",
											"look_for_food"
										]
									},
									"remove": {
										"component_groups": [
											"abort_shelter_detection",
											"return_to_home"
										]
									}
								},
								"attacked": {
									"sequence": [
										{
											"add": {
												"component_groups": [
													"angry_bee"
												]
											},
											"remove": {
												"component_groups": [
													"take_nearest_target"
												]
											}
										},
										{
											"add": {
												"component_groups": [
													"easy_attack"
												]
											},
											"filters": {
												"test": "is_difficulty",
												"value": "normal"
											},
											"remove": {
												"component_groups": [
													"normal_attack",
													"hard_attack"
												]
											}
										},
										{
											"add": {
												"component_groups": [
													"normal_attack"
												]
											},
											"filters": {
												"test": "is_difficulty",
												"value": "normal"
											},
											"remove": {
												"component_groups": [
													"easy_attack",
													"hard_attack"
												]
											}
										},
										{
											"add": {
												"component_groups": [
													"hard_attack"
												]
											},
											"filters": {
												"test": "is_difficulty",
												"value": "hard"
											},
											"remove": {
												"component_groups": [
													"easy_attack",
													"normal_attack"
												]
											}
										}
									]
								},
								"calmed_down": {
									"add": {
										"component_groups": [
											"shelter_detection",
											"return_to_home"
										]
									},
									"remove": {
										"component_groups": [
											"angry_bee",
											"take_nearest_target"
										]
									}
								},
								"collected_nectar": {
									"add": {
										"component_groups": [
											"return_to_home",
											"has_nectar",
											"default_sound"
										]
									},
									"remove": {
										"component_groups": [
											"look_for_food"
										]
									}
								},
								"countdown_to_perish_event": {
									"add": {
										"component_groups": [
											"countdown_to_perish"
										]
									},
									"remove": {
										"component_groups": [
											"collect_nectar",
											"track_attacker",
											"take_nearest_target",
											"look_for_food",
											"angry_bee",
											"hive_full",
											"find_hive"
										]
									}
								},
								"find_flower_timeout": {
									"add": {
										"component_groups": [
											"return_to_home"
										]
									},
									"remove": {
										"component_groups": [
											"look_for_food"
										]
									}
								},
								"find_hive_event": {
									"add": {
										"component_groups": [
											"find_hive"
										]
									},
									"remove": {
										"component_groups": [
											"return_to_home",
											"hive_full"
										]
									}
								},
								"find_hive_timeout": {
									"sequence": [
										{
											"add": {
												"component_groups": [
													"look_for_food"
												]
											},
											"filters": {
												"operator": "!=",
												"test": "has_component",
												"value": "minecraft:is_charged"
											},
											"remove": {
												"component_groups": [
													"find_hive"
												]
											}
										},
										{
											"add": {
												"component_groups": [
													"return_to_home"
												]
											},
											"filters": {
												"test": "has_component",
												"value": "minecraft:is_charged"
											},
											"remove": {
												"component_groups": [
													"find_hive"
												]
											}
										}
									]
								},
								"hive_destroyed": {
									"sequence": [
										{
											"add": {
												"component_groups": [
													"take_nearest_target"
												]
											},
											"filters": {
												"operator": "!=",
												"subject": "self",
												"test": "is_family",
												"value": "pacified"
											}
										}
									]
								},
								"minecraft:ageable_grow_up": {
									"add": {
										"component_groups": [
											"bee_adult"
										]
									},
									"remove": {
										"component_groups": [
											"bee_baby"
										]
									}
								},
								"minecraft:entity_born": {
									"add": {
										"component_groups": [
											"bee_baby",
											"shelter_detection",
											"track_attacker",
											"look_for_food"
										]
									}
								},
								"minecraft:entity_spawned": {
									"sequence": [
										{
											"randomize": [
												{
													"add": {
														"component_groups": [
															"bee_adult"
														]
													},
													"weight": 95
												},
												{
													"add": {
														"component_groups": [
															"bee_baby"
														]
													},
													"weight": 5
												}
											]
										},
										{
											"add": {
												"component_groups": [
													"track_attacker",
													"shelter_detection",
													"look_for_food"
												]
											}
										}
									]
								},
								"minecraft:exited_disturbed_hive": {
									"add": {
										"component_groups": [
											"take_nearest_target"
										]
									},
									"remove": {
										"component_groups": [
											"find_hive",
											"return_to_home",
											"has_nectar",
											"abort_shelter_detection",
											"shelter_detection"
										]
									}
								},
								"minecraft:exited_hive": {
									"add": {
										"component_groups": [
											"look_for_food",
											"shelter_detection"
										]
									},
									"remove": {
										"component_groups": [
											"find_hive",
											"return_to_home",
											"has_nectar",
											"abort_shelter_detection"
										]
									}
								},
								"minecraft:hive_full": {
									"add": {
										"component_groups": [
											"hive_full"
										]
									},
									"remove": {
										"component_groups": [
											"find_hive",
											"return_to_home"
										]
									}
								},
								"perish_event": {
									"add": {
										"component_groups": [
											"perish"
										]
									}
								},
								"seek_shelter": {
									"add": {
										"component_groups": [
											"default_sound",
											"return_to_home",
											"abort_shelter_detection"
										]
									},
									"remove": {
										"component_groups": [
											"look_for_food",
											"collect_nectar",
											"shelter_detection"
										]
									}
								}
							}
						},
						"key": "components",
						"children": [
							{
								"key": "minecraft:behavior.float",
								"is_minified": true,
								"children": {
									"priority": 19
								}
							},
							{
								"key": "minecraft:behavior.hurt_by_target",
								"is_minified": true,
								"children": {
									"priority": 3
								}
							},
							{
								"open": {
									"minecraft:behavior.float": {
										"priority": 19
									},
									"minecraft:behavior.hurt_by_target": {
										"priority": 3
									},
									"minecraft:behavior.nearest_attackable_target": {
										"entity_types": [
											{
												"filters": {
													"all_of": [
														{
															"subject": "other",
															"test": "is_family",
															"operator": "!=",
															"value": "wg"
														}
													]
												},
												"max_dist": 6666
											}
										],
										"must_see": false,
										"priority": 0
									},
									"minecraft:behavior.random_hover": {
										"hover_height": [
											1,
											4
										],
										"interval": 1,
										"priority": 11,
										"xz_dist": 8,
										"y_dist": 8,
										"y_offset": -1
									},
									"minecraft:behavior.ranged_attack": {
										"attack_interval_max": 1,
										"attack_interval_min": 1,
										"attack_radius": 999999,
										"burst_interval": 0.1,
										"burst_shots": 20
									},
									"minecraft:behavior.tempt": {
										"can_tempt_vertically": true,
										"items": [
											"minecraft:red_flower",
											"minecraft:yellow_flower",
											"minecraft:wither_rose",
											"minecraft:double_plant:0",
											"minecraft:double_plant:1",
											"minecraft:double_plant:4",
											"minecraft:double_plant:5"
										],
										"priority": 5,
										"speed_multiplier": 1.25,
										"within_radius": 8
									},
									"minecraft:block_sensor": {
										"on_break": [
											{
												"block_list": [
													"minecraft:beehive",
													"minecraft:bee_nest"
												],
												"on_block_broken": "hive_destroyed"
											}
										],
										"sensor_radius": 16
									},
									"minecraft:can_fly": {},
									"minecraft:collision_box": {
										"height": 0,
										"width": 0
									},
									"minecraft:damage_sensor": {
										"triggers": {
											"cause": "all",
											"deals_damage": false
										}
									},
									"minecraft:experience_reward": {
										"on_death": "query.last_hit_by_player ? 10 : 0"
									},
									"minecraft:explode": {
										"causesFire": false,
										"destroyAffectedByGriefing": true,
										"fuseLength": 3.5,
										"fuseLit": true,
										"power": 0
									},
									"minecraft:fall_damage": {
										"max": 0.1,
										"value": 0.1
									},
									"minecraft:fire_immune": true,
									"minecraft:flying_speed": {
										"value": 0.15
									},
									"minecraft:follow_range": {
										"value": 1024
									},
									"minecraft:health": {
										"max": 10,
										"min": 10,
										"value": 10
									},
									"minecraft:home": {},
									"minecraft:hurt_on_condition": {
										"damage_conditions": [
											{
												"cause": "lava",
												"damage_per_tick": 4,
												"filters": {
													"operator": "==",
													"subject": "self",
													"test": "in_lava",
													"value": true
												}
											}
										]
									},
									"minecraft:jump.static": {},
									"minecraft:leashable": {
										"hard_distance": 6,
										"max_distance": 10,
										"soft_distance": 4
									},
									"minecraft:movement": {
										"value": 0.3
									},
									"minecraft:movement.hover": {},
									"minecraft:navigation.hover": {
										"avoid_damage_blocks": true,
										"avoid_sun": false,
										"avoid_water": true,
										"can_path_from_air": true,
										"can_path_over_water": true,
										"can_sink": false
									},
									"minecraft:physics": {},
									"minecraft:pushable": {
										"is_pushable": true,
										"is_pushable_by_piston": true
									},
									"minecraft:scale": {
										"value": 4
									},
									"minecraft:shooter": {
										"def": "invisible:ball"
									},
									"minecraft:spell_effects": {
										"add_effects": [
											{
												"ambient": true,
												"amplifier": 2,
												"duration": 25555,
												"effect": "levitation",
												"visible": false
											}
										]
									},
									"minecraft:type_family": {
										"family": [
											"wg"
										]
									},
									"minecraft:behavior.look_at_target": {
										"priority": 0
									}
								},
								"key": "minecraft:behavior.nearest_attackable_target",
								"children": [
									{
										"open": {
											"entity_types": [
												{
													"filters": {
														"all_of": [
															{
																"subject": "other",
																"test": "is_family",
																"operator": "!=",
																"value": "wg"
															}
														]
													},
													"max_dist": 6666
												}
											],
											"must_see": false,
											"priority": 0
										},
										"key": "entity_types",
										"children": [
											{
												"open": [
													{
														"filters": {
															"all_of": [
																{
																	"subject": "other",
																	"test": "is_family",
																	"operator": "!=",
																	"value": "wg"
																}
															]
														},
														"max_dist": 6666
													}
												],
												"children": [
													{
														"open": {
															"filters": {
																"all_of": [
																	{
																		"subject": "other",
																		"test": "is_family",
																		"operator": "!=",
																		"value": "wg"
																	}
																]
															},
															"max_dist": 6666
														},
														"key": "filters",
														"children": [
															{
																"open": {
																	"all_of": [
																		{
																			"subject": "other",
																			"test": "is_family",
																			"operator": "!=",
																			"value": "wg"
																		}
																	]
																},
																"key": "all_of",
																"children": [
																	{
																		"open": [
																			{
																				"subject": "other",
																				"test": "is_family",
																				"operator": "!=",
																				"value": "wg"
																			}
																		],
																		"is_minified": true,
																		"children": {
																			"subject": "other",
																			"test": "is_family",
																			"operator": "!=",
																			"value": "wg"
																		}
																	}
																]
															}
														]
													},
													{
														"data": "6666",
														"key": "max_dist"
													}
												]
											}
										]
									},
									{
										"data": "false",
										"key": "must_see"
									},
									{
										"data": "0",
										"key": "priority"
									}
								]
							},
							{
								"key": "minecraft:behavior.random_hover",
								"is_minified": true,
								"children": {
									"hover_height": [
										1,
										4
									],
									"interval": 1,
									"priority": 11,
									"xz_dist": 8,
									"y_dist": 8,
									"y_offset": -1
								}
							},
							{
								"key": "minecraft:behavior.ranged_attack",
								"is_minified": true,
								"children": {
									"attack_interval_max": 1,
									"attack_interval_min": 1,
									"attack_radius": 999999,
									"burst_interval": 0.1,
									"burst_shots": 20
								}
							},
							{
								"key": "minecraft:behavior.tempt",
								"is_minified": true,
								"children": {
									"can_tempt_vertically": true,
									"items": [
										"minecraft:red_flower",
										"minecraft:yellow_flower",
										"minecraft:wither_rose",
										"minecraft:double_plant:0",
										"minecraft:double_plant:1",
										"minecraft:double_plant:4",
										"minecraft:double_plant:5"
									],
									"priority": 5,
									"speed_multiplier": 1.25,
									"within_radius": 8
								}
							},
							{
								"key": "minecraft:block_sensor",
								"is_minified": true,
								"children": {
									"on_break": [
										{
											"block_list": [
												"minecraft:beehive",
												"minecraft:bee_nest"
											],
											"on_block_broken": "hive_destroyed"
										}
									],
									"sensor_radius": 16
								}
							},
							{
								"key": "minecraft:can_fly",
								"is_minified": true,
								"children": {}
							},
							{
								"key": "minecraft:collision_box",
								"is_minified": true,
								"children": {
									"height": 0,
									"width": 0
								}
							},
							{
								"key": "minecraft:damage_sensor",
								"is_minified": true,
								"children": {
									"triggers": {
										"cause": "all",
										"deals_damage": false
									}
								}
							},
							{
								"key": "minecraft:experience_reward",
								"is_minified": true,
								"children": {
									"on_death": "query.last_hit_by_player ? 10 : 0"
								}
							},
							{
								"key": "minecraft:explode",
								"is_minified": true,
								"children": {
									"causesFire": false,
									"destroyAffectedByGriefing": true,
									"fuseLength": 3.5,
									"fuseLit": true,
									"power": 0
								}
							},
							{
								"key": "minecraft:fall_damage",
								"is_minified": true,
								"children": {
									"max": 0.1,
									"value": 0.1
								}
							},
							{
								"data": "true",
								"key": "minecraft:fire_immune"
							},
							{
								"key": "minecraft:flying_speed",
								"is_minified": true,
								"children": {
									"value": 0.15
								}
							},
							{
								"key": "minecraft:follow_range",
								"is_minified": true,
								"children": {
									"value": 1024
								}
							},
							{
								"key": "minecraft:health",
								"is_minified": true,
								"children": {
									"max": 10,
									"min": 10,
									"value": 10
								}
							},
							{
								"key": "minecraft:home",
								"is_minified": true,
								"children": {}
							},
							{
								"key": "minecraft:hurt_on_condition",
								"is_minified": true,
								"children": {
									"damage_conditions": [
										{
											"cause": "lava",
											"damage_per_tick": 4,
											"filters": {
												"operator": "==",
												"subject": "self",
												"test": "in_lava",
												"value": true
											}
										}
									]
								}
							},
							{
								"key": "minecraft:jump.static",
								"is_minified": true,
								"children": {}
							},
							{
								"key": "minecraft:leashable",
								"is_minified": true,
								"children": {
									"hard_distance": 6,
									"max_distance": 10,
									"soft_distance": 4
								}
							},
							{
								"key": "minecraft:movement",
								"is_minified": true,
								"children": {
									"value": 0.3
								}
							},
							{
								"key": "minecraft:movement.hover",
								"is_minified": true,
								"children": {}
							},
							{
								"key": "minecraft:navigation.hover",
								"is_minified": true,
								"children": {
									"avoid_damage_blocks": true,
									"avoid_sun": false,
									"avoid_water": true,
									"can_path_from_air": true,
									"can_path_over_water": true,
									"can_sink": false
								}
							},
							{
								"key": "minecraft:physics",
								"is_minified": true,
								"children": {}
							},
							{
								"key": "minecraft:pushable",
								"is_minified": true,
								"children": {
									"is_pushable": true,
									"is_pushable_by_piston": true
								}
							},
							{
								"key": "minecraft:scale",
								"is_minified": true,
								"children": {
									"value": 4
								}
							},
							{
								"key": "minecraft:shooter",
								"is_minified": true,
								"children": {
									"def": "invisible:ball"
								}
							},
							{
								"key": "minecraft:spell_effects",
								"is_minified": true,
								"children": {
									"add_effects": [
										{
											"ambient": true,
											"amplifier": 2,
											"duration": 25555,
											"effect": "levitation",
											"visible": false
										}
									]
								}
							},
							{
								"open": {
									"minecraft:behavior.float": {
										"priority": 19
									},
									"minecraft:behavior.hurt_by_target": {
										"priority": 3
									},
									"minecraft:behavior.nearest_attackable_target": {
										"entity_types": [
											{
												"filters": {
													"all_of": [
														{
															"subject": "other",
															"test": "is_family",
															"operator": "!=",
															"value": "wg"
														}
													]
												},
												"max_dist": 6666
											}
										],
										"must_see": false,
										"priority": 0
									},
									"minecraft:behavior.random_hover": {
										"hover_height": [
											1,
											4
										],
										"interval": 1,
										"priority": 11,
										"xz_dist": 8,
										"y_dist": 8,
										"y_offset": -1
									},
									"minecraft:behavior.ranged_attack": {
										"attack_interval_max": 1,
										"attack_interval_min": 1,
										"attack_radius": 999999,
										"burst_interval": 0.1,
										"burst_shots": 20
									},
									"minecraft:behavior.tempt": {
										"can_tempt_vertically": true,
										"items": [
											"minecraft:red_flower",
											"minecraft:yellow_flower",
											"minecraft:wither_rose",
											"minecraft:double_plant:0",
											"minecraft:double_plant:1",
											"minecraft:double_plant:4",
											"minecraft:double_plant:5"
										],
										"priority": 5,
										"speed_multiplier": 1.25,
										"within_radius": 8
									},
									"minecraft:block_sensor": {
										"on_break": [
											{
												"block_list": [
													"minecraft:beehive",
													"minecraft:bee_nest"
												],
												"on_block_broken": "hive_destroyed"
											}
										],
										"sensor_radius": 16
									},
									"minecraft:can_fly": {},
									"minecraft:collision_box": {
										"height": 0,
										"width": 0
									},
									"minecraft:damage_sensor": {
										"triggers": {
											"cause": "all",
											"deals_damage": false
										}
									},
									"minecraft:experience_reward": {
										"on_death": "query.last_hit_by_player ? 10 : 0"
									},
									"minecraft:explode": {
										"causesFire": false,
										"destroyAffectedByGriefing": true,
										"fuseLength": 3.5,
										"fuseLit": true,
										"power": 0
									},
									"minecraft:fall_damage": {
										"max": 0.1,
										"value": 0.1
									},
									"minecraft:fire_immune": true,
									"minecraft:flying_speed": {
										"value": 0.15
									},
									"minecraft:follow_range": {
										"value": 1024
									},
									"minecraft:health": {
										"max": 10,
										"min": 10,
										"value": 10
									},
									"minecraft:home": {},
									"minecraft:hurt_on_condition": {
										"damage_conditions": [
											{
												"cause": "lava",
												"damage_per_tick": 4,
												"filters": {
													"operator": "==",
													"subject": "self",
													"test": "in_lava",
													"value": true
												}
											}
										]
									},
									"minecraft:jump.static": {},
									"minecraft:leashable": {
										"hard_distance": 6,
										"max_distance": 10,
										"soft_distance": 4
									},
									"minecraft:movement": {
										"value": 0.3
									},
									"minecraft:movement.hover": {},
									"minecraft:navigation.hover": {
										"avoid_damage_blocks": true,
										"avoid_sun": false,
										"avoid_water": true,
										"can_path_from_air": true,
										"can_path_over_water": true,
										"can_sink": false
									},
									"minecraft:physics": {},
									"minecraft:pushable": {
										"is_pushable": true,
										"is_pushable_by_piston": true
									},
									"minecraft:scale": {
										"value": 4
									},
									"minecraft:shooter": {
										"def": "invisible:ball"
									},
									"minecraft:spell_effects": {
										"add_effects": [
											{
												"ambient": true,
												"amplifier": 2,
												"duration": 25555,
												"effect": "levitation",
												"visible": false
											}
										]
									},
									"minecraft:type_family": {
										"family": [
											"wg"
										]
									},
									"minecraft:behavior.look_at_target": {
										"priority": 0
									}
								},
								"key": "minecraft:type_family",
								"children": [
									{
										"open": {
											"family": [
												"wg"
											]
										},
										"key": "family",
										"is_minified": true,
										"children": [
											"wg"
										]
									}
								]
							},
							{
								"key": "minecraft:behavior.look_at_target",
								"is_minified": true,
								"children": {
									"priority": 0
								}
							}
						]
					},
					{
						"key": "events",
						"is_minified": true,
						"children": {
							"abort_sheltering": {
								"add": {
									"component_groups": [
										"shelter_detection",
										"look_for_food"
									]
								},
								"remove": {
									"component_groups": [
										"abort_shelter_detection",
										"return_to_home"
									]
								}
							},
							"attacked": {
								"sequence": [
									{
										"add": {
											"component_groups": [
												"angry_bee"
											]
										},
										"remove": {
											"component_groups": [
												"take_nearest_target"
											]
										}
									},
									{
										"add": {
											"component_groups": [
												"easy_attack"
											]
										},
										"filters": {
											"test": "is_difficulty",
											"value": "normal"
										},
										"remove": {
											"component_groups": [
												"normal_attack",
												"hard_attack"
											]
										}
									},
									{
										"add": {
											"component_groups": [
												"normal_attack"
											]
										},
										"filters": {
											"test": "is_difficulty",
											"value": "normal"
										},
										"remove": {
											"component_groups": [
												"easy_attack",
												"hard_attack"
											]
										}
									},
									{
										"add": {
											"component_groups": [
												"hard_attack"
											]
										},
										"filters": {
											"test": "is_difficulty",
											"value": "hard"
										},
										"remove": {
											"component_groups": [
												"easy_attack",
												"normal_attack"
											]
										}
									}
								]
							},
							"calmed_down": {
								"add": {
									"component_groups": [
										"shelter_detection",
										"return_to_home"
									]
								},
								"remove": {
									"component_groups": [
										"angry_bee",
										"take_nearest_target"
									]
								}
							},
							"collected_nectar": {
								"add": {
									"component_groups": [
										"return_to_home",
										"has_nectar",
										"default_sound"
									]
								},
								"remove": {
									"component_groups": [
										"look_for_food"
									]
								}
							},
							"countdown_to_perish_event": {
								"add": {
									"component_groups": [
										"countdown_to_perish"
									]
								},
								"remove": {
									"component_groups": [
										"collect_nectar",
										"track_attacker",
										"take_nearest_target",
										"look_for_food",
										"angry_bee",
										"hive_full",
										"find_hive"
									]
								}
							},
							"find_flower_timeout": {
								"add": {
									"component_groups": [
										"return_to_home"
									]
								},
								"remove": {
									"component_groups": [
										"look_for_food"
									]
								}
							},
							"find_hive_event": {
								"add": {
									"component_groups": [
										"find_hive"
									]
								},
								"remove": {
									"component_groups": [
										"return_to_home",
										"hive_full"
									]
								}
							},
							"find_hive_timeout": {
								"sequence": [
									{
										"add": {
											"component_groups": [
												"look_for_food"
											]
										},
										"filters": {
											"operator": "!=",
											"test": "has_component",
											"value": "minecraft:is_charged"
										},
										"remove": {
											"component_groups": [
												"find_hive"
											]
										}
									},
									{
										"add": {
											"component_groups": [
												"return_to_home"
											]
										},
										"filters": {
											"test": "has_component",
											"value": "minecraft:is_charged"
										},
										"remove": {
											"component_groups": [
												"find_hive"
											]
										}
									}
								]
							},
							"hive_destroyed": {
								"sequence": [
									{
										"add": {
											"component_groups": [
												"take_nearest_target"
											]
										},
										"filters": {
											"operator": "!=",
											"subject": "self",
											"test": "is_family",
											"value": "pacified"
										}
									}
								]
							},
							"minecraft:ageable_grow_up": {
								"add": {
									"component_groups": [
										"bee_adult"
									]
								},
								"remove": {
									"component_groups": [
										"bee_baby"
									]
								}
							},
							"minecraft:entity_born": {
								"add": {
									"component_groups": [
										"bee_baby",
										"shelter_detection",
										"track_attacker",
										"look_for_food"
									]
								}
							},
							"minecraft:entity_spawned": {
								"sequence": [
									{
										"randomize": [
											{
												"add": {
													"component_groups": [
														"bee_adult"
													]
												},
												"weight": 95
											},
											{
												"add": {
													"component_groups": [
														"bee_baby"
													]
												},
												"weight": 5
											}
										]
									},
									{
										"add": {
											"component_groups": [
												"track_attacker",
												"shelter_detection",
												"look_for_food"
											]
										}
									}
								]
							},
							"minecraft:exited_disturbed_hive": {
								"add": {
									"component_groups": [
										"take_nearest_target"
									]
								},
								"remove": {
									"component_groups": [
										"find_hive",
										"return_to_home",
										"has_nectar",
										"abort_shelter_detection",
										"shelter_detection"
									]
								}
							},
							"minecraft:exited_hive": {
								"add": {
									"component_groups": [
										"look_for_food",
										"shelter_detection"
									]
								},
								"remove": {
									"component_groups": [
										"find_hive",
										"return_to_home",
										"has_nectar",
										"abort_shelter_detection"
									]
								}
							},
							"minecraft:hive_full": {
								"add": {
									"component_groups": [
										"hive_full"
									]
								},
								"remove": {
									"component_groups": [
										"find_hive",
										"return_to_home"
									]
								}
							},
							"perish_event": {
								"add": {
									"component_groups": [
										"perish"
									]
								}
							},
							"seek_shelter": {
								"add": {
									"component_groups": [
										"default_sound",
										"return_to_home",
										"abort_shelter_detection"
									]
								},
								"remove": {
									"component_groups": [
										"look_for_food",
										"collect_nectar",
										"shelter_detection"
									]
								}
							}
						}
					}
				]
			}
		]
	}
}