{
	"file_path": "C:\\Users\\windows10\\AppData\\Local\\Packages\\Microsoft.MinecraftUWP_8wekyb3d8bbwe\\LocalState\\games\\com.mojang\\development_behavior_packs\\UT_sans\\entities\\invisible_ball.json",
	"file_type": "entity",
	"format_version": 1,
	"file_uuid": "156cff9a_fae6_4fff_8fef_c24308025306",
	"file_version": 1,
	"cache_content": {
		"children": [
			{
				"data": "1.8.0",
				"key": "format_version"
			},
			{
				"open": {
					"format_version": "1.8.0",
					"minecraft:entity": {
						"description": {
							"identifier": "invisible:ball",
							"is_spawnable": false,
							"is_summonable": true,
							"is_experimental": false,
							"runtime_identifier": "minecraft:snowball",
							"scripts": {
								"animate": [
									"a"
								]
							},
							"animations": {
								"a": "animation.god.a"
							}
						},
						"component_groups": {
							"health": {
								"minecraft:health": {
									"value": 66
								}
							},
							"god": {
								"minecraft:scale": {
									"value": 1
								},
								"minecraft:projectile": {
									"particle": "explode",
									"onHit": {
										"impact_damage": {
											"damage": 1,
											"knockback": false
										}
									},
									"power": 3.5,
									"catchFire": false,
									"offset": [
										0,
										1.45,
										0
									],
									"gravity": 0,
									"uncertaintyBase": 0
								}
							}
						},
						"components": {
							"minecraft:timer": {
								"time": [
									0,
									0
								],
								"looping": true,
								"time_down_event": {
									"event": "health",
									"target": "self"
								}
							},
							"minecraft:type_family": {
								"family": [
									"wg"
								]
							},
							"minecraft:projectile": {
								"particle": "explode",
								"onHit": {
									"impact_damage": {
										"damage": 233,
										"knockback": false
									}
								},
								"power": 3.5,
								"catchFire": true,
								"offset": [
									0,
									1.45,
									0
								],
								"gravity": 0,
								"uncertaintyBase": 0
							},
							"minecraft:behavior.melee_attack": {
								"priority": 3,
								"speed_multiplier": 1,
								"track_target": true
							},
							"minecraft:attack": {
								"damage": 2
							},
							"minecraft:behavior.look_at_target": {
								"priority": 1
							},
							"minecraft:health": {
								"value": 20
							},
							"minecraft:scale": {
								"value": 1
							},
							"minecraft:fire_immune": true,
							"minecraft:pushable": {
								"is_pushable": false,
								"is_pushable_by_piston": false
							},
							"minecraft:explode": {
								"fuseLength": 5,
								"fuseLit": true,
								"power": 0,
								"causesFire": true,
								"fireAffectedByGriefing": true,
								"destroyAffectedByGriefing": true
							},
							"minecraft:behavior.nearest_attackable_target": {
								"priority": 0,
								"entity_types": [
									{
										"filters": {
											"all_of": [
												{
													"test": "is_family",
													"subject": "other",
													"operator": "!=",
													"value": "wg"
												},
												{
													"test": "is_family",
													"subject": "other",
													"operator": "!=",
													"value": "wg"
												}
											]
										},
										"max_dist": 6666
									}
								],
								"must_see": false
							},
							"minecraft:damage_sensor": {
								"triggers": {
									"on_damage": {
										"event": "health"
									},
									"deals_damage": false
								}
							},
							"minecraft:collision_box": {
								"width": 0,
								"height": 0
							},
							"minecraft:physics": {}
						},
						"event": {
							"health": {
								"add": {
									"component_groups": [
										"health"
									]
								}
							},
							"god": {
								"add": {
									"component_groups": [
										"god"
									]
								}
							}
						}
					}
				},
				"key": "minecraft:entity",
				"children": [
					{
						"key": "description",
						"is_minified": true,
						"children": {
							"identifier": "invisible:ball",
							"is_spawnable": false,
							"is_summonable": true,
							"is_experimental": false,
							"runtime_identifier": "minecraft:snowball",
							"scripts": {
								"animate": [
									"a"
								]
							},
							"animations": {
								"a": "animation.god.a"
							}
						}
					},
					{
						"open": {
							"description": {
								"identifier": "invisible:ball",
								"is_spawnable": false,
								"is_summonable": true,
								"is_experimental": false,
								"runtime_identifier": "minecraft:snowball",
								"scripts": {
									"animate": [
										"a"
									]
								},
								"animations": {
									"a": "animation.god.a"
								}
							},
							"component_groups": {
								"health": {
									"minecraft:health": {
										"value": 66
									}
								},
								"god": {
									"minecraft:scale": {
										"value": 1
									},
									"minecraft:projectile": {
										"particle": "explode",
										"onHit": {
											"impact_damage": {
												"damage": 1,
												"knockback": false
											}
										},
										"power": 3.5,
										"catchFire": false,
										"offset": [
											0,
											1.45,
											0
										],
										"gravity": 0,
										"uncertaintyBase": 0
									}
								}
							},
							"components": {
								"minecraft:timer": {
									"time": [
										0,
										0
									],
									"looping": true,
									"time_down_event": {
										"event": "health",
										"target": "self"
									}
								},
								"minecraft:type_family": {
									"family": [
										"wg"
									]
								},
								"minecraft:projectile": {
									"particle": "explode",
									"onHit": {
										"impact_damage": {
											"damage": 233,
											"knockback": false
										}
									},
									"power": 3.5,
									"catchFire": true,
									"offset": [
										0,
										1.45,
										0
									],
									"gravity": 0,
									"uncertaintyBase": 0
								},
								"minecraft:behavior.melee_attack": {
									"priority": 3,
									"speed_multiplier": 1,
									"track_target": true
								},
								"minecraft:attack": {
									"damage": 2
								},
								"minecraft:behavior.look_at_target": {
									"priority": 1
								},
								"minecraft:health": {
									"value": 20
								},
								"minecraft:scale": {
									"value": 1
								},
								"minecraft:fire_immune": true,
								"minecraft:pushable": {
									"is_pushable": false,
									"is_pushable_by_piston": false
								},
								"minecraft:explode": {
									"fuseLength": 5,
									"fuseLit": true,
									"power": 0,
									"causesFire": true,
									"fireAffectedByGriefing": true,
									"destroyAffectedByGriefing": true
								},
								"minecraft:behavior.nearest_attackable_target": {
									"priority": 0,
									"entity_types": [
										{
											"filters": {
												"all_of": [
													{
														"test": "is_family",
														"subject": "other",
														"operator": "!=",
														"value": "wg"
													},
													{
														"test": "is_family",
														"subject": "other",
														"operator": "!=",
														"value": "wg"
													}
												]
											},
											"max_dist": 6666
										}
									],
									"must_see": false
								},
								"minecraft:damage_sensor": {
									"triggers": {
										"on_damage": {
											"event": "health"
										},
										"deals_damage": false
									}
								},
								"minecraft:collision_box": {
									"width": 0,
									"height": 0
								},
								"minecraft:physics": {}
							},
							"event": {
								"health": {
									"add": {
										"component_groups": [
											"health"
										]
									}
								},
								"god": {
									"add": {
										"component_groups": [
											"god"
										]
									}
								}
							}
						},
						"key": "component_groups",
						"is_minified": true,
						"children": {
							"health": {
								"minecraft:health": {
									"value": 66
								}
							},
							"god": {
								"minecraft:scale": {
									"value": 1
								},
								"minecraft:projectile": {
									"particle": "explode",
									"onHit": {
										"impact_damage": {
											"damage": 1,
											"knockback": false
										}
									},
									"power": 3.5,
									"catchFire": false,
									"offset": [
										0,
										1.45,
										0
									],
									"gravity": 0,
									"uncertaintyBase": 0
								}
							}
						}
					},
					{
						"open": {
							"description": {
								"identifier": "invisible:ball",
								"is_spawnable": false,
								"is_summonable": true,
								"is_experimental": false,
								"runtime_identifier": "minecraft:snowball",
								"scripts": {
									"animate": [
										"a"
									]
								},
								"animations": {
									"a": "animation.god.a"
								}
							},
							"component_groups": {
								"health": {
									"minecraft:health": {
										"value": 66
									}
								},
								"god": {
									"minecraft:scale": {
										"value": 1
									},
									"minecraft:projectile": {
										"particle": "explode",
										"onHit": {
											"impact_damage": {
												"damage": 1,
												"knockback": false
											}
										},
										"power": 3.5,
										"catchFire": false,
										"offset": [
											0,
											1.45,
											0
										],
										"gravity": 0,
										"uncertaintyBase": 0
									}
								}
							},
							"components": {
								"minecraft:timer": {
									"time": [
										0,
										0
									],
									"looping": true,
									"time_down_event": {
										"event": "health",
										"target": "self"
									}
								},
								"minecraft:type_family": {
									"family": [
										"wg"
									]
								},
								"minecraft:projectile": {
									"particle": "explode",
									"onHit": {
										"impact_damage": {
											"damage": 233,
											"knockback": false
										}
									},
									"power": 3.5,
									"catchFire": true,
									"offset": [
										0,
										1.45,
										0
									],
									"gravity": 0,
									"uncertaintyBase": 0
								},
								"minecraft:behavior.melee_attack": {
									"priority": 3,
									"speed_multiplier": 1,
									"track_target": true
								},
								"minecraft:attack": {
									"damage": 2
								},
								"minecraft:behavior.look_at_target": {
									"priority": 1
								},
								"minecraft:health": {
									"value": 20
								},
								"minecraft:scale": {
									"value": 1
								},
								"minecraft:fire_immune": true,
								"minecraft:pushable": {
									"is_pushable": false,
									"is_pushable_by_piston": false
								},
								"minecraft:explode": {
									"fuseLength": 5,
									"fuseLit": true,
									"power": 0,
									"causesFire": true,
									"fireAffectedByGriefing": true,
									"destroyAffectedByGriefing": true
								},
								"minecraft:behavior.nearest_attackable_target": {
									"priority": 0,
									"entity_types": [
										{
											"filters": {
												"all_of": [
													{
														"test": "is_family",
														"subject": "other",
														"operator": "!=",
														"value": "wg"
													},
													{
														"test": "is_family",
														"subject": "other",
														"operator": "!=",
														"value": "wg"
													}
												]
											},
											"max_dist": 6666
										}
									],
									"must_see": false
								},
								"minecraft:damage_sensor": {
									"triggers": {
										"on_damage": {
											"event": "health"
										},
										"deals_damage": false
									}
								},
								"minecraft:collision_box": {
									"width": 0,
									"height": 0
								},
								"minecraft:physics": {}
							},
							"event": {
								"health": {
									"add": {
										"component_groups": [
											"health"
										]
									}
								},
								"god": {
									"add": {
										"component_groups": [
											"god"
										]
									}
								}
							}
						},
						"key": "components",
						"children": [
							{
								"key": "minecraft:timer",
								"is_minified": true,
								"children": {
									"time": [
										0,
										0
									],
									"looping": true,
									"time_down_event": {
										"event": "health",
										"target": "self"
									}
								}
							},
							{
								"open": {
									"minecraft:timer": {
										"time": [
											0,
											0
										],
										"looping": true,
										"time_down_event": {
											"event": "health",
											"target": "self"
										}
									},
									"minecraft:type_family": {
										"family": [
											"wg"
										]
									},
									"minecraft:projectile": {
										"particle": "explode",
										"onHit": {
											"impact_damage": {
												"damage": 233,
												"knockback": false
											}
										},
										"power": 3.5,
										"catchFire": true,
										"offset": [
											0,
											1.45,
											0
										],
										"gravity": 0,
										"uncertaintyBase": 0
									},
									"minecraft:behavior.melee_attack": {
										"priority": 3,
										"speed_multiplier": 1,
										"track_target": true
									},
									"minecraft:attack": {
										"damage": 2
									},
									"minecraft:behavior.look_at_target": {
										"priority": 1
									},
									"minecraft:health": {
										"value": 20
									},
									"minecraft:scale": {
										"value": 1
									},
									"minecraft:fire_immune": true,
									"minecraft:pushable": {
										"is_pushable": false,
										"is_pushable_by_piston": false
									},
									"minecraft:explode": {
										"fuseLength": 5,
										"fuseLit": true,
										"power": 0,
										"causesFire": true,
										"fireAffectedByGriefing": true,
										"destroyAffectedByGriefing": true
									},
									"minecraft:behavior.nearest_attackable_target": {
										"priority": 0,
										"entity_types": [
											{
												"filters": {
													"all_of": [
														{
															"test": "is_family",
															"subject": "other",
															"operator": "!=",
															"value": "wg"
														},
														{
															"test": "is_family",
															"subject": "other",
															"operator": "!=",
															"value": "wg"
														}
													]
												},
												"max_dist": 6666
											}
										],
										"must_see": false
									},
									"minecraft:damage_sensor": {
										"triggers": {
											"on_damage": {
												"event": "health"
											},
											"deals_damage": false
										}
									},
									"minecraft:collision_box": {
										"width": 0,
										"height": 0
									},
									"minecraft:physics": {}
								},
								"key": "minecraft:type_family",
								"children": [
									{
										"open": {
											"family": [
												"wg"
											]
										},
										"key": "family",
										"is_minified": true,
										"children": [
											"wg"
										]
									}
								]
							},
							{
								"key": "minecraft:projectile",
								"is_minified": true,
								"children": {
									"particle": "explode",
									"onHit": {
										"impact_damage": {
											"damage": 233,
											"knockback": false
										}
									},
									"power": 3.5,
									"catchFire": true,
									"offset": [
										0,
										1.45,
										0
									],
									"gravity": 0,
									"uncertaintyBase": 0
								}
							},
							{
								"key": "minecraft:behavior.melee_attack",
								"is_minified": true,
								"children": {
									"priority": 3,
									"speed_multiplier": 1,
									"track_target": true
								}
							},
							{
								"key": "minecraft:attack",
								"is_minified": true,
								"children": {
									"damage": 2
								}
							},
							{
								"key": "minecraft:behavior.look_at_target",
								"is_minified": true,
								"children": {
									"priority": 1
								}
							},
							{
								"key": "minecraft:health",
								"is_minified": true,
								"children": {
									"value": 20
								}
							},
							{
								"key": "minecraft:scale",
								"is_minified": true,
								"children": {
									"value": 1
								}
							},
							{
								"data": "true",
								"key": "minecraft:fire_immune"
							},
							{
								"key": "minecraft:pushable",
								"is_minified": true,
								"children": {
									"is_pushable": false,
									"is_pushable_by_piston": false
								}
							},
							{
								"key": "minecraft:explode",
								"is_minified": true,
								"children": {
									"fuseLength": 5,
									"fuseLit": true,
									"power": 0,
									"causesFire": true,
									"fireAffectedByGriefing": true,
									"destroyAffectedByGriefing": true
								}
							},
							{
								"open": {
									"minecraft:timer": {
										"time": [
											0,
											0
										],
										"looping": true,
										"time_down_event": {
											"event": "health",
											"target": "self"
										}
									},
									"minecraft:type_family": {
										"family": [
											"wg"
										]
									},
									"minecraft:projectile": {
										"particle": "explode",
										"onHit": {
											"impact_damage": {
												"damage": 233,
												"knockback": false
											}
										},
										"power": 3.5,
										"catchFire": true,
										"offset": [
											0,
											1.45,
											0
										],
										"gravity": 0,
										"uncertaintyBase": 0
									},
									"minecraft:behavior.melee_attack": {
										"priority": 3,
										"speed_multiplier": 1,
										"track_target": true
									},
									"minecraft:attack": {
										"damage": 2
									},
									"minecraft:behavior.look_at_target": {
										"priority": 1
									},
									"minecraft:health": {
										"value": 20
									},
									"minecraft:scale": {
										"value": 1
									},
									"minecraft:fire_immune": true,
									"minecraft:pushable": {
										"is_pushable": false,
										"is_pushable_by_piston": false
									},
									"minecraft:explode": {
										"fuseLength": 5,
										"fuseLit": true,
										"power": 0,
										"causesFire": true,
										"fireAffectedByGriefing": true,
										"destroyAffectedByGriefing": true
									},
									"minecraft:behavior.nearest_attackable_target": {
										"priority": 0,
										"entity_types": [
											{
												"filters": {
													"all_of": [
														{
															"test": "is_family",
															"subject": "other",
															"operator": "!=",
															"value": "wg"
														},
														{
															"test": "is_family",
															"subject": "other",
															"operator": "!=",
															"value": "wg"
														}
													]
												},
												"max_dist": 6666
											}
										],
										"must_see": false
									},
									"minecraft:damage_sensor": {
										"triggers": {
											"on_damage": {
												"event": "health"
											},
											"deals_damage": false
										}
									},
									"minecraft:collision_box": {
										"width": 0,
										"height": 0
									},
									"minecraft:physics": {}
								},
								"key": "minecraft:behavior.nearest_attackable_target",
								"children": [
									{
										"data": "0",
										"key": "priority"
									},
									{
										"open": {
											"priority": 0,
											"entity_types": [
												{
													"filters": {
														"all_of": [
															{
																"test": "is_family",
																"subject": "other",
																"operator": "!=",
																"value": "wg"
															},
															{
																"test": "is_family",
																"subject": "other",
																"operator": "!=",
																"value": "wg"
															}
														]
													},
													"max_dist": 6666
												}
											],
											"must_see": false
										},
										"key": "entity_types",
										"children": [
											{
												"open": [
													{
														"filters": {
															"all_of": [
																{
																	"test": "is_family",
																	"subject": "other",
																	"operator": "!=",
																	"value": "wg"
																},
																{
																	"test": "is_family",
																	"subject": "other",
																	"operator": "!=",
																	"value": "wg"
																}
															]
														},
														"max_dist": 6666
													}
												],
												"children": [
													{
														"open": {
															"filters": {
																"all_of": [
																	{
																		"test": "is_family",
																		"subject": "other",
																		"operator": "!=",
																		"value": "wg"
																	},
																	{
																		"test": "is_family",
																		"subject": "other",
																		"operator": "!=",
																		"value": "wg"
																	}
																]
															},
															"max_dist": 6666
														},
														"key": "filters",
														"children": [
															{
																"open": {
																	"all_of": [
																		{
																			"test": "is_family",
																			"subject": "other",
																			"operator": "!=",
																			"value": "wg"
																		},
																		{
																			"test": "is_family",
																			"subject": "other",
																			"operator": "!=",
																			"value": "wg"
																		}
																	]
																},
																"key": "all_of",
																"children": [
																	{
																		"open": [
																			{
																				"test": "is_family",
																				"subject": "other",
																				"operator": "!=",
																				"value": "wg"
																			},
																			{
																				"test": "is_family",
																				"subject": "other",
																				"operator": "!=",
																				"value": "wg"
																			}
																		],
																		"is_minified": true,
																		"children": {
																			"test": "is_family",
																			"subject": "other",
																			"operator": "!=",
																			"value": "wg"
																		}
																	},
																	{
																		"open": [
																			{
																				"test": "is_family",
																				"subject": "other",
																				"operator": "!=",
																				"value": "wg"
																			},
																			{
																				"test": "is_family",
																				"subject": "other",
																				"operator": "!=",
																				"value": "wg"
																			}
																		],
																		"is_minified": true,
																		"children": {
																			"test": "is_family",
																			"subject": "other",
																			"operator": "!=",
																			"value": "wg"
																		}
																	}
																]
															}
														]
													},
													{
														"open": {
															"filters": {
																"all_of": [
																	{
																		"test": "is_family",
																		"subject": "other",
																		"operator": "!=",
																		"value": "wg"
																	},
																	{
																		"test": "is_family",
																		"subject": "other",
																		"operator": "!=",
																		"value": "wg"
																	}
																]
															},
															"max_dist": 6666
														},
														"data": "6666",
														"key": "max_dist"
													}
												]
											}
										]
									},
									{
										"data": "false",
										"key": "must_see"
									}
								]
							},
							{
								"key": "minecraft:damage_sensor",
								"is_minified": true,
								"children": {
									"triggers": {
										"on_damage": {
											"event": "health"
										},
										"deals_damage": false
									}
								}
							},
							{
								"key": "minecraft:collision_box",
								"is_minified": true,
								"children": {
									"width": 0,
									"height": 0
								}
							},
							{
								"key": "minecraft:physics",
								"is_minified": true,
								"children": {}
							}
						]
					},
					{
						"key": "event",
						"is_minified": true,
						"children": {
							"health": {
								"add": {
									"component_groups": [
										"health"
									]
								}
							},
							"god": {
								"add": {
									"component_groups": [
										"god"
									]
								}
							}
						}
					}
				]
			}
		]
	}
}