{
    "format_version": "1.13.0",
    "minecraft:entity": {
        "description": {
            "identifier": "entity:scp111_va",
            "is_spawnable": true,
            "is_summonable": true,
            "is_experimental": false
        },
        "component_groups": {
            "minecraft:scp111": {
                "minecraft:transformation": {
                    "into": "entity:scp111<minecraft:entity_spawned>"
                }
            },
            "minecraft:scp111_1": {
                "minecraft:transformation": {
                    "into": "entity:scp111_1<minecraft:entity_spawned>"
                }
            },
            "minecraft:scp111_2": {
                "minecraft:transformation": {
                    "into": "entity:scp111_2<minecraft:entity_spawned>"
                }
            },
			"minecraft:scp111_3": {
                "minecraft:transformation": {
                    "into": "entity:scp111_3<minecraft:entity_spawned>"
                }
            },
			"minecraft:scp111_4": {
                "minecraft:transformation": {
                    "into": "entity:scp111_4<minecraft:entity_spawned>"
                }
            },
			"minecraft:scp111_5": {
                "minecraft:transformation": {
                    "into": "entity:scp111_5<minecraft:entity_spawned>"
                }
            }
        },
        "components": {
            "minecraft:physics": {},
            "minecraft:type_family": {
                "family": ["inanimate"]
            },
            "minecraft:collision_box": {
                "width": 0.5,
                "height": 0.3
            },
            "minecraft:health": {
                "value": 1,
                "max": 1
            },
            "minecraft:despawn": {}
        },

        "events": {
            "minecraft:entity_spawned": {
                "randomize": [{
                        "weight": 50,
                        "remove": {},
                        "add": {
                            "component_groups": [
                                "minecraft:scp111"
                            ]
                        }
                    }, {
                        "weight": 50,
                        "remove": {},
                        "add": {
                            "component_groups": [
                                "minecraft:scp111_1"
                            ]

                        }
                    }, {
                        "weight": 50,
                        "remove": {},
                        "add": {
                            "component_groups": [
                                "minecraft:scp111_2"
                            ]

                        }
                    }, {
                        "weight": 50,
                        "remove": {},
                        "add": {
                            "component_groups": [
                                "minecraft:scp111_3"
                            ]

                        }
                    }, {
                        "weight": 50,
                        "remove": {},
                        "add": {
                            "component_groups": [
                                "minecraft:scp111_4"
                            ]

                        }
                    }, {
                        "weight": 50,
                        "remove": {},
                        "add": {
                            "component_groups": [
                                "minecraft:scp111_5"
                            ]
                        }
                    }
                ]
            },
			"minecraft:entity_born": {
                "randomize": [{
                        "weight": 50,
                        "remove": {},
                        "add": {
                            "component_groups": [
                                "minecraft:scp111"
                            ]
                        }
                    }, {
                        "weight": 50,
                        "remove": {},
                        "add": {
                            "component_groups": [
                                "minecraft:scp111_1"
                            ]

                        }
                    }, {
                        "weight": 50,
                        "remove": {},
                        "add": {
                            "component_groups": [
                                "minecraft:scp111_2"
                            ]

                        }
                    }, {
                        "weight": 50,
                        "remove": {},
                        "add": {
                            "component_groups": [
                                "minecraft:scp111_3"
                            ]

                        }
                    }, {
                        "weight": 50,
                        "remove": {},
                        "add": {
                            "component_groups": [
                                "minecraft:scp111_4"
                            ]

                        }
                    }, {
                        "weight": 50,
                        "remove": {},
                        "add": {
                            "component_groups": [
                                "minecraft:scp111_5"
                            ]
                        }
                    }
                ]
            }
        }
    }
}
