{"format_version":"1.10.0","minecraft:entity":{"component_groups":{},"components":{"minecraft:collision_box":{"height":0,"width":0},"minecraft:damage_sensor":[{"cause":"all","deals_damage":false}],"minecraft:explode":{"causesFire":true,"destroyAffectedByGriefing":true,"fireAffectedByGriefing":true,"fuseLength":1.2,"fuseLit":true,"power":0},"minecraft:physics":{},"minecraft:scale":{"value":3}},"description":{"identifier":"wg:miss","is_experimental":false,"is_spawnable":false,"is_summonable":true,"runtime_identifier":"minecraft:snowball"},"events":{}}}
