{
	"file_path": "C:\\Users\\windows10\\AppData\\Local\\Packages\\Microsoft.MinecraftUWP_8wekyb3d8bbwe\\LocalState\\games\\com.mojang\\development_behavior_packs\\pack.name\\animations\\stage2.json",
	"file_type": "animation",
	"format_version": 1,
	"file_uuid": "96444d8b_0956_4a98_a54e_9f7e82af7451",
	"file_version": 13,
	"cache_content": {
		"children": [
			{
				"data": "1.10.0",
				"key": "format_version"
			},
			{
				"open": {
					"format_version": "1.10.0",
					"animations": {
						"animation.sans.stage2": {
							"timeline": {
								"0": [
									"/say §4§lI §4§lAM §4§lTHE §4§lMERCY, §4§lI §4§lAM §4§lTHE §4§lVENGEANCE, §4§lI §4§lAM §4§lDETERMINATION...",
									"@s stage2"
								]
							},
							"loop": false,
							"animation_length": 200.1
						},
						"animation.dead.sans": {
							"timeline": {
								"500.0": [
									"/event entity @e[type=wg:sans] dead"
								]
							},
							"loop": false,
							"animation_length": 500.1
						}
					}
				},
				"key": "animations",
				"children": [
					{
						"open": {
							"animation.sans.stage2": {
								"timeline": {
									"0": [
										"/say §4§lI §4§lAM §4§lTHE §4§lMERCY, §4§lI §4§lAM §4§lTHE §4§lVENGEANCE, §4§lI §4§lAM §4§lDETERMINATION...",
										"@s stage2"
									]
								},
								"loop": false,
								"animation_length": 200.1
							},
							"animation.dead.sans": {
								"timeline": {
									"500.0": [
										"/event entity @e[type=wg:sans] dead"
									]
								},
								"loop": false,
								"animation_length": 500.1
							}
						},
						"key": "animation.sans.stage2",
						"children": [
							{
								"open": {
									"timeline": {
										"0": [
											"/say §4§lI §4§lAM §4§lTHE §4§lMERCY, §4§lI §4§lAM §4§lTHE §4§lVENGEANCE, §4§lI §4§lAM §4§lDETERMINATION...",
											"@s stage2"
										]
									},
									"loop": false,
									"animation_length": 200.1
								},
								"key": "timeline",
								"children": [
									{
										"open": {
											"0": [
												"/say §4§lI §4§lAM §4§lTHE §4§lMERCY, §4§lI §4§lAM §4§lTHE §4§lVENGEANCE, §4§lI §4§lAM §4§lDETERMINATION...",
												"@s stage2"
											]
										},
										"key": "0",
										"is_minified": true,
										"children": [
											"/say §4§lI §4§lAM §4§lTHE §4§lMERCY, §4§lI §4§lAM §4§lTHE §4§lVENGEANCE, §4§lI §4§lAM §4§lDETERMINATION...",
											"@s stage2"
										]
									}
								]
							},
							{
								"data": "false",
								"key": "loop"
							},
							{
								"data": "200.1",
								"key": "animation_length"
							}
						]
					},
					{
						"open": {
							"animation.sans.stage2": {
								"timeline": {
									"0": [
										"/say §4§lI §4§lAM §4§lTHE §4§lMERCY, §4§lI §4§lAM §4§lTHE §4§lVENGEANCE, §4§lI §4§lAM §4§lDETERMINATION...",
										"@s stage2"
									]
								},
								"loop": false,
								"animation_length": 200.1
							},
							"animation.dead.sans": {
								"timeline": {
									"500.0": [
										"/event entity @e[type=wg:sans] dead"
									]
								},
								"loop": false,
								"animation_length": 500.1
							}
						},
						"key": "animation.dead.sans",
						"children": [
							{
								"open": {
									"timeline": {
										"500.0": [
											"/event entity @e[type=wg:sans] dead"
										]
									},
									"loop": false,
									"animation_length": 500.1
								},
								"key": "timeline",
								"children": [
									{
										"open": {
											"500.0": [
												"/event entity @e[type=wg:sans] dead"
											]
										},
										"key": "500.0",
										"is_minified": true,
										"children": [
											"/event entity @e[type=wg:sans] dead"
										]
									}
								]
							},
							{
								"data": "false",
								"key": "loop"
							},
							{
								"data": "500.1",
								"key": "animation_length"
							}
						]
					}
				]
			}
		]
	}
}