{
	"format_version": "1.10.0",
	"minecraft:client_entity": {
		"description": {
			"identifier": "simple_vehicles:bus_2",
			"materials": {
				"default": "witch"
			},
			"textures": {
				"default": "textures/entity/bus_v2"
			},
			"geometry": {
				"default": "geometry.bus_v2"
			},
			"spawn_egg": {
				"texture": "vehicles",
				"texture_index": 3
			},
			"animations": {
				"move": "animation.simple_vehicles.bus_v2.move",
				"turn": "animation.bus_v2.turn",
				"door_mech": "controller.animation.ae86.door_mech",
				"close": "animation.simple_vehicles.bus_v2.close",
				"close2": "animation.simple_vehicles.bus_v2.close2",
				"open": "animation.simple_vehicles.bus_v2.open",
				"v_turn": "controller.animation.vehicle.v_turn",
				"wiper": "animation.simple_vehicles.bus_v2.wiper"
			},
			"scripts": {
				"animate": [
					"v_turn",
					"move",
					"door_mech",
					{
						"close2": "query.has_rider"
					},
					{
						"wiper": "query.is_in_water_or_rain&&query.is_saddled&&query.has_rider"
					}
				]
			},
			"particle_effects": {
				"arrow_particle": "simple_vehicles:arrow_spell_emitter"
			},
			"render_controllers": [
				"controller.render.bus"
			],
			"sound_effects": {
				"bus_v2_door_open": "simple_vehicles.bus_v2.open",
				"bus_v2_door_close": "simple_vehicles.bus_v2.close",
				"bus_v2.wiper": "simple_vehicles.bus_v2.wiper"
			}
		}
	}
}