{
	"format_version": "1.10.0",
	"minecraft:client_entity": {
		"description": {
			"identifier": "simple_vehicles:helicopter",
			"materials": {
				"default": "witch"
			},
			"textures": {
				"black": "textures/entity/helicopter",
				"white": "textures/entity/helicopter/helicopter_white",
				"orange": "textures/entity/helicopter/helicopter_orange",
				"magenta": "textures/entity/helicopter/helicopter_magenta",
				"light_blue": "textures/entity/helicopter/helicopter_light_blue",
				"yellow": "textures/entity/helicopter/helicopter_yellow",
				"lime": "textures/entity/helicopter/helicopter_lime",
				"pink": "textures/entity/helicopter/helicopter_pink",
				"gray": "textures/entity/helicopter/helicopter_gray",
				"silver": "textures/entity/helicopter/helicopter_silver",
				"cyan": "textures/entity/helicopter/helicopter_cyan",
				"purple": "textures/entity/helicopter/helicopter_purple",
				"blue": "textures/entity/helicopter/helicopter_blue",
				"brown": "textures/entity/helicopter/helicopter_brown",
				"green": "textures/entity/helicopter/helicopter_green",
				"red": "textures/entity/helicopter/helicopter_red"
			},
			"geometry": {
				"default": "geometry.helicopter"
			},
			"animations": {
				"loop": "animation.simple_vehicles.helicopter.loop",
				"open": "animation.simple_vehicles.helicopter.open",
				"close": "animation.simple_vehicles.helicopter.close",
				"close2": "animation.simple_vehicles.helicopter.close2",
				"door_mech": "controller.animation.ae86.door_mech"
			},
			"sound_effects": {
				"heli0": "simple_vehicles.helicopter.loop"
			},
			"scripts": {
				"animate": [
					"door_mech",
					{
						"loop": "query.is_saddled"
					},
					{
						"close2": "query.has_rider"
					}
				]
			},
			"render_controllers": [
				"controller.render.motorbike_colors"
			],
			"spawn_egg": {
				"texture": "vehicles",
				"texture_index": 7
			}
		}
	}
}