{
	"file_path": "C:\\Users\\windows10\\AppData\\Local\\Packages\\Microsoft.MinecraftUWP_8wekyb3d8bbwe\\LocalState\\games\\com.mojang\\development_behavior_packs\\OmegaFLoweyV2 updated\\spawn_rules\\omegaflowey.json",
	"file_type": "spawn_rule",
	"format_version": 0,
	"cache_content": {
		"format_version": "1.8.0",
		"minecraft:spawn_rules": {
			"description": {
				"identifier": "wrack gaming:omegaflowey",
				"population_control": "monster"
			},
			"conditions": [
				{
					"minecraft:spawns_underground": {},
					"minecraft:difficulty_filter": {
						"min": "easy",
						"max": "hard"
					},
					"minecraft:weight": {
						"default": 100
					},
					"minecraft:herd": {
						"min_size": 2,
						"max_size": 4
					},
					"minecraft:biome_filter": {
						"test": "has_biome_tag",
						"operator": "==",
						"value": "nether"
					}
				}
			]
		}
	},
	"file_uuid": "c71db040_97d8_4395_9105_8b8c34a09774"
}