{
	"format_version": "1.10.0",
	"particle_effect": {
		"description": {
			"identifier": "asgore:fire",
			"basic_render_parameters": {
				"material": "particles_alpha",
				"texture": "textures/particle/flame_atlas"
			}
		},
		"components": {
			"minecraft:emitter_rate_steady": {
				"spawn_rate": 20,
				"max_particles": 111111111
			},
			"minecraft:emitter_lifetime_looping": {
				"active_time": 1
			},
			"minecraft:emitter_shape_sphere": {
				"radius": 5
			},
			"minecraft:particle_lifetime_expression": {
				"max_lifetime": "Math.random(1, 1.4)"
			},
			"minecraft:particle_initial_speed": 2,
			"minecraft:particle_appearance_billboard": {
				"size": [0.4, 0.4],
				"facing_camera_mode": "rotate_xyz",
				"uv": {
					"texture_width": 16,
					"texture_height": 512,
					"flipbook": {
						"base_UV": [0, 0],
						"size_UV": [16, 16],
						"step_UV": [0, 16],
						"max_frame": 32,
						"stretch_to_lifetime": true
					}
				}
			}
		}
	}
}