{
	"file_path": "C:\\Users\\windows10\\AppData\\Local\\Packages\\Microsoft.MinecraftUWP_8wekyb3d8bbwe\\LocalState\\games\\com.mojang\\development_behavior_packs\\UT_gaster\\animation_controllers\\gasterability.json",
	"file_type": "animation_controller",
	"format_version": 1,
	"file_uuid": "2f239008_8a7d_47ca_920d_bcf1f37ae21d",
	"file_version": 16,
	"cache_content": {
		"children": [
			{
				"data": "1.10.0",
				"key": "format_version"
			},
			{
				"open": {
					"format_version": "1.10.0",
					"animation_controllers": {
						"controller.animation.stage3": {
							"states": {
								"default": {
									"transitions": [
										{
											"stage3": "query.variant == 3"
										},
										{
											"stage2": "query.variant == 2"
										},
										{
											"stage1": "query.variant == 1"
										}
									]
								},
								"stage3": {
									"on_entry": [
										"/function stage3",
										"/execute @p[rm=300] ~~~ tp @e[type=wg:gaster] @s",
										"@s stage3"
									],
									"transitions": [
										{
											"default": "(1.0)"
										}
									]
								},
								"stage2": {
									"on_entry": [
										"/function void",
										"/execute @p[rm=300] ~~~ tp @e[type=wg:gaster] @s",
										"@s stage2"
									],
									"transitions": [
										{
											"default": "(1.0)"
										}
									]
								},
								"stage1": {
									"on_entry": [
										"/execute @p[rm=300] ~~~ tp @e[type=wg:gaster] @s"
									],
									"transitions": [
										{
											"default": "(1.0)"
										}
									]
								}
							}
						}
					}
				},
				"key": "animation_controllers",
				"children": [
					{
						"open": {
							"controller.animation.stage3": {
								"states": {
									"default": {
										"transitions": [
											{
												"stage3": "query.variant == 3"
											},
											{
												"stage2": "query.variant == 2"
											},
											{
												"stage1": "query.variant == 1"
											}
										]
									},
									"stage3": {
										"on_entry": [
											"/function stage3",
											"/execute @p[rm=300] ~~~ tp @e[type=wg:gaster] @s",
											"@s stage3"
										],
										"transitions": [
											{
												"default": "(1.0)"
											}
										]
									},
									"stage2": {
										"on_entry": [
											"/function void",
											"/execute @p[rm=300] ~~~ tp @e[type=wg:gaster] @s",
											"@s stage2"
										],
										"transitions": [
											{
												"default": "(1.0)"
											}
										]
									},
									"stage1": {
										"on_entry": [
											"/execute @p[rm=300] ~~~ tp @e[type=wg:gaster] @s"
										],
										"transitions": [
											{
												"default": "(1.0)"
											}
										]
									}
								}
							}
						},
						"key": "controller.animation.stage3",
						"children": [
							{
								"open": {
									"states": {
										"default": {
											"transitions": [
												{
													"stage3": "query.variant == 3"
												},
												{
													"stage2": "query.variant == 2"
												},
												{
													"stage1": "query.variant == 1"
												}
											]
										},
										"stage3": {
											"on_entry": [
												"/function stage3",
												"/execute @p[rm=300] ~~~ tp @e[type=wg:gaster] @s",
												"@s stage3"
											],
											"transitions": [
												{
													"default": "(1.0)"
												}
											]
										},
										"stage2": {
											"on_entry": [
												"/function void",
												"/execute @p[rm=300] ~~~ tp @e[type=wg:gaster] @s",
												"@s stage2"
											],
											"transitions": [
												{
													"default": "(1.0)"
												}
											]
										},
										"stage1": {
											"on_entry": [
												"/execute @p[rm=300] ~~~ tp @e[type=wg:gaster] @s"
											],
											"transitions": [
												{
													"default": "(1.0)"
												}
											]
										}
									}
								},
								"key": "states",
								"children": [
									{
										"open": {
											"default": {
												"transitions": [
													{
														"stage3": "query.variant == 3"
													},
													{
														"stage2": "query.variant == 2"
													},
													{
														"stage1": "query.variant == 1"
													}
												]
											},
											"stage3": {
												"on_entry": [
													"/function stage3",
													"/execute @p[rm=300] ~~~ tp @e[type=wg:gaster] @s",
													"@s stage3"
												],
												"transitions": [
													{
														"default": "(1.0)"
													}
												]
											},
											"stage2": {
												"on_entry": [
													"/function void",
													"/execute @p[rm=300] ~~~ tp @e[type=wg:gaster] @s",
													"@s stage2"
												],
												"transitions": [
													{
														"default": "(1.0)"
													}
												]
											},
											"stage1": {
												"on_entry": [
													"/execute @p[rm=300] ~~~ tp @e[type=wg:gaster] @s"
												],
												"transitions": [
													{
														"default": "(1.0)"
													}
												]
											}
										},
										"key": "default",
										"children": [
											{
												"open": {
													"transitions": [
														{
															"stage3": "query.variant == 3"
														},
														{
															"stage2": "query.variant == 2"
														},
														{
															"stage1": "query.variant == 1"
														}
													]
												},
												"key": "transitions",
												"children": [
													{
														"open": [
															{
																"stage3": "query.variant == 3"
															},
															{
																"stage2": "query.variant == 2"
															},
															{
																"stage1": "query.variant == 1"
															}
														],
														"is_minified": true,
														"children": {
															"stage3": "query.variant == 3"
														}
													},
													{
														"open": [
															{
																"stage3": "query.variant == 3"
															},
															{
																"stage2": "query.variant == 2"
															},
															{
																"stage1": "query.variant == 1"
															}
														],
														"is_minified": true,
														"children": {
															"stage2": "query.variant == 2"
														}
													},
													{
														"open": [
															{
																"stage3": "query.variant == 3"
															},
															{
																"stage2": "query.variant == 2"
															},
															{
																"stage1": "query.variant == 1"
															}
														],
														"is_minified": true,
														"children": {
															"stage1": "query.variant == 1"
														}
													}
												]
											}
										]
									},
									{
										"open": {
											"default": {
												"transitions": [
													{
														"stage3": "query.variant == 3"
													},
													{
														"stage2": "query.variant == 2"
													},
													{
														"stage1": "query.variant == 1"
													}
												]
											},
											"stage3": {
												"on_entry": [
													"/function stage3",
													"/execute @p[rm=300] ~~~ tp @e[type=wg:gaster] @s",
													"@s stage3"
												],
												"transitions": [
													{
														"default": "(1.0)"
													}
												]
											},
											"stage2": {
												"on_entry": [
													"/function void",
													"/execute @p[rm=300] ~~~ tp @e[type=wg:gaster] @s",
													"@s stage2"
												],
												"transitions": [
													{
														"default": "(1.0)"
													}
												]
											},
											"stage1": {
												"on_entry": [
													"/execute @p[rm=300] ~~~ tp @e[type=wg:gaster] @s"
												],
												"transitions": [
													{
														"default": "(1.0)"
													}
												]
											}
										},
										"key": "stage3",
										"children": [
											{
												"open": {
													"on_entry": [
														"/function stage3",
														"/execute @p[rm=300] ~~~ tp @e[type=wg:gaster] @s",
														"@s stage3"
													],
													"transitions": [
														{
															"default": "(1.0)"
														}
													]
												},
												"key": "on_entry",
												"is_minified": true,
												"children": [
													"/function stage3",
													"/execute @p[rm=300] ~~~ tp @e[type=wg:gaster] @s",
													"@s stage3"
												]
											},
											{
												"open": {
													"on_entry": [
														"/function stage3",
														"/execute @p[rm=300] ~~~ tp @e[type=wg:gaster] @s",
														"@s stage3"
													],
													"transitions": [
														{
															"default": "(1.0)"
														}
													]
												},
												"key": "transitions",
												"children": [
													{
														"open": [
															{
																"default": "(1.0)"
															}
														],
														"is_minified": true,
														"children": {
															"default": "(1.0)"
														}
													}
												]
											}
										]
									},
									{
										"open": {
											"default": {
												"transitions": [
													{
														"stage3": "query.variant == 3"
													},
													{
														"stage2": "query.variant == 2"
													},
													{
														"stage1": "query.variant == 1"
													}
												]
											},
											"stage3": {
												"on_entry": [
													"/function stage3",
													"/execute @p[rm=300] ~~~ tp @e[type=wg:gaster] @s",
													"@s stage3"
												],
												"transitions": [
													{
														"default": "(1.0)"
													}
												]
											},
											"stage2": {
												"on_entry": [
													"/function void",
													"/execute @p[rm=300] ~~~ tp @e[type=wg:gaster] @s",
													"@s stage2"
												],
												"transitions": [
													{
														"default": "(1.0)"
													}
												]
											},
											"stage1": {
												"on_entry": [
													"/execute @p[rm=300] ~~~ tp @e[type=wg:gaster] @s"
												],
												"transitions": [
													{
														"default": "(1.0)"
													}
												]
											}
										},
										"key": "stage2",
										"children": [
											{
												"open": {
													"on_entry": [
														"/function void",
														"/execute @p[rm=300] ~~~ tp @e[type=wg:gaster] @s",
														"@s stage2"
													],
													"transitions": [
														{
															"default": "(1.0)"
														}
													]
												},
												"key": "on_entry",
												"is_minified": true,
												"children": [
													"/function void",
													"/execute @p[rm=300] ~~~ tp @e[type=wg:gaster] @s",
													"@s stage2"
												]
											},
											{
												"open": {
													"on_entry": [
														"/function void",
														"/execute @p[rm=300] ~~~ tp @e[type=wg:gaster] @s",
														"@s stage2"
													],
													"transitions": [
														{
															"default": "(1.0)"
														}
													]
												},
												"key": "transitions",
												"children": [
													{
														"open": [
															{
																"default": "(1.0)"
															}
														],
														"is_minified": true,
														"children": {
															"default": "(1.0)"
														}
													}
												]
											}
										]
									},
									{
										"open": {
											"default": {
												"transitions": [
													{
														"stage3": "query.variant == 3"
													},
													{
														"stage2": "query.variant == 2"
													},
													{
														"stage1": "query.variant == 1"
													}
												]
											},
											"stage3": {
												"on_entry": [
													"/function stage3",
													"/execute @p[rm=300] ~~~ tp @e[type=wg:gaster] @s",
													"@s stage3"
												],
												"transitions": [
													{
														"default": "(1.0)"
													}
												]
											},
											"stage2": {
												"on_entry": [
													"/function void",
													"/execute @p[rm=300] ~~~ tp @e[type=wg:gaster] @s",
													"@s stage2"
												],
												"transitions": [
													{
														"default": "(1.0)"
													}
												]
											},
											"stage1": {
												"on_entry": [
													"/execute @p[rm=300] ~~~ tp @e[type=wg:gaster] @s"
												],
												"transitions": [
													{
														"default": "(1.0)"
													}
												]
											}
										},
										"key": "stage1",
										"children": [
											{
												"open": {
													"on_entry": [
														"/execute @p[rm=300] ~~~ tp @e[type=wg:gaster] @s"
													],
													"transitions": [
														{
															"default": "(1.0)"
														}
													]
												},
												"key": "on_entry",
												"is_minified": true,
												"children": [
													"/execute @p[rm=300] ~~~ tp @e[type=wg:gaster] @s"
												]
											},
											{
												"open": {
													"on_entry": [
														"/execute @p[rm=300] ~~~ tp @e[type=wg:gaster] @s"
													],
													"transitions": [
														{
															"default": "(1.0)"
														}
													]
												},
												"key": "transitions",
												"children": [
													{
														"open": [
															{
																"default": "(1.0)"
															}
														],
														"is_minified": true,
														"children": {
															"default": "(1.0)"
														}
													}
												]
											}
										]
									}
								]
							}
						]
					}
				]
			}
		]
	}
}