{
    "format_version": "1.8.0",
    "minecraft:entity": {
        "description": {
            "identifier": "entity:maz_hatter_d",
            "is_spawnable": false,
            "is_summonable": true,
            "is_experimental": false
        },
        "component_groups": {
            "become_zombie": {
                "minecraft:transformation": {
                    "into": "entity:maz_hatter_z"
                }
            },
            "minecraft:dead_": {
                "minecraft:collision_box": {
                    "width": 0.5,
                    "height": 0.5
                }
            },
            "minecraft:despawndead": {
                "minecraft:type_family": {
                    "family": ["despawn_"]
                }
            }
        },
        "components": {
            "minecraft:knockback_resistance": {
                "value": 1
            },
            "minecraft:despawn": {
                "filters": {
                    "all_of": [{
                            "test": "is_family",
                            "subject": "self",
                            "value": "despawn_"
                        }
                    ]
                }
            },
            "minecraft:push_through": {
                "value": 1
            },
            "minecraft:type_family": {
                "family": ["dead", "dg"]
            },
            "minecraft:pushable": {
                "is_pushable": true,
                "is_pushable_by_piston": true
            },
            "minecraft:fire_immune": true,
            "minecraft:health": {
                "value": {
                    "range_min": 10,
                    "range_max": 10
                }
            },
            "minecraft:damage_sensor": {
                "triggers": [{
                        "on_damage": {
                            "filters": {
                                "any_of": [{
                                        "test": "is_family",
                                        "subject": "other",
                                        "value": "zombie"
                                    }, {
                                        "test": "is_family",
                                        "subject": "other",
                                        "value": "husk"
                                    }, {
                                        "test": "is_family",
                                        "subject": "other",
                                        "value": "scp049"
                                    }
                                ],
                                "all_of": [{
                                        "test": "has_damage",
                                        "value": "fatal"
                                    }
                                ]
                            },
                            "event": "minecraft:become_zombie"
                        }
                    }
                ]
            },
            "minecraft:physics": {
                "has_gravity": true,
                "has_collusion": false
            }
        },
        "events": {
            "minecraft:become_zombie": {
                "sequence": [{
                        "filters": {
                            "test": "is_difficulty",
                            "value": "easy"
                        },
                        "randomize": [{
                                "weight": 50,
                                "add": {
                                    "component_groups": ["become_zombie"]
                                }
                            }, {
                                "weight": 50
                            }
                        ]
                    }, {
                        "filters": {
                            "test": "is_difficulty",
                            "value": "normal"
                        },
                        "randomize": [{
                                "weight": 50,
                                "add": {
                                    "component_groups": ["become_zombie"]
                                }
                            }, {
                                "weight": 50
                            }
                        ]
                    }, {
                        "filters": {
                            "test": "is_difficulty",
                            "value": "hard"
                        },
                        "add": {
                            "component_groups": [
                                "become_zombie"
                            ]
                        }
                    }
                ]
            },
            "minecraft:entity_transformed": {
                "add": {
                    "component_groups": ["minecraft:dead_"]
                }
            },
            "minecraft:event_dead": {
                "add": {
                    "component_groups": ["minecraft:despawndead"]
                }
            }
        }
    }
}
