{
  "format_version": "1.10.0",
  "animation_controllers": {
    "controller.animation.chara.general": {
      "states": {
        "default": {
          "animations": [
            "general",
            "look_at_target"
          ]
        }
      }
    },
    "controller.animation.chara.moving": {
      "states": {
        "default": {
          "variables": {
            "move_speeding": {
              "input": "query.modified_move_speed",
              "remap_curve": {
                "0.0": 0,
                "0.23": 1
              }
            }
          },
          "animations": [
            {
              "walk": "variable.move_speeding"
            }
          ],
          "blend_transition": 0.05
        }
      }
    },
    "controller.animation.betty.attack.ex": {
      "states": {
        "default": {
          "transitions": [
            {
              "attack": "query.is_delayed_attacking > 0"
            }
          ]
        },
        "attack": {
          "animations": [
            "attacking"
          ],
          "transitions": [
            {
              "default": "query.all_animations_finished"
            }
          ]
        }
      }
    },
    "controller.animation.chara.attack": {
      "states": {
        "default": {
          "transitions": [
            {
              "attack": "query.is_delayed_attacking > 0 && variable.random == 0"
            },
            {
              "attack1": "query.is_delayed_attacking > 0 && variable.random == 1"
            },
            {
              "attack2": "query.is_delayed_attacking > 0 && variable.random == 2"
            },
            {
              "attack3": "query.is_delayed_attacking > 0 && variable.random == 3"
            }
          ]
        },
        "attack": {
          "animations": [
            "spike"
          ],
          "transitions": [
            {
              "default": "query.all_animations_finished"
            }
          ]
        },
        "attack1": {
          "animations": [
            "lurks"
          ],
          "transitions": [
            {
              "default": "query.all_animations_finished"
            }
          ]
        },
        "attack2": {
          "animations": [
            "spike"
          ],
          "transitions": [
            {
              "default": "query.all_animations_finished"
            }
          ]
        },
        "attack3": {
          "animations": [
            "shoot"
          ],
          "transitions": [
            {
              "default": "query.all_animations_finished"
            }
          ]
        }
      }
    }
  }
}
