{
	"file_path": "C:\\Users\\windows10\\AppData\\Local\\Packages\\Microsoft.MinecraftUWP_8wekyb3d8bbwe\\LocalState\\games\\com.mojang\\development_resource_packs\\pack.name\\animation_controllers\\sans.all.json",
	"file_type": "rp_animation_controller",
	"format_version": 1,
	"file_uuid": "b1db6d3d_e92a_4fe8_934b_7986ac244f50",
	"file_version": 4,
	"cache_content": {
		"children": [
			{
				"data": "1.10.0",
				"key": "format_version"
			},
			{
				"open": {
					"format_version": "1.10.0",
					"animation_controllers": {
						"controller.animation.sans.all": {
							"initial_state": "default",
							"states": {
								"default": {
									"animations": [
										{
											"attack.rotations": "query.is_delayed_attacking",
											"walk": "query.modified_move_speed"
										}
									],
									"transitions": [
										{
											"attack": "query.is_delayed_attacking"
										},
										{
											"sitting": "query.is_laying_down"
										}
									]
								},
								"attack": {
									"animations": [
										"attack",
										{
											"walk": "query.modified_move_speed"
										}
									],
									"particle_effects": [
										{
											"locator": "locator",
											"effect": "locator"
										}
									],
									"blend_transition": "on"
								},
								"sitting": {
									"animations": [
										"sitting"
									],
									"transitions": [
										{
											"sitting": "query.is_roaring"
										}
									],
									"blend_transition": 0.2
								}
							}
						},
						"controller.animation.omega": {
							"initial_state": "default",
							"states": {
								"on_entry": {
									"animations": [
										"sitting"
									]
								}
							}
						}
					}
				},
				"key": "animation_controllers",
				"children": [
					{
						"open": {
							"controller.animation.sans.all": {
								"initial_state": "default",
								"states": {
									"default": {
										"animations": [
											{
												"attack.rotations": "query.is_delayed_attacking",
												"walk": "query.modified_move_speed"
											}
										],
										"transitions": [
											{
												"attack": "query.is_delayed_attacking"
											},
											{
												"sitting": "query.is_laying_down"
											}
										]
									},
									"attack": {
										"animations": [
											"attack",
											{
												"walk": "query.modified_move_speed"
											}
										],
										"particle_effects": [
											{
												"locator": "locator",
												"effect": "locator"
											}
										],
										"blend_transition": "on"
									},
									"sitting": {
										"animations": [
											"sitting"
										],
										"transitions": [
											{
												"sitting": "query.is_roaring"
											}
										],
										"blend_transition": 0.2
									}
								}
							},
							"controller.animation.omega": {
								"initial_state": "default",
								"states": {
									"on_entry": {
										"animations": [
											"sitting"
										]
									}
								}
							}
						},
						"key": "controller.animation.sans.all",
						"children": [
							{
								"data": "default",
								"key": "initial_state"
							},
							{
								"open": {
									"initial_state": "default",
									"states": {
										"default": {
											"animations": [
												{
													"attack.rotations": "query.is_delayed_attacking",
													"walk": "query.modified_move_speed"
												}
											],
											"transitions": [
												{
													"attack": "query.is_delayed_attacking"
												},
												{
													"sitting": "query.is_laying_down"
												}
											]
										},
										"attack": {
											"animations": [
												"attack",
												{
													"walk": "query.modified_move_speed"
												}
											],
											"particle_effects": [
												{
													"locator": "locator",
													"effect": "locator"
												}
											],
											"blend_transition": "on"
										},
										"sitting": {
											"animations": [
												"sitting"
											],
											"transitions": [
												{
													"sitting": "query.is_roaring"
												}
											],
											"blend_transition": 0.2
										}
									}
								},
								"key": "states",
								"children": [
									{
										"open": {
											"default": {
												"animations": [
													{
														"attack.rotations": "query.is_delayed_attacking",
														"walk": "query.modified_move_speed"
													}
												],
												"transitions": [
													{
														"attack": "query.is_delayed_attacking"
													},
													{
														"sitting": "query.is_laying_down"
													}
												]
											},
											"attack": {
												"animations": [
													"attack",
													{
														"walk": "query.modified_move_speed"
													}
												],
												"particle_effects": [
													{
														"locator": "locator",
														"effect": "locator"
													}
												],
												"blend_transition": "on"
											},
											"sitting": {
												"animations": [
													"sitting"
												],
												"transitions": [
													{
														"sitting": "query.is_roaring"
													}
												],
												"blend_transition": 0.2
											}
										},
										"key": "default",
										"children": [
											{
												"open": {
													"animations": [
														{
															"attack.rotations": "query.is_delayed_attacking",
															"walk": "query.modified_move_speed"
														}
													],
													"transitions": [
														{
															"attack": "query.is_delayed_attacking"
														},
														{
															"sitting": "query.is_laying_down"
														}
													]
												},
												"key": "animations",
												"children": [
													{
														"open": [
															{
																"attack.rotations": "query.is_delayed_attacking",
																"walk": "query.modified_move_speed"
															}
														],
														"is_minified": true,
														"children": {
															"attack.rotations": "query.is_delayed_attacking",
															"walk": "query.modified_move_speed"
														}
													}
												]
											},
											{
												"open": {
													"animations": [
														{
															"attack.rotations": "query.is_delayed_attacking",
															"walk": "query.modified_move_speed"
														}
													],
													"transitions": [
														{
															"attack": "query.is_delayed_attacking"
														},
														{
															"sitting": "query.is_laying_down"
														}
													]
												},
												"key": "transitions",
												"children": [
													{
														"open": [
															{
																"attack": "query.is_delayed_attacking"
															},
															{
																"sitting": "query.is_laying_down"
															}
														],
														"is_minified": true,
														"children": {
															"attack": "query.is_delayed_attacking"
														}
													},
													{
														"open": [
															{
																"attack": "query.is_delayed_attacking"
															},
															{
																"sitting": "query.is_laying_down"
															}
														],
														"is_minified": true,
														"children": {
															"sitting": "query.is_laying_down"
														}
													}
												]
											}
										]
									},
									{
										"open": {
											"default": {
												"animations": [
													{
														"attack.rotations": "query.is_delayed_attacking",
														"walk": "query.modified_move_speed"
													}
												],
												"transitions": [
													{
														"attack": "query.is_delayed_attacking"
													},
													{
														"sitting": "query.is_laying_down"
													}
												]
											},
											"attack": {
												"animations": [
													"attack",
													{
														"walk": "query.modified_move_speed"
													}
												],
												"particle_effects": [
													{
														"locator": "locator",
														"effect": "locator"
													}
												],
												"blend_transition": "on"
											},
											"sitting": {
												"animations": [
													"sitting"
												],
												"transitions": [
													{
														"sitting": "query.is_roaring"
													}
												],
												"blend_transition": 0.2
											}
										},
										"key": "attack",
										"children": [
											{
												"open": {
													"animations": [
														"attack",
														{
															"walk": "query.modified_move_speed"
														}
													],
													"particle_effects": [
														{
															"locator": "locator",
															"effect": "locator"
														}
													],
													"blend_transition": "on"
												},
												"key": "animations",
												"children": [
													{
														"open": [
															"attack",
															{
																"walk": "query.modified_move_speed"
															}
														],
														"data": "attack"
													},
													{
														"open": [
															"attack",
															{
																"walk": "query.modified_move_speed"
															}
														],
														"is_minified": true,
														"children": {
															"walk": "query.modified_move_speed"
														}
													}
												]
											},
											{
												"open": {
													"animations": [
														"attack",
														{
															"walk": "query.modified_move_speed"
														}
													],
													"particle_effects": [
														{
															"locator": "locator",
															"effect": "locator"
														}
													],
													"blend_transition": "on"
												},
												"key": "particle_effects",
												"children": [
													{
														"open": [
															{
																"locator": "locator",
																"effect": "locator"
															}
														],
														"is_minified": true,
														"children": {
															"locator": "locator",
															"effect": "locator"
														}
													}
												]
											},
											{
												"open": {
													"animations": [
														"attack",
														{
															"walk": "query.modified_move_speed"
														}
													],
													"particle_effects": [
														{
															"locator": "locator",
															"effect": "locator"
														}
													],
													"blend_transition": "on"
												},
												"data": "on",
												"key": "blend_transition"
											}
										]
									},
									{
										"open": {
											"default": {
												"animations": [
													{
														"attack.rotations": "query.is_delayed_attacking",
														"walk": "query.modified_move_speed"
													}
												],
												"transitions": [
													{
														"attack": "query.is_delayed_attacking"
													},
													{
														"sitting": "query.is_laying_down"
													}
												]
											},
											"attack": {
												"animations": [
													"attack",
													{
														"walk": "query.modified_move_speed"
													}
												],
												"particle_effects": [
													{
														"locator": "locator",
														"effect": "locator"
													}
												],
												"blend_transition": "on"
											},
											"sitting": {
												"animations": [
													"sitting"
												],
												"transitions": [
													{
														"sitting": "query.is_roaring"
													}
												],
												"blend_transition": 0.2
											}
										},
										"key": "sitting",
										"children": [
											{
												"open": {
													"animations": [
														"sitting"
													],
													"transitions": [
														{
															"sitting": "query.is_roaring"
														}
													],
													"blend_transition": 0.2
												},
												"key": "animations",
												"is_minified": true,
												"children": [
													"sitting"
												]
											},
											{
												"open": {
													"animations": [
														"sitting"
													],
													"transitions": [
														{
															"sitting": "query.is_roaring"
														}
													],
													"blend_transition": 0.2
												},
												"key": "transitions",
												"children": [
													{
														"open": [
															{
																"sitting": "query.is_roaring"
															}
														],
														"is_minified": true,
														"children": {
															"sitting": "query.is_roaring"
														}
													}
												]
											},
											{
												"data": "0.2",
												"key": "blend_transition"
											}
										]
									}
								]
							}
						]
					},
					{
						"open": {
							"controller.animation.sans.all": {
								"initial_state": "default",
								"states": {
									"default": {
										"animations": [
											{
												"attack.rotations": "query.is_delayed_attacking",
												"walk": "query.modified_move_speed"
											}
										],
										"transitions": [
											{
												"attack": "query.is_delayed_attacking"
											},
											{
												"sitting": "query.is_laying_down"
											}
										]
									},
									"attack": {
										"animations": [
											"attack",
											{
												"walk": "query.modified_move_speed"
											}
										],
										"particle_effects": [
											{
												"locator": "locator",
												"effect": "locator"
											}
										],
										"blend_transition": "on"
									},
									"sitting": {
										"animations": [
											"sitting"
										],
										"transitions": [
											{
												"sitting": "query.is_roaring"
											}
										],
										"blend_transition": 0.2
									}
								}
							},
							"controller.animation.omega": {
								"initial_state": "default",
								"states": {
									"on_entry": {
										"animations": [
											"sitting"
										]
									}
								}
							}
						},
						"key": "controller.animation.omega",
						"children": [
							{
								"open": {
									"initial_state": "default",
									"states": {
										"on_entry": {
											"animations": [
												"sitting"
											]
										}
									}
								},
								"data": "default",
								"key": "initial_state"
							},
							{
								"open": {
									"initial_state": "default",
									"states": {
										"on_entry": {
											"animations": [
												"sitting"
											]
										}
									}
								},
								"key": "states",
								"children": [
									{
										"open": {
											"on_entry": {
												"animations": [
													"sitting"
												]
											}
										},
										"key": "on_entry",
										"children": [
											{
												"open": {
													"animations": [
														"sitting"
													]
												},
												"key": "animations",
												"is_minified": true,
												"children": [
													"sitting"
												]
											}
										]
									}
								]
							}
						]
					}
				]
			}
		]
	}
}