{
	"format_version": "1.14.0",
	"minecraft:entity": {
		"description": {
			"identifier": "dragonmounts:terra_dragon_egg",
			"runtime_identifier": "minecraft:iron_golem",
			"is_spawnable": false,
			"is_summonable": true,
			"is_experimental": false
		},
		"component_groups": {
			"dragonmounts:cb0": {
				"minecraft:addrider": {
					"entity_type": "dragonmounts:fake_block",
					"spawn_event": "dragonmounts:cb_0625_00625"
				}
			},
			"dragonmounts:cb1": {
				"minecraft:addrider": {
					"entity_type": "dragonmounts:fake_block",
					"spawn_event": "dragonmounts:cb_075_0125"
				},
				"minecraft:timer": {
					"time": 0.1,
					"looping": false,
					"time_down_event": {
						"event": "dragonmounts:cb0",
						"target": "self"
					}
				}
			},
			"dragonmounts:cb2": {
				"minecraft:addrider": {
					"entity_type": "dragonmounts:fake_block",
					"spawn_event": "dragonmounts:cb_0875_03125"
				},
				"minecraft:timer": {
					"time": 0.1,
					"looping": false,
					"time_down_event": {
						"event": "dragonmounts:cb1",
						"target": "self"
					}
				}
			},
			"dragonmounts:cb3": {
				"minecraft:addrider": {
					"entity_type": "dragonmounts:fake_block",
					"spawn_event": "dragonmounts:cb_075_01875"
				},
				"minecraft:timer": {
					"time": 0.1,
					"looping": false,
					"time_down_event": {
						"event": "dragonmounts:cb2",
						"target": "self"
					}
				}
			},
			"dragonmounts:cb4": {
				"minecraft:addrider": {
					"entity_type": "dragonmounts:fake_block",
					"spawn_event": "dragonmounts:cb_0625_0125"
				},
				"minecraft:timer": {
					"time": 0.1,
					"looping": false,
					"time_down_event": {
						"event": "dragonmounts:cb3",
						"target": "self"
					}
				}
			},
			"dragonmounts:cb5": {
				"minecraft:addrider": {
					"entity_type": "dragonmounts:fake_block",
					"spawn_event": "dragonmounts:cb_0375_0125"
				},
				"minecraft:timer": {
					"time": 0.1,
					"looping": false,
					"time_down_event": {
						"event": "dragonmounts:cb4",
						"target": "self"
					}
				}
			},
			"dragonmounts:cb6": {
				"minecraft:addrider": {
					"entity_type": "dragonmounts:fake_block",
					"spawn_event": "dragonmounts:cb_025_00625"
				},
				"minecraft:timer": {
					"time": 0.1,
					"looping": false,
					"time_down_event": {
						"event": "dragonmounts:cb5",
						"target": "self"
					}
				}
			},
			"dragonmounts:despawning": {
				"minecraft:type_family": {
					"family": [
						"despawning"
					]
				},
				"minecraft:despawn": {
					"filters": {
						"all_of": [
							{
								"test": "is_family",
								"subject": "self",
								"value": "despawning"
							}
						]
					}
				}
			},
			"dragonmounts:terra_dragon_egg": {
				"minecraft:is_baby": {},
				"minecraft:ageable": {
					"duration": 2400,
					"feedItems": [
						{
							"item": "ender_eye",
							"growth": 0.03125 // 32
						}
					],
					"interact_text": "action.interact.fastgrow.terra_terra_dragon_egg",
					"grow_up": {
						"event": "dragonmounts:terra_dragon_egg_hatched",
						"target": "self"
					}
				}
			},
			"dragonmounts:dragon_hatched": {
				"minecraft:is_shaking": {},
				"minecraft:transformation": {
					"begin_transform_sound": "block.turtle_egg.crack",
					"transformation_sound": "block.turtle_egg.crack",
					"into": "dragonmounts:terra_dragon",
					"delay": {
						"value": 60
					}
				}
			},
			"dragonmounts:terra_dragon_egg_leashed": {
				"minecraft:jump.static": {},
				"minecraft:behavior.move_towards_restriction": {
					"priority": 0
				}
			}
		},
		"components": {
			"minecraft:nameable": {},
			"minecraft:navigation.walk": {},
			"minecraft:movement.basic": {},
			"minecraft:jump.static": {},
			"minecraft:fire_immune": true,
			"minecraft:persistent": {},
			"minecraft:physics": {},
			"minecraft:pushable": {},
			"minecraft:type_family": {
				"family": [
					"dragon",
					"dragon_egg",
					"dragonmounts",
					"terra_dragon_egg"
				]
			},
			"minecraft:collision_box": {
				"width": 0.8,
				"height": 1.0
			},
			"minecraft:loot": {
				"table": "loot_tables/entities/dragonmounts/terra.json"
			},
			"minecraft:breathable": {
				"totalSupply": 240,
				"breathesWater": true,
				"breathesLava": true,
				"breathesSolids": true,
				"generatesBubbles": false,
				"suffocateTime": 0
			},
			"minecraft:leashable": {
				"soft_distance": 2.0,
				"hard_distance": 4.0,
				"max_distance": 32.0,
				"on_leash": {
					"event": "dragonmounts:terra_dragon_egg_on_leash",
					"target": "self"
				},
				"on_unleash": {
					"event": "dragonmounts:terra_dragon_egg_on_unleash",
					"target": "self"
				}
			},
			"minecraft:health": {
				"value": 125,
				"max": 125
			},
			"minecraft:movement": {
				"value": 0.0,
				"max": 0.0
			},
			"minecraft:fall_damage": {
				"value": 0.0
			},
			"minecraft:knockback_resistance": {
				"value": 1.0
			},
			"minecraft:custom_hit_test": {
				"hitboxes": [
					{
						"width": 1.01,
						"height": 1.01,
						"pivot": [
							0.0,
							0.505,
							0.0
						]
					}
				]
			},
			"minecraft:damage_sensor": {
				"triggers": [
					{
						"on_damage": {
							"filters": {
								"all_of": [
									{
										"test": "is_block",
										"subject": "block",
										"operator": "not",
										"value": "minecraft:sweet_berry_bush"
									},
									{
										"test": "is_block",
										"subject": "block",
										"operator": "not",
										"value": "minecraft:cactus"
									},
									{
										"any_of": [
											{
												"test": "has_damage",
												"value": "fatal"
											},
											{
												"test": "has_damage",
												"value": "suicide"
											}
										]
									}
								]
							}
							// "event": "dragonmounts:despawning"
						}
					},
					{
						"cause": "fall", // 摔落伤害 或 末影珍珠
						"deals_damage": false
					},
					{
						"cause": "magic", // 药水、龙息、唤魔者尖牙、守卫者激光
						"deals_damage": false
					},
					{
						"cause": "wither", // 凋零
						"deals_damage": false
					},
					{
						"cause": "void", // 虚空
						"deals_damage": false
					},
					{
						"cause": "thorns", // 荆棘
						"deals_damage": false
					},
					{
						"cause": "contact", // 仙人掌 或 甜浆果丛
						"deals_damage": false
					},
					{
						"cause": "suffocation", // 	窒息
						"deals_damage": false
					},
					{
						"cause": "fly_into_wall", // 动能
						"deals_damage": false
					},
					{
						"cause": "suicide", // "kill"指令
						"deals_damage": false
					}
				]
			},
			"minecraft:rideable": {
				"seat_count": 7,
				"family_types": [
					"fake_block"
				],
				"seats": [
					{
						"position": [
							0,
							0.9375,
							0
						]
					},
					{
						"position": [
							0,
							0.8125,
							0
						]
					},
					{
						"position": [
							0,
							0.6875,
							0
						]
					},
					{
						"position": [
							0,
							0.5,
							0
						]
					},
					{
						"position": [
							0,
							0.1875,
							0
						]
					},
					{
						"position": [
							0,
							0.0625,
							0
						]
					},
					{
						"position": [
							0,
							0.0,
							0
						]
					}
				]
			},
			"minecraft:interact": {
				"interactions": [
					{
						"cooldown": 0.0,
						"use_item": false,
						"play_sounds": "unfect",
						"interact_text": "action.interact.transform_block_dragon_eggs.dragonmounts",
						"on_interact": {
							"filters": {
								"all_of": [
									{
										"test": "is_sneaking",
										"subject": "player",
										"operator": "equals",
										"value": true
									}
								]
							},
							"event": "dragonmounts:back_to_block",
							"target": "self"
						}
					}
				]
			}
		},
		"events": {
			"minecraft:entity_spawned": {
				"add": {
					"component_groups": [
						"dragonmounts:terra_dragon_egg",
						"dragonmounts:cb6"
					]
				}
			},
			"dragonmounts:cb0": {
				"add": {
					"component_groups": [
						"dragonmounts:cb0"
					]
				}
			},
			"dragonmounts:cb1": {
				"add": {
					"component_groups": [
						"dragonmounts:cb1"
					]
				}
			},
			"dragonmounts:cb2": {
				"add": {
					"component_groups": [
						"dragonmounts:cb2"
					]
				}
			},
			"dragonmounts:cb3": {
				"add": {
					"component_groups": [
						"dragonmounts:cb3"
					]
				}
			},
			"dragonmounts:cb4": {
				"add": {
					"component_groups": [
						"dragonmounts:cb4"
					]
				}
			},
			"dragonmounts:cb5": {
				"add": {
					"component_groups": [
						"dragonmounts:cb5"
					]
				}
			},
			"dragonmounts:cb6": {
				"add": {
					"component_groups": [
						"dragonmounts:cb6"
					]
				}
			},
			"dragonmounts:despawning": {
				"add": {
					"component_groups": [
						"dragonmounts:despawning"
					]
				}
			},
			"dragonmounts:back_to_block": {
				"run_command": {
					"command": [
						"setblock ~ ~0.51 ~ dragonmounts:terra_dragon_egg"
						// "playsound mob.dragonegg.back_to_block @p"
					]
				},
				"add": {
					"component_groups": [
						"dragonmounts:despawning"
					]
				}
			},
			"dragonmounts:terra_dragon_egg_born": {
				"add": {
					"component_groups": [
						"dragonmounts:terra_dragon_egg"
					]
				}
			},
			"dragonmounts:terra_dragon_egg_hatched": {
				"remove": {
					"component_groups": [
						"dragonmounts:terra_dragon_egg"
					]
				},
				"add": {
					"component_groups": [
						"dragonmounts:dragon_hatched"
					]
				}
			},
			"dragonmounts:terra_dragon_egg_on_leash": {
				"add": {
					"component_groups": [
						"dragonmounts:terra_dragon_egg_leashed"
					]
				}
			},
			"dragonmounts:terra_dragon_egg_on_unleash": {
				"remove": {
					"component_groups": [
						"dragonmounts:terra_dragon_egg_leashed"
					]
				}
			}
		}
	}
}