{
	"format_version": "1.10.0",
	"geometry.wgsans2": {
		"texturewidth": 128,
		"textureheight": 128,
		"visible_bounds_width": 3,
		"visible_bounds_height": 3.5,
		"visible_bounds_offset": [0, 1.25, 0],
		"bones": [
			{
				"name": "all",
				"pivot": [0, -4, 0]
			},
			{
				"name": "body",
				"parent": "all",
				"pivot": [0, -4, 0],
				"cubes": [
					{"origin": [-5, 4.5, -2], "size": [10, 12, 6], "uv": [0, 18]},
					{"origin": [5, 17, -3], "size": [2, 3, 8], "uv": [99, 83]},
					{"origin": [-7, 17, 3], "size": [14, 3, 2], "uv": [94, 83]},
					{"origin": [-7, 17, -3], "size": [2, 3, 8], "uv": [99, 83]}
				]
			},
			{
				"name": "bone2",
				"parent": "body",
				"pivot": [0, -4, 0],
				"cubes": [
					{"origin": [-5, 4.5, -2], "size": [10, 12, 6], "uv": [0, 0], "inflate": 0.5}
				]
			},
			{
				"name": "rightarm",
				"parent": "body",
				"pivot": [6, 16, 1],
				"cubes": [
					{"origin": [5, 9.5, -1], "size": [4, 7, 4], "uv": [67, 4]}
				]
			},
			{
				"name": "bone4",
				"parent": "rightarm",
				"pivot": [6, 16, 0],
				"cubes": [
					{"origin": [5, 9.5, -1], "size": [4, 7, 4], "uv": [65, 42], "inflate": 0.5}
				]
			},
			{
				"name": "rightarm2",
				"parent": "rightarm",
				"pivot": [9, 10, 0],
				"rotation": [0, 0, 37.5],
				"cubes": [
					{"origin": [5, 2.5, -1], "size": [4, 7, 4], "uv": [60, 63]}
				]
			},
			{
				"name": "bone5",
				"parent": "rightarm2",
				"pivot": [8, 9, 1],
				"cubes": [
					{"origin": [5, 4.5, -1], "size": [4, 5, 4], "uv": [43, 74], "inflate": 0.5}
				]
			},
			{
				"name": "leftarm",
				"parent": "body",
				"pivot": [-6, 16, 0],
				"cubes": [
					{"origin": [-9, 9.5, -1], "size": [4, 7, 4], "uv": [72, 72]}
				]
			},
			{
				"name": "bone3",
				"parent": "leftarm",
				"pivot": [0, -4, 0],
				"cubes": [
					{"origin": [-9, 9.5, -1], "size": [4, 7, 4], "uv": [71, 15], "inflate": 0.5}
				]
			},
			{
				"name": "leftarm2",
				"parent": "leftarm",
				"pivot": [-9, 10, 1],
				"rotation": [0, 0, -42.5],
				"cubes": [
					{"origin": [-9, 2.5, -1], "size": [4, 7, 4], "uv": [44, 63]}
				]
			},
			{
				"name": "bone6",
				"parent": "leftarm2",
				"pivot": [-8, 9, 1],
				"cubes": [
					{"origin": [-9, 4.5, -1], "size": [4, 5, 4], "uv": [27, 74], "inflate": 0.5}
				]
			},
			{
				"name": "head",
				"parent": "body",
				"pivot": [0.5, 18, 1],
				"cubes": [
					{"origin": [-6, 18.5, -3], "size": [12, 1, 7], "uv": [26, 11]},
					{"origin": [-5, 17.5, -3], "size": [10, 1, 7], "uv": [29, 46]},
					{"origin": [-4, 16.5, -3], "size": [8, 1, 7], "uv": [50, 55]},
					{"origin": [-4, 26.5, -3], "size": [8, 1, 7], "uv": [27, 54]},
					{"origin": [-6, 19.5, -3], "size": [12, 1, 7], "uv": [31, 38]},
					{"origin": [-6, 20.5, -3], "size": [12, 1, 7], "uv": [0, 37]},
					{"origin": [-5.5, 21.5, -3], "size": [11, 1, 7], "uv": [0, 45]},
					{"origin": [-6, 22.5, -3], "size": [12, 1, 7], "uv": [32, 19]},
					{"origin": [-6, 23.5, -3], "size": [12, 1, 7], "uv": [32, 0]},
					{"origin": [-6, 24.5, -3], "size": [12, 1, 7], "uv": [25, 29]},
					{"origin": [-5, 25.5, -3], "size": [10, 1, 7], "uv": [0, 53]}
				],
				"locators": {
					"locator": [2.5, 24, -3.5]
				}
			},
			{
				"name": "bone",
				"parent": "head",
				"pivot": [-1, 22, -3],
				"cubes": [
					{"origin": [-0.7, 17.5, -3.2], "size": [0.5, 1.8, 2], "uv": [30, 68]},
					{"origin": [0.5, 17.5, -3.2], "size": [0.5, 1.8, 2], "uv": [38, 70]},
					{"origin": [-2, 17.5, -3.2], "size": [0.5, 2, 2], "uv": [36, 68]},
					{"origin": [1.5, 17.5, -3.2], "size": [0.5, 2, 2], "uv": [35, 68]},
					{"origin": [2.5, 18.5, -3.2], "size": [0.5, 2, 2], "uv": [38, 69]},
					{"origin": [1, 22.5, -3.2], "size": [3, 3, 3], "uv": [26, 0]},
					{"origin": [2, 23.5, -3.3], "size": [1, 1, 3], "uv": [16, 61]},
					{"origin": [-3, 23.5, -3.3], "size": [1, 1, 3], "uv": [16, 61]},
					{"origin": [-3, 18.5, -3.2], "size": [0.5, 2, 2], "uv": [29, 69]},
					{"origin": [-4, 22.5, -3.2], "size": [3, 3, 2], "uv": [28, 67]}
				]
			},
			{
				"name": "bone7",
				"parent": "head",
				"pivot": [-1.5, 22, -3]
			},
			{
				"name": "leftleg",
				"parent": "all",
				"pivot": [-2, 4, 0],
				"rotation": [-90, 15, 0],
				"cubes": [
					{"origin": [-5, -1.5, -2], "size": [5, 6, 6], "uv": [22, 62]},
					{"origin": [-4, -7.5, 0], "size": [1, 6, 2], "uv": [59, 74]},
					{"origin": [-4, -9, -3], "size": [3, 1.5, 6], "uv": [0, 73]},
					{"origin": [-4, -7.5, -3], "size": [3, 0.5, 2], "uv": [110, 114]},
					{"origin": [-2, -7.5, 0], "size": [1, 6, 2], "uv": [63, 18]}
				]
			},
			{
				"name": "rightleg",
				"parent": "all",
				"pivot": [2, 4, 0],
				"rotation": [-80, -25, 0],
				"cubes": [
					{"origin": [0, -1.5, -2], "size": [5, 6, 6], "uv": [0, 61]},
					{"origin": [1, -7.5, 0], "size": [1, 6, 2], "uv": [57, 8]},
					{"origin": [1, -9, -3], "size": [3, 1.5, 6], "uv": [62, 35]},
					{"origin": [1, -7.5, -3], "size": [3, 0.5, 2], "uv": [111, 115]},
					{"origin": [3, -7.5, 0], "size": [1, 6, 2], "uv": [0, 36]}
				]
			}
		]
	}
}
