{
	"file_path": "C:\\Users\\windows10\\AppData\\Local\\Packages\\Microsoft.MinecraftUWP_8wekyb3d8bbwe\\LocalState\\games\\com.mojang\\development_resource_packs\\UT_sans\\entity\\bone_lurks2.json",
	"file_type": "client_entity",
	"format_version": 1,
	"file_uuid": "5a8e356a_708e_4011_beeb_187929365b5d",
	"file_version": 1,
	"cache_content": {
		"children": [
			{
				"data": "1.10.0",
				"key": "format_version"
			},
			{
				"open": {
					"format_version": "1.10.0",
					"minecraft:client_entity": {
						"description": {
							"identifier": "bone:lurks2",
							"materials": {
								"default": "charged_creeper"
							},
							"textures": {
								"default": "textures/entity/eye"
							},
							"geometry": {
								"default": "geometry.bones"
							},
							"scripts": {
								"animate": [
									"particles",
									"look_at_target",
									"omega"
								]
							},
							"animations": {
								"summon": "animation.spike.idle",
								"particles": "controller.animation.pa_bruh",
								"look_at_target": "animation.humanoid.look_at_target.default.v1.0",
								"omega": "controller.animation.omega.summon"
							},
							"spawn_egg": {
								"texture": "spawn_egg",
								"texture_index": 99
							},
							"render_controllers": [
								"controller.render.slime"
							]
						}
					}
				},
				"key": "minecraft:client_entity",
				"children": [
					{
						"open": {
							"description": {
								"identifier": "bone:lurks2",
								"materials": {
									"default": "charged_creeper"
								},
								"textures": {
									"default": "textures/entity/eye"
								},
								"geometry": {
									"default": "geometry.bones"
								},
								"scripts": {
									"animate": [
										"particles",
										"look_at_target",
										"omega"
									]
								},
								"animations": {
									"summon": "animation.spike.idle",
									"particles": "controller.animation.pa_bruh",
									"look_at_target": "animation.humanoid.look_at_target.default.v1.0",
									"omega": "controller.animation.omega.summon"
								},
								"spawn_egg": {
									"texture": "spawn_egg",
									"texture_index": 99
								},
								"render_controllers": [
									"controller.render.slime"
								]
							}
						},
						"key": "description",
						"children": [
							{
								"open": {
									"identifier": "bone:lurks2",
									"materials": {
										"default": "charged_creeper"
									},
									"textures": {
										"default": "textures/entity/eye"
									},
									"geometry": {
										"default": "geometry.bones"
									},
									"scripts": {
										"animate": [
											"particles",
											"look_at_target",
											"omega"
										]
									},
									"animations": {
										"summon": "animation.spike.idle",
										"particles": "controller.animation.pa_bruh",
										"look_at_target": "animation.humanoid.look_at_target.default.v1.0",
										"omega": "controller.animation.omega.summon"
									},
									"spawn_egg": {
										"texture": "spawn_egg",
										"texture_index": 99
									},
									"render_controllers": [
										"controller.render.slime"
									]
								},
								"data": "bone:lurks2",
								"key": "identifier"
							},
							{
								"key": "materials",
								"is_minified": true,
								"children": {
									"default": "charged_creeper"
								}
							},
							{
								"open": {
									"identifier": "bone:lurks2",
									"materials": {
										"default": "charged_creeper"
									},
									"textures": {
										"default": "textures/entity/eye"
									},
									"geometry": {
										"default": "geometry.bones"
									},
									"scripts": {
										"animate": [
											"particles",
											"look_at_target",
											"omega"
										]
									},
									"animations": {
										"summon": "animation.spike.idle",
										"particles": "controller.animation.pa_bruh",
										"look_at_target": "animation.humanoid.look_at_target.default.v1.0",
										"omega": "controller.animation.omega.summon"
									},
									"spawn_egg": {
										"texture": "spawn_egg",
										"texture_index": 99
									},
									"render_controllers": [
										"controller.render.slime"
									]
								},
								"key": "textures",
								"is_minified": true,
								"children": {
									"default": "textures/entity/eye"
								}
							},
							{
								"open": {
									"identifier": "bone:lurks2",
									"materials": {
										"default": "charged_creeper"
									},
									"textures": {
										"default": "textures/entity/eye"
									},
									"geometry": {
										"default": "geometry.bones"
									},
									"scripts": {
										"animate": [
											"particles",
											"look_at_target",
											"omega"
										]
									},
									"animations": {
										"summon": "animation.spike.idle",
										"particles": "controller.animation.pa_bruh",
										"look_at_target": "animation.humanoid.look_at_target.default.v1.0",
										"omega": "controller.animation.omega.summon"
									},
									"spawn_egg": {
										"texture": "spawn_egg",
										"texture_index": 99
									},
									"render_controllers": [
										"controller.render.slime"
									]
								},
								"key": "geometry",
								"is_minified": true,
								"children": {
									"default": "geometry.bones"
								}
							},
							{
								"key": "scripts",
								"is_minified": true,
								"children": {
									"animate": [
										"particles",
										"look_at_target",
										"omega"
									]
								}
							},
							{
								"key": "animations",
								"is_minified": true,
								"children": {
									"summon": "animation.spike.idle",
									"particles": "controller.animation.pa_bruh",
									"look_at_target": "animation.humanoid.look_at_target.default.v1.0",
									"omega": "controller.animation.omega.summon"
								}
							},
							{
								"key": "spawn_egg",
								"is_minified": true,
								"children": {
									"texture": "spawn_egg",
									"texture_index": 99
								}
							},
							{
								"key": "render_controllers",
								"is_minified": true,
								"children": [
									"controller.render.slime"
								]
							}
						]
					}
				]
			}
		]
	}
}