{
	"file_path": "C:\\Users\\windows10\\AppData\\Local\\Packages\\Microsoft.MinecraftUWP_8wekyb3d8bbwe\\LocalState\\games\\com.mojang\\development_resource_packs\\UT_sans\\entity\\gb_blaster.json",
	"file_type": "client_entity",
	"format_version": 1,
	"file_uuid": "28e924db_b976_438a_9085_770dd36346fc",
	"file_version": 1,
	"cache_content": {
		"children": [
			{
				"data": "1.10.0",
				"key": "format_version"
			},
			{
				"open": {
					"format_version": "1.10.0",
					"minecraft:client_entity": {
						"description": {
							"identifier": "gb:blaster",
							"materials": {
								"default": "spider",
								"attack": "last",
								"eye": "last"
							},
							"textures": {
								"default": "textures/entity/dragon",
								"attack": "textures/entity/eye",
								"eye": "textures/entity/eye"
							},
							"geometry": {
								"default": "geometry.sansdragon",
								"attack": "geometry.laser",
								"eye": "geometry.eye"
							},
							"animations": {
								"attack": "animation.dragon.attack",
								"look_at_target": "animation.humanoid.look_at_target.default.v1.0",
								"move": "animation.seraphim_blaster.move"
							},
							"scripts": {
								"pre_animation": [
									"variable.shake = query.shake_time - query.frame_alpha;",
									"variable.shake_power = variable.shake > 0.0 ? -Math.sin(variable.shake * 200.0) * variable.shake : 0.0;"
								],
								"scale": 1,
								"animate": [
									"move",
									"look_at_target",
									{
										"attack": "query.has_target"
									}
								]
							},
							"render_controllers": [
								"controller.render.skeleton",
								"controller.render.las_attack",
								"controller.render.final"
							]
						}
					}
				},
				"key": "minecraft:client_entity",
				"children": [
					{
						"open": {
							"description": {
								"identifier": "gb:blaster",
								"materials": {
									"default": "spider",
									"attack": "last",
									"eye": "last"
								},
								"textures": {
									"default": "textures/entity/dragon",
									"attack": "textures/entity/eye",
									"eye": "textures/entity/eye"
								},
								"geometry": {
									"default": "geometry.sansdragon",
									"attack": "geometry.laser",
									"eye": "geometry.eye"
								},
								"animations": {
									"attack": "animation.dragon.attack",
									"look_at_target": "animation.humanoid.look_at_target.default.v1.0",
									"move": "animation.seraphim_blaster.move"
								},
								"scripts": {
									"pre_animation": [
										"variable.shake = query.shake_time - query.frame_alpha;",
										"variable.shake_power = variable.shake > 0.0 ? -Math.sin(variable.shake * 200.0) * variable.shake : 0.0;"
									],
									"scale": 1,
									"animate": [
										"move",
										"look_at_target",
										{
											"attack": "query.has_target"
										}
									]
								},
								"render_controllers": [
									"controller.render.skeleton",
									"controller.render.las_attack",
									"controller.render.final"
								]
							}
						},
						"key": "description",
						"children": [
							{
								"data": "gb:blaster",
								"key": "identifier"
							},
							{
								"open": {
									"identifier": "gb:blaster",
									"materials": {
										"default": "spider",
										"attack": "last",
										"eye": "last"
									},
									"textures": {
										"default": "textures/entity/dragon",
										"attack": "textures/entity/eye",
										"eye": "textures/entity/eye"
									},
									"geometry": {
										"default": "geometry.sansdragon",
										"attack": "geometry.laser",
										"eye": "geometry.eye"
									},
									"animations": {
										"attack": "animation.dragon.attack",
										"look_at_target": "animation.humanoid.look_at_target.default.v1.0",
										"move": "animation.seraphim_blaster.move"
									},
									"scripts": {
										"pre_animation": [
											"variable.shake = query.shake_time - query.frame_alpha;",
											"variable.shake_power = variable.shake > 0.0 ? -Math.sin(variable.shake * 200.0) * variable.shake : 0.0;"
										],
										"scale": 1,
										"animate": [
											"move",
											"look_at_target",
											{
												"attack": "query.has_target"
											}
										]
									},
									"render_controllers": [
										"controller.render.skeleton",
										"controller.render.las_attack",
										"controller.render.final"
									]
								},
								"key": "materials",
								"is_minified": true,
								"children": {
									"default": "spider",
									"attack": "last",
									"eye": "last"
								}
							},
							{
								"open": {
									"identifier": "gb:blaster",
									"materials": {
										"default": "spider",
										"attack": "last",
										"eye": "last"
									},
									"textures": {
										"default": "textures/entity/dragon",
										"attack": "textures/entity/eye",
										"eye": "textures/entity/eye"
									},
									"geometry": {
										"default": "geometry.sansdragon",
										"attack": "geometry.laser",
										"eye": "geometry.eye"
									},
									"animations": {
										"attack": "animation.dragon.attack",
										"look_at_target": "animation.humanoid.look_at_target.default.v1.0",
										"move": "animation.seraphim_blaster.move"
									},
									"scripts": {
										"pre_animation": [
											"variable.shake = query.shake_time - query.frame_alpha;",
											"variable.shake_power = variable.shake > 0.0 ? -Math.sin(variable.shake * 200.0) * variable.shake : 0.0;"
										],
										"scale": 1,
										"animate": [
											"move",
											"look_at_target",
											{
												"attack": "query.has_target"
											}
										]
									},
									"render_controllers": [
										"controller.render.skeleton",
										"controller.render.las_attack",
										"controller.render.final"
									]
								},
								"key": "textures",
								"is_minified": true,
								"children": {
									"default": "textures/entity/dragon",
									"attack": "textures/entity/eye",
									"eye": "textures/entity/eye"
								}
							},
							{
								"open": {
									"identifier": "gb:blaster",
									"materials": {
										"default": "spider",
										"attack": "last",
										"eye": "last"
									},
									"textures": {
										"default": "textures/entity/dragon",
										"attack": "textures/entity/eye",
										"eye": "textures/entity/eye"
									},
									"geometry": {
										"default": "geometry.sansdragon",
										"attack": "geometry.laser",
										"eye": "geometry.eye"
									},
									"animations": {
										"attack": "animation.dragon.attack",
										"look_at_target": "animation.humanoid.look_at_target.default.v1.0",
										"move": "animation.seraphim_blaster.move"
									},
									"scripts": {
										"pre_animation": [
											"variable.shake = query.shake_time - query.frame_alpha;",
											"variable.shake_power = variable.shake > 0.0 ? -Math.sin(variable.shake * 200.0) * variable.shake : 0.0;"
										],
										"scale": 1,
										"animate": [
											"move",
											"look_at_target",
											{
												"attack": "query.has_target"
											}
										]
									},
									"render_controllers": [
										"controller.render.skeleton",
										"controller.render.las_attack",
										"controller.render.final"
									]
								},
								"key": "geometry",
								"is_minified": true,
								"children": {
									"default": "geometry.sansdragon",
									"attack": "geometry.laser",
									"eye": "geometry.eye"
								}
							},
							{
								"key": "animations",
								"is_minified": true,
								"children": {
									"attack": "animation.dragon.attack",
									"look_at_target": "animation.humanoid.look_at_target.default.v1.0",
									"move": "animation.seraphim_blaster.move"
								}
							},
							{
								"key": "scripts",
								"is_minified": true,
								"children": {
									"pre_animation": [
										"variable.shake = query.shake_time - query.frame_alpha;",
										"variable.shake_power = variable.shake > 0.0 ? -Math.sin(variable.shake * 200.0) * variable.shake : 0.0;"
									],
									"scale": 1,
									"animate": [
										"move",
										"look_at_target",
										{
											"attack": "query.has_target"
										}
									]
								}
							},
							{
								"key": "render_controllers",
								"is_minified": true,
								"children": [
									"controller.render.skeleton",
									"controller.render.las_attack",
									"controller.render.final"
								]
							}
						]
					}
				]
			}
		]
	}
}