{
	"file_path": "C:\\Users\\windows10\\AppData\\Local\\Packages\\Microsoft.MinecraftUWP_8wekyb3d8bbwe\\LocalState\\games\\com.mojang\\development_resource_packs\\UT_sans\\entity\\sans.json",
	"file_type": "client_entity",
	"format_version": 1,
	"file_uuid": "7703d20a_e948_4fc2_b8f2_0e67d77e6b6c",
	"file_version": 11,
	"cache_content": {
		"children": [
			{
				"data": "1.10.0",
				"key": "format_version"
			},
			{
				"open": {
					"format_version": "1.10.0",
					"minecraft:client_entity": {
						"description": {
							"identifier": "wg:sans",
							"materials": {
								"default": "skeleton"
							},
							"min_engine_version": "1.8.0",
							"particle_effects": {
								"locator": "minecraft:dragon_breath_fire"
							},
							"textures": {
								"default": "textures/entity/sans"
							},
							"geometry": {
								"default": "geometry.sans"
							},
							"animations": {
								"attack": "animation.sans.target",
								"walk": "animation.sans.walk",
								"all": "controller.animation.sans.all",
								"look_at_target": "animation.humanoid.look_at_target.default.v1.0",
								"sitting": "animation.sans.sleep"
							},
							"enable_attachables": false,
							"scripts": {
								"animate": [
									"all",
									"look_at_target",
									{
										"sitting": "query.is_sleeping"
									},
									{
										"attack": "query.has_target"
									}
								]
							},
							"spawn_egg": {
								"texture": "sans",
								"texture_index": 0
							},
							"render_controllers": [
								"controller.render.skeleton"
							]
						}
					}
				},
				"key": "minecraft:client_entity",
				"children": [
					{
						"open": {
							"description": {
								"identifier": "wg:sans",
								"materials": {
									"default": "skeleton"
								},
								"min_engine_version": "1.8.0",
								"particle_effects": {
									"locator": "minecraft:dragon_breath_fire"
								},
								"textures": {
									"default": "textures/entity/sans"
								},
								"geometry": {
									"default": "geometry.sans"
								},
								"animations": {
									"attack": "animation.sans.target",
									"walk": "animation.sans.walk",
									"all": "controller.animation.sans.all",
									"look_at_target": "animation.humanoid.look_at_target.default.v1.0",
									"sitting": "animation.sans.sleep"
								},
								"enable_attachables": false,
								"scripts": {
									"animate": [
										"all",
										"look_at_target",
										{
											"sitting": "query.is_sleeping"
										},
										{
											"attack": "query.has_target"
										}
									]
								},
								"spawn_egg": {
									"texture": "sans",
									"texture_index": 0
								},
								"render_controllers": [
									"controller.render.skeleton"
								]
							}
						},
						"key": "description",
						"children": [
							{
								"data": "wg:sans",
								"key": "identifier"
							},
							{
								"key": "materials",
								"is_minified": true,
								"children": {
									"default": "skeleton"
								}
							},
							{
								"open": {
									"identifier": "wg:sans",
									"materials": {
										"default": "skeleton"
									},
									"min_engine_version": "1.8.0",
									"particle_effects": {
										"locator": "minecraft:dragon_breath_fire"
									},
									"textures": {
										"default": "textures/entity/sans"
									},
									"geometry": {
										"default": "geometry.sans"
									},
									"animations": {
										"attack": "animation.sans.target",
										"walk": "animation.sans.walk",
										"all": "controller.animation.sans.all",
										"look_at_target": "animation.humanoid.look_at_target.default.v1.0",
										"sitting": "animation.sans.sleep"
									},
									"enable_attachables": false,
									"scripts": {
										"animate": [
											"all",
											"look_at_target",
											{
												"sitting": "query.is_sleeping"
											},
											{
												"attack": "query.has_target"
											}
										]
									},
									"spawn_egg": {
										"texture": "sans",
										"texture_index": 0
									},
									"render_controllers": [
										"controller.render.skeleton"
									]
								},
								"data": "1.8.0",
								"key": "min_engine_version"
							},
							{
								"open": {
									"identifier": "wg:sans",
									"materials": {
										"default": "skeleton"
									},
									"min_engine_version": "1.8.0",
									"particle_effects": {
										"locator": "minecraft:dragon_breath_fire"
									},
									"textures": {
										"default": "textures/entity/sans"
									},
									"geometry": {
										"default": "geometry.sans"
									},
									"animations": {
										"attack": "animation.sans.target",
										"walk": "animation.sans.walk",
										"all": "controller.animation.sans.all",
										"look_at_target": "animation.humanoid.look_at_target.default.v1.0",
										"sitting": "animation.sans.sleep"
									},
									"enable_attachables": false,
									"scripts": {
										"animate": [
											"all",
											"look_at_target",
											{
												"sitting": "query.is_sleeping"
											},
											{
												"attack": "query.has_target"
											}
										]
									},
									"spawn_egg": {
										"texture": "sans",
										"texture_index": 0
									},
									"render_controllers": [
										"controller.render.skeleton"
									]
								},
								"key": "particle_effects",
								"is_minified": true,
								"children": {
									"locator": "minecraft:dragon_breath_fire"
								}
							},
							{
								"key": "textures",
								"is_minified": true,
								"children": {
									"default": "textures/entity/sans"
								}
							},
							{
								"key": "geometry",
								"is_minified": true,
								"children": {
									"default": "geometry.sans"
								}
							},
							{
								"open": {
									"identifier": "wg:sans",
									"materials": {
										"default": "skeleton"
									},
									"min_engine_version": "1.8.0",
									"particle_effects": {
										"locator": "minecraft:dragon_breath_fire"
									},
									"textures": {
										"default": "textures/entity/sans"
									},
									"geometry": {
										"default": "geometry.sans"
									},
									"animations": {
										"attack": "animation.sans.target",
										"walk": "animation.sans.walk",
										"all": "controller.animation.sans.all",
										"look_at_target": "animation.humanoid.look_at_target.default.v1.0",
										"sitting": "animation.sans.sleep"
									},
									"enable_attachables": false,
									"scripts": {
										"animate": [
											"all",
											"look_at_target",
											{
												"sitting": "query.is_sleeping"
											},
											{
												"attack": "query.has_target"
											}
										]
									},
									"spawn_egg": {
										"texture": "sans",
										"texture_index": 0
									},
									"render_controllers": [
										"controller.render.skeleton"
									]
								},
								"key": "animations",
								"is_minified": true,
								"children": {
									"attack": "animation.sans.target",
									"walk": "animation.sans.walk",
									"all": "controller.animation.sans.all",
									"look_at_target": "animation.humanoid.look_at_target.default.v1.0",
									"sitting": "animation.sans.sleep"
								}
							},
							{
								"data": "false",
								"key": "enable_attachables"
							},
							{
								"open": {
									"identifier": "wg:sans",
									"materials": {
										"default": "skeleton"
									},
									"min_engine_version": "1.8.0",
									"particle_effects": {
										"locator": "minecraft:dragon_breath_fire"
									},
									"textures": {
										"default": "textures/entity/sans"
									},
									"geometry": {
										"default": "geometry.sans"
									},
									"animations": {
										"attack": "animation.sans.target",
										"walk": "animation.sans.walk",
										"all": "controller.animation.sans.all",
										"look_at_target": "animation.humanoid.look_at_target.default.v1.0",
										"sitting": "animation.sans.sleep"
									},
									"enable_attachables": false,
									"scripts": {
										"animate": [
											"all",
											"look_at_target",
											{
												"sitting": "query.is_sleeping"
											},
											{
												"attack": "query.has_target"
											}
										]
									},
									"spawn_egg": {
										"texture": "sans",
										"texture_index": 0
									},
									"render_controllers": [
										"controller.render.skeleton"
									]
								},
								"key": "scripts",
								"children": [
									{
										"open": {
											"animate": [
												"all",
												"look_at_target",
												{
													"sitting": "query.is_sleeping"
												},
												{
													"attack": "query.has_target"
												}
											]
										},
										"key": "animate",
										"children": [
											{
												"data": "all"
											},
											{
												"data": "look_at_target"
											},
											{
												"is_minified": true,
												"children": {
													"sitting": "query.is_sleeping"
												}
											},
											{
												"open": [
													"all",
													"look_at_target",
													{
														"sitting": "query.is_sleeping"
													},
													{
														"attack": "query.has_target"
													}
												],
												"is_minified": true,
												"children": {
													"attack": "query.has_target"
												}
											}
										]
									}
								]
							},
							{
								"key": "spawn_egg",
								"is_minified": true,
								"children": {
									"texture": "sans",
									"texture_index": 0
								}
							},
							{
								"key": "render_controllers",
								"is_minified": true,
								"children": [
									"controller.render.skeleton"
								]
							}
						]
					}
				]
			}
		]
	}
}