{
	"format_version": "1.8.0",
	"animations": {
		"animation.dragon_egg.hatching": {
			"loop": true,
			"animation_length": 1,
			"particle_effects": {
				"0.0": {
					"effect": "dragon_egg_hatching",
					"locator": "egg"
				},
				"0.0333": {
					"effect": "dragon_egg_hatchings",
					"locator": "egg"
				},
				"0.0833": {
					"effect": "dragon_egg_lavadrip",
					"locator": "egg"
				}
			}
		},
		"animation.dragon_egg.bs": {
			"loop": true,
			"animation_length": 6,
			"bones": {
				"egg": {
					"rotation": {
						"0.0": ["math.sin(query.anim_time * 640.0) * -16.0", 0, "8 + math.sin(query.anim_time * 640.0 - 320) * -16.0"],
						"1.6333": [0, 0, 0]
					}
				}
			},
			"sound_effects": {
				"0.0": {
					"effect": "dragonegg_bs0_sou"
				},
				"0.8": {
					"effect": "dragonegg_bs1_sou"
				}
			},
			"particle_effects": {
				"0.0": {
					"effect": "dragon_egg_bs",
					"locator": "egg"
				}
			}
		}
	}
}