﻿{
    "format_version": "1.8.0",
    "minecraft:entity": {
        "description": {
            "identifier": "egg:scp3199_egg",
            "is_spawnable": false,
            "is_summonable": true,
            "is_experimental": false
        },
        "component_groups": {
            "despawn": {
                "minecraft:despawn": {}
            }
        },
        "components": {
            "minecraft:timer": {
                "looping": false,
                "time": 61,
                "time_down_event": {
                    "event": "minecraft:start_despawn",
                    "target": "self"
                }
            },
            "minecraft:damage_sensor": {
                "deals_damage": false
            },
            "minecraft:spawn_entity": [{
                    "min_wait_time": 60,
                    "max_wait_time": 60,
                    "spawn_entity": "entity:scp3199",
                    "single_use": true,
                    "num_to_spawn": 1,
                    "should_leash": false
                }
            ],
            "minecraft:type_family": {
                "family": [
                    "scp3199egg"
                ]
            },
            "minecraft:leashable": {
                "soft_distance": 4.0,
                "hard_distance": 6.0,
                "max_distance": 10.0
            },
            "minecraft:breathable": {
                "totalSupply": 1000,
                "suffocateTime": 0,
                "breathesAir": true,
                "breathesWater": false
            },
            "minecraft:health": {
                "value": 4,
                "max": 4
            },
            "minecraft:collision_box": {
                "width": 1,
                "height": 1
            },
            "minecraft:behavior.hurt_by_target": {
                "priority": 1
            },
            "minecraft:physics": {},
            "minecraft:pushable": {
                "is_pushable": true,
                "is_pushable_by_piston": true
            }
        },
        "events": {
            "minecraft:start_despawn": {
                "add": {
                    "component_groups": [
                        "despawn"
                    ]
                }
            }
        }
    }
}