{"format_version":"1.16.100","minecraft:block":{"description":{"identifier":"loled:colision_trampoline_2"},"components":{"minecraft:material_instances":{"*":{"texture":"colisao","render_method":"alpha_test"}},"minecraft:loot":"loot_tables/air/none.json","minecraft:geometry":"geometry.colisao","minecraft:destroy_time":2,"minecraft:block_light_absorption":0,"minecraft:placement_filter":{"conditions":[{"allowed_faces":["up","west","east","north","south"],"block_filter":["loled:beach_trampoline"]}]},"minecraft:on_player_destroyed":{"event":"loled:air"},"minecraft:entity_collision":{"origin":[-8,14,-8],"size":[16,2,16]},"minecraft:pick_collision":{"origin":[-8,14,-8],"size":[16,2,16]}},"events":{"loled:air":{"run_command":{"command":"setblock ~~~1 air 0 destroy"}}}}}