{
	"format_version": "1.12.0",
	"minecraft:geometry": [
		{
			"description": {
				"identifier": "geometry.simple_vehicles.dump_truck",
				"texture_width": 512,
				"texture_height": 512,
				"visible_bounds_width": 14,
				"visible_bounds_height": 10,
				"visible_bounds_offset": [
					0,
					2,
					0
				]
			},
			"bones": [
				{
					"name": "body0",
					"pivot": [
						-0.28589,
						14.6,
						24.66667
					],
					"cubes": [
						{
							"origin": [
								-25,
								5,
								87
							],
							"size": [
								50,
								7,
								3
							],
							"uv": [
								340,
								191
							]
						},
						{
							"origin": [
								-12.84203,
								10,
								-40
							],
							"size": [
								25,
								6,
								115
							],
							"uv": [
								0,
								0
							]
						},
						{
							"origin": [
								-13,
								5,
								52
							],
							"size": [
								26,
								7,
								35
							],
							"uv": [
								295,
								338
							]
						},
						{
							"origin": [
								-13,
								12,
								75
							],
							"size": [
								26,
								4,
								12
							],
							"uv": [
								165,
								35
							]
						},
						{
							"origin": [
								-20,
								5,
								-36
							],
							"size": [
								40,
								12,
								87
							],
							"uv": [
								0,
								121
							]
						},
						{
							"origin": [
								18.15797,
								16,
								52
							],
							"size": [
								6,
								1,
								36
							],
							"uv": [
								0,
								158
							]
						},
						{
							"origin": [
								-25.84203,
								16,
								52
							],
							"size": [
								6,
								1,
								36
							],
							"uv": [
								0,
								121
							]
						},
						{
							"origin": [
								-19.84203,
								16,
								49
							],
							"size": [
								38,
								1,
								39
							],
							"uv": [
								250,
								298
							]
						},
						{
							"origin": [
								23,
								17,
								-26
							],
							"size": [
								2,
								1,
								14
							],
							"inflate": 0.001,
							"uv": [
								256,
								158
							]
						},
						{
							"origin": [
								23,
								18,
								-25
							],
							"size": [
								2,
								1,
								13
							],
							"inflate": 0.001,
							"uv": [
								266,
								96
							]
						},
						{
							"origin": [
								23,
								19,
								-24
							],
							"size": [
								2,
								1,
								12
							],
							"inflate": 0.001,
							"uv": [
								28,
								195
							]
						},
						{
							"origin": [
								-25,
								19,
								-24
							],
							"size": [
								2,
								1,
								12
							],
							"inflate": 0.001,
							"uv": [
								0,
								195
							]
						},
						{
							"origin": [
								-25,
								18,
								-25
							],
							"size": [
								2,
								1,
								13
							],
							"inflate": 0.001,
							"uv": [
								165,
								68
							]
						},
						{
							"origin": [
								-25,
								17,
								-26
							],
							"size": [
								2,
								1,
								14
							],
							"inflate": 0.001,
							"uv": [
								0,
								175
							]
						}
					]
				},
				{
					"name": "tube0",
					"parent": "body0",
					"pivot": [
						0,
						12,
						18
					],
					"cubes": [
						{
							"origin": [
								-6,
								6,
								12
							],
							"size": [
								12,
								12,
								12
							],
							"uv": [
								197,
								56
							]
						}
					]
				},
				{
					"name": "tube1",
					"parent": "tube0",
					"pivot": [
						0,
						13,
						18
					],
					"cubes": [
						{
							"origin": [
								-5,
								7,
								13
							],
							"size": [
								10,
								12,
								10
							],
							"uv": [
								206,
								0
							]
						}
					]
				},
				{
					"name": "tube2",
					"parent": "tube1",
					"pivot": [
						0,
						14,
						18
					],
					"cubes": [
						{
							"origin": [
								-4,
								8,
								14
							],
							"size": [
								8,
								12,
								8
							],
							"uv": [
								120,
								241
							]
						}
					]
				},
				{
					"name": "front",
					"parent": "body0",
					"pivot": [
						0.1622,
						0,
						0
					],
					"cubes": [
						{
							"origin": [
								-25,
								10,
								-42
							],
							"size": [
								50,
								7,
								6
							],
							"inflate": 0.1,
							"uv": [
								0,
								340
							]
						},
						{
							"origin": [
								-25,
								6,
								-34
							],
							"size": [
								6,
								1,
								7
							],
							"uv": [
								302,
								152
							]
						},
						{
							"origin": [
								19,
								6,
								-34
							],
							"size": [
								6,
								1,
								7
							],
							"uv": [
								300,
								175
							]
						},
						{
							"origin": [
								-25,
								5,
								-36
							],
							"size": [
								6,
								12,
								2
							],
							"uv": [
								20,
								121
							]
						},
						{
							"origin": [
								19,
								5,
								-36
							],
							"size": [
								6,
								12,
								2
							],
							"uv": [
								0,
								121
							]
						},
						{
							"origin": [
								-25,
								9,
								-34
							],
							"size": [
								6,
								1,
								7
							],
							"uv": [
								300,
								140
							]
						},
						{
							"origin": [
								19,
								9,
								-34
							],
							"size": [
								6,
								1,
								7
							],
							"uv": [
								295,
								92
							]
						},
						{
							"origin": [
								-25,
								12,
								-34
							],
							"size": [
								6,
								1,
								7
							],
							"uv": [
								291,
								211
							]
						},
						{
							"origin": [
								19,
								12,
								-34
							],
							"size": [
								6,
								1,
								7
							],
							"uv": [
								289,
								165
							]
						},
						{
							"origin": [
								-25,
								16,
								-34
							],
							"size": [
								50,
								1,
								7
							],
							"uv": [
								340,
								175
							]
						},
						{
							"origin": [
								-25,
								5,
								-27
							],
							"size": [
								6,
								12,
								1
							],
							"uv": [
								0,
								158
							]
						},
						{
							"origin": [
								19,
								5,
								-27
							],
							"size": [
								6,
								12,
								1
							],
							"uv": [
								48,
								121
							]
						},
						{
							"origin": [
								-25,
								12,
								-41
							],
							"size": [
								50,
								18,
								5
							],
							"uv": [
								0,
								88
							]
						},
						{
							"origin": [
								23,
								28.56212,
								-36.84536
							],
							"size": [
								2,
								24,
								4
							],
							"pivot": [
								0,
								41.06212,
								-34.84536
							],
							"rotation": [
								-20,
								0,
								0
							],
							"uv": [
								166,
								292
							]
						},
						{
							"origin": [
								26.1622,
								31,
								-45
							],
							"size": [
								2,
								2,
								9
							],
							"pivot": [
								27.1622,
								32,
								-40.5
							],
							"rotation": [
								0,
								-42.5,
								0
							],
							"uv": [
								306,
								100
							]
						},
						{
							"origin": [
								23,
								17,
								-12
							],
							"size": [
								2,
								34,
								15
							],
							"uv": [
								201,
								140
							]
						},
						{
							"origin": [
								-25,
								51,
								-33
							],
							"size": [
								50,
								2,
								36
							],
							"uv": [
								250,
								260
							]
						},
						{
							"origin": [
								-23,
								49.56212,
								-36.84536
							],
							"size": [
								46,
								3,
								4
							],
							"pivot": [
								2,
								41.06212,
								-34.84536
							],
							"rotation": [
								-20,
								0,
								0
							],
							"uv": [
								340,
								229
							]
						},
						{
							"origin": [
								-25,
								28.56212,
								-36.84536
							],
							"size": [
								2,
								24,
								4
							],
							"pivot": [
								0,
								41.06212,
								-34.84536
							],
							"rotation": [
								-20,
								0,
								0
							],
							"uv": [
								96,
								57
							]
						},
						{
							"origin": [
								-23,
								28.56212,
								-36.84536
							],
							"size": [
								46,
								21,
								0
							],
							"pivot": [
								2,
								41.06212,
								-34.84536
							],
							"rotation": [
								-20,
								0,
								0
							],
							"uv": [
								82,
								220
							]
						},
						{
							"origin": [
								-25,
								17,
								-12
							],
							"size": [
								2,
								34,
								15
							],
							"uv": [
								168,
								155
							]
						},
						{
							"origin": [
								20,
								15,
								-26
							],
							"size": [
								5,
								2,
								18
							],
							"uv": [
								28,
								222
							]
						},
						{
							"origin": [
								-25,
								15,
								-26
							],
							"size": [
								5,
								2,
								18
							],
							"uv": [
								0,
								220
							]
						},
						{
							"origin": [
								-23,
								17,
								-12
							],
							"size": [
								45,
								34,
								3
							],
							"uv": [
								0,
								51
							]
						},
						{
							"origin": [
								-23,
								17,
								-9
							],
							"size": [
								46,
								34,
								12
							],
							"uv": [
								339,
								0
							]
						},
						{
							"origin": [
								-28.8378,
								31,
								-45
							],
							"size": [
								2,
								2,
								9
							],
							"pivot": [
								-27.8378,
								32,
								-41.5
							],
							"rotation": [
								0,
								42.5,
								0
							],
							"uv": [
								165,
								12
							]
						}
					]
				},
				{
					"name": "wiper0",
					"parent": "front",
					"pivot": [
						-2.3378,
						30.46985,
						-40.82899
					],
					"rotation": [
						-20,
						0,
						0
					],
					"cubes": [
						{
							"origin": [
								-21,
								28.56212,
								-36.84536
							],
							"size": [
								19,
								1,
								0
							],
							"pivot": [
								2,
								41.06212,
								-34.84536
							],
							"rotation": [
								-20,
								0,
								0
							],
							"uv": [
								38,
								114
							]
						}
					]
				},
				{
					"name": "wiper1",
					"parent": "front",
					"pivot": [
						18.6622,
						30.46985,
						-40.82899
					],
					"rotation": [
						-20,
						0,
						0
					],
					"cubes": [
						{
							"origin": [
								0,
								28.56212,
								-36.84536
							],
							"size": [
								19,
								1,
								0
							],
							"pivot": [
								23,
								41.06212,
								-34.84536
							],
							"rotation": [
								-20,
								0,
								0
							],
							"uv": [
								0,
								114
							]
						}
					]
				},
				{
					"name": "door0",
					"parent": "front",
					"pivot": [
						-23.8378,
						27.27634,
						-35.45188
					],
					"cubes": [
						{
							"origin": [
								-25,
								33,
								-13
							],
							"size": [
								2,
								17,
								1
							],
							"uv": [
								328,
								143
							]
						},
						{
							"origin": [
								-24,
								33,
								-35
							],
							"size": [
								0,
								17,
								22
							],
							"uv": [
								167,
								116
							]
						},
						{
							"origin": [
								-25,
								50,
								-29
							],
							"size": [
								2,
								1,
								17
							],
							"uv": [
								48,
								176
							]
						},
						{
							"origin": [
								-25,
								30.15807,
								-32.2113
							],
							"size": [
								2,
								20,
								1
							],
							"pivot": [
								-24,
								41.65807,
								-27.7113
							],
							"rotation": [
								-20,
								0,
								0
							],
							"uv": [
								222,
								298
							]
						},
						{
							"origin": [
								-25,
								17,
								-36
							],
							"size": [
								2,
								16,
								8
							],
							"uv": [
								36,
								262
							]
						},
						{
							"origin": [
								-25,
								21,
								-28
							],
							"size": [
								2,
								12,
								16
							],
							"uv": [
								48,
								121
							]
						},
						{
							"origin": [
								-25,
								20,
								-28
							],
							"size": [
								2,
								1,
								16
							],
							"uv": [
								0,
								158
							]
						},
						{
							"origin": [
								-25,
								19,
								-28
							],
							"size": [
								2,
								1,
								4
							],
							"uv": [
								0,
								195
							]
						},
						{
							"origin": [
								-25,
								18,
								-28
							],
							"size": [
								2,
								1,
								3
							],
							"uv": [
								172,
								166
							]
						},
						{
							"origin": [
								-25,
								17,
								-28
							],
							"size": [
								2,
								1,
								2
							],
							"uv": [
								78,
								121
							]
						}
					]
				},
				{
					"name": "door1",
					"parent": "front",
					"pivot": [
						24.1622,
						27.27634,
						-35.45188
					],
					"cubes": [
						{
							"origin": [
								23,
								30.15807,
								-32.2113
							],
							"size": [
								2,
								20,
								1
							],
							"pivot": [
								24,
								41.65807,
								-27.7113
							],
							"rotation": [
								-20,
								0,
								0
							],
							"uv": [
								58,
								262
							]
						},
						{
							"origin": [
								23,
								50,
								-29
							],
							"size": [
								2,
								1,
								17
							],
							"uv": [
								48,
								158
							]
						},
						{
							"origin": [
								23,
								33,
								-13
							],
							"size": [
								2,
								17,
								1
							],
							"uv": [
								242,
								190
							]
						},
						{
							"origin": [
								24,
								33,
								-35
							],
							"size": [
								0,
								17,
								22
							],
							"uv": [
								165,
								29
							]
						},
						{
							"origin": [
								23,
								20,
								-28
							],
							"size": [
								2,
								13,
								16
							],
							"inflate": 0.001,
							"uv": [
								0,
								121
							]
						},
						{
							"origin": [
								23,
								17,
								-36
							],
							"size": [
								2,
								16,
								8
							],
							"uv": [
								116,
								261
							]
						},
						{
							"origin": [
								23,
								19,
								-28
							],
							"size": [
								2,
								1,
								4
							],
							"inflate": 0.001,
							"uv": [
								0,
								183
							]
						},
						{
							"origin": [
								23,
								18,
								-28
							],
							"size": [
								2,
								1,
								3
							],
							"inflate": 0.001,
							"uv": [
								165,
								6
							]
						},
						{
							"origin": [
								23,
								17,
								-28
							],
							"size": [
								2,
								1,
								2
							],
							"inflate": 0.001,
							"uv": [
								68,
								121
							]
						}
					]
				},
				{
					"name": "mirror0",
					"parent": "front",
					"pivot": [
						-27.34203,
						40.5,
						-38
					],
					"rotation": [
						0,
						-70,
						0
					],
					"cubes": [
						{
							"origin": [
								-34.16422,
								33,
								-40.17274
							],
							"size": [
								1,
								14,
								4
							],
							"uv": [
								152,
								281
							]
						}
					]
				},
				{
					"name": "mirror1",
					"parent": "front",
					"pivot": [
						26.65797,
						40.5,
						-38
					],
					"rotation": [
						0,
						70,
						0
					],
					"cubes": [
						{
							"origin": [
								32.60078,
								33,
								-39.48869
							],
							"size": [
								1,
								14,
								4
							],
							"uv": [
								229,
								22
							]
						}
					]
				},
				{
					"name": "front2",
					"parent": "front",
					"pivot": [
						0.15797,
						0,
						0
					],
					"cubes": [
						{
							"origin": [
								-21.84203,
								22,
								-15
							],
							"size": [
								16,
								14,
								3
							],
							"uv": [
								82,
								241
							]
						},
						{
							"origin": [
								4.15797,
								22,
								-15
							],
							"size": [
								16,
								14,
								3
							],
							"uv": [
								201,
								191
							]
						},
						{
							"origin": [
								-19.84203,
								36,
								-15
							],
							"size": [
								12,
								5,
								3
							],
							"uv": [
								44,
								195
							]
						},
						{
							"origin": [
								6.15797,
								36,
								-15
							],
							"size": [
								12,
								5,
								3
							],
							"uv": [
								48,
								149
							]
						},
						{
							"origin": [
								-21.84203,
								17,
								-24
							],
							"size": [
								43,
								5,
								12
							],
							"uv": [
								167,
								121
							]
						},
						{
							"origin": [
								-4.84203,
								12,
								-34
							],
							"size": [
								9,
								12,
								23
							],
							"uv": [
								165,
								0
							]
						},
						{
							"origin": [
								-22.84203,
								17,
								-36
							],
							"size": [
								46,
								13,
								2
							],
							"uv": [
								340,
								214
							]
						},
						{
							"origin": [
								-3.84203,
								46,
								-32
							],
							"size": [
								8,
								3,
								1
							],
							"uv": [
								18,
								185
							]
						},
						{
							"origin": [
								-1.84203,
								49,
								-32
							],
							"size": [
								4,
								2,
								1
							],
							"uv": [
								75,
								149
							]
						}
					]
				},
				{
					"name": "dump_container",
					"parent": "body0",
					"pivot": [
						-0.5,
						17.33333,
						87.33333
					],
					"cubes": [
						{
							"origin": [
								23,
								17,
								5
							],
							"size": [
								2,
								51,
								2
							],
							"uv": [
								0,
								240
							]
						},
						{
							"origin": [
								25,
								13,
								5
							],
							"size": [
								1,
								55,
								2
							],
							"uv": [
								102,
								0
							]
						},
						{
							"origin": [
								25,
								13,
								15
							],
							"size": [
								1,
								55,
								2
							],
							"uv": [
								96,
								0
							]
						},
						{
							"origin": [
								25,
								15,
								7
							],
							"size": [
								1,
								2,
								8
							],
							"uv": [
								28,
								220
							]
						},
						{
							"origin": [
								25,
								23,
								7
							],
							"size": [
								1,
								2,
								8
							],
							"uv": [
								0,
								220
							]
						},
						{
							"origin": [
								25,
								30,
								7
							],
							"size": [
								1,
								2,
								8
							],
							"uv": [
								69,
								176
							]
						},
						{
							"origin": [
								25,
								39,
								7
							],
							"size": [
								1,
								2,
								8
							],
							"uv": [
								18,
								175
							]
						},
						{
							"origin": [
								25,
								47,
								7
							],
							"size": [
								1,
								2,
								8
							],
							"uv": [
								69,
								158
							]
						},
						{
							"origin": [
								25,
								55,
								7
							],
							"size": [
								1,
								2,
								8
							],
							"uv": [
								68,
								121
							]
						},
						{
							"origin": [
								23,
								57,
								7
							],
							"size": [
								2,
								2,
								80
							],
							"uv": [
								82,
								258
							]
						},
						{
							"origin": [
								23,
								17,
								7
							],
							"size": [
								2,
								2,
								81
							],
							"uv": [
								256,
								92
							]
						},
						{
							"origin": [
								-26,
								57,
								7
							],
							"size": [
								2,
								2,
								80
							],
							"uv": [
								166,
								260
							]
						},
						{
							"origin": [
								-25,
								19,
								87
							],
							"size": [
								1,
								27,
								2
							],
							"uv": [
								216,
								290
							]
						},
						{
							"origin": [
								-25,
								25,
								89
							],
							"size": [
								1,
								10,
								2
							],
							"uv": [
								167,
								121
							]
						},
						{
							"origin": [
								23,
								25,
								89
							],
							"size": [
								1,
								10,
								2
							],
							"uv": [
								165,
								35
							]
						},
						{
							"origin": [
								23,
								19,
								87
							],
							"size": [
								1,
								27,
								2
							],
							"uv": [
								240,
								289
							]
						},
						{
							"origin": [
								24,
								19,
								19
							],
							"size": [
								1,
								38,
								2
							],
							"uv": [
								234,
								258
							]
						},
						{
							"origin": [
								24,
								19,
								33
							],
							"size": [
								1,
								38,
								2
							],
							"uv": [
								228,
								258
							]
						},
						{
							"origin": [
								24,
								19,
								45
							],
							"size": [
								1,
								38,
								2
							],
							"uv": [
								222,
								258
							]
						},
						{
							"origin": [
								24,
								19,
								57
							],
							"size": [
								1,
								38,
								2
							],
							"uv": [
								110,
								258
							]
						},
						{
							"origin": [
								24,
								19,
								69
							],
							"size": [
								1,
								38,
								2
							],
							"uv": [
								70,
								258
							]
						},
						{
							"origin": [
								24,
								19,
								81
							],
							"size": [
								1,
								38,
								2
							],
							"uv": [
								243,
								138
							]
						},
						{
							"origin": [
								-26,
								19,
								81
							],
							"size": [
								1,
								38,
								2
							],
							"uv": [
								108,
								0
							]
						},
						{
							"origin": [
								-26,
								19,
								69
							],
							"size": [
								1,
								38,
								2
							],
							"uv": [
								108,
								40
							]
						},
						{
							"origin": [
								-26,
								19,
								57
							],
							"size": [
								1,
								38,
								2
							],
							"uv": [
								74,
								220
							]
						},
						{
							"origin": [
								-26,
								19,
								45
							],
							"size": [
								1,
								38,
								2
							],
							"uv": [
								241,
								22
							]
						},
						{
							"origin": [
								-26,
								19,
								33
							],
							"size": [
								1,
								38,
								2
							],
							"uv": [
								152,
								241
							]
						},
						{
							"origin": [
								-26,
								19,
								19
							],
							"size": [
								1,
								38,
								2
							],
							"uv": [
								64,
								242
							]
						},
						{
							"origin": [
								-26,
								29,
								7
							],
							"size": [
								1,
								2,
								12
							],
							"uv": [
								22,
								282
							]
						},
						{
							"origin": [
								-26,
								41,
								7
							],
							"size": [
								1,
								2,
								12
							],
							"uv": [
								250,
								280
							]
						},
						{
							"origin": [
								-26,
								53,
								7
							],
							"size": [
								1,
								2,
								12
							],
							"uv": [
								8,
								280
							]
						},
						{
							"origin": [
								-26,
								53,
								21
							],
							"size": [
								1,
								2,
								12
							],
							"uv": [
								82,
								278
							]
						},
						{
							"origin": [
								-26,
								41,
								21
							],
							"size": [
								1,
								2,
								12
							],
							"uv": [
								166,
								278
							]
						},
						{
							"origin": [
								-26,
								29,
								21
							],
							"size": [
								1,
								2,
								12
							],
							"uv": [
								192,
								278
							]
						},
						{
							"origin": [
								-26,
								53,
								35
							],
							"size": [
								1,
								2,
								10
							],
							"uv": [
								300,
								116
							]
						},
						{
							"origin": [
								-26,
								41,
								35
							],
							"size": [
								1,
								2,
								10
							],
							"uv": [
								300,
								128
							]
						},
						{
							"origin": [
								-26,
								29,
								35
							],
							"size": [
								1,
								2,
								10
							],
							"uv": [
								262,
								300
							]
						},
						{
							"origin": [
								-26,
								53,
								47
							],
							"size": [
								1,
								2,
								10
							],
							"uv": [
								298,
								187
							]
						},
						{
							"origin": [
								-26,
								41,
								47
							],
							"size": [
								1,
								2,
								10
							],
							"uv": [
								298,
								199
							]
						},
						{
							"origin": [
								-26,
								29,
								47
							],
							"size": [
								1,
								2,
								10
							],
							"uv": [
								250,
								298
							]
						},
						{
							"origin": [
								-26,
								53,
								59
							],
							"size": [
								1,
								2,
								10
							],
							"uv": [
								178,
								292
							]
						},
						{
							"origin": [
								-26,
								41,
								59
							],
							"size": [
								1,
								2,
								10
							],
							"uv": [
								294,
								104
							]
						},
						{
							"origin": [
								-26,
								29,
								59
							],
							"size": [
								1,
								2,
								10
							],
							"uv": [
								190,
								294
							]
						},
						{
							"origin": [
								-26,
								53,
								71
							],
							"size": [
								1,
								2,
								10
							],
							"uv": [
								288,
								140
							]
						},
						{
							"origin": [
								-26,
								41,
								71
							],
							"size": [
								1,
								2,
								10
							],
							"uv": [
								288,
								175
							]
						},
						{
							"origin": [
								-26,
								29,
								71
							],
							"size": [
								1,
								2,
								10
							],
							"uv": [
								290,
								152
							]
						},
						{
							"origin": [
								-26,
								53,
								83
							],
							"size": [
								1,
								2,
								4
							],
							"uv": [
								165,
								92
							]
						},
						{
							"origin": [
								-26,
								41,
								83
							],
							"size": [
								1,
								2,
								6
							],
							"uv": [
								182,
								68
							]
						},
						{
							"origin": [
								-26,
								29,
								83
							],
							"size": [
								1,
								2,
								8
							],
							"uv": [
								56,
								230
							]
						},
						{
							"origin": [
								24,
								41,
								7
							],
							"size": [
								1,
								2,
								12
							],
							"uv": [
								268,
								110
							]
						},
						{
							"origin": [
								24,
								53,
								7
							],
							"size": [
								1,
								2,
								12
							],
							"uv": [
								272,
								203
							]
						},
						{
							"origin": [
								24,
								29,
								7
							],
							"size": [
								1,
								2,
								12
							],
							"uv": [
								44,
								274
							]
						},
						{
							"origin": [
								24,
								29,
								21
							],
							"size": [
								1,
								2,
								12
							],
							"uv": [
								274,
								126
							]
						},
						{
							"origin": [
								24,
								53,
								21
							],
							"size": [
								1,
								2,
								12
							],
							"uv": [
								274,
								146
							]
						},
						{
							"origin": [
								24,
								41,
								21
							],
							"size": [
								1,
								2,
								12
							],
							"uv": [
								274,
								183
							]
						},
						{
							"origin": [
								24,
								41,
								35
							],
							"size": [
								1,
								2,
								10
							],
							"uv": [
								165,
								0
							]
						},
						{
							"origin": [
								24,
								53,
								35
							],
							"size": [
								1,
								2,
								10
							],
							"uv": [
								16,
								195
							]
						},
						{
							"origin": [
								24,
								29,
								35
							],
							"size": [
								1,
								2,
								10
							],
							"uv": [
								64,
								195
							]
						},
						{
							"origin": [
								24,
								53,
								47
							],
							"size": [
								1,
								2,
								10
							],
							"uv": [
								274,
								160
							]
						},
						{
							"origin": [
								24,
								53,
								59
							],
							"size": [
								1,
								2,
								10
							],
							"uv": [
								180,
								278
							]
						},
						{
							"origin": [
								24,
								53,
								71
							],
							"size": [
								1,
								2,
								10
							],
							"uv": [
								282,
								110
							]
						},
						{
							"origin": [
								24,
								53,
								83
							],
							"size": [
								1,
								2,
								4
							],
							"uv": [
								165,
								0
							]
						},
						{
							"origin": [
								24,
								41,
								83
							],
							"size": [
								1,
								2,
								6
							],
							"uv": [
								0,
								175
							]
						},
						{
							"origin": [
								24,
								41,
								71
							],
							"size": [
								1,
								2,
								10
							],
							"uv": [
								283,
								92
							]
						},
						{
							"origin": [
								24,
								29,
								71
							],
							"size": [
								1,
								2,
								10
							],
							"uv": [
								116,
								285
							]
						},
						{
							"origin": [
								24,
								29,
								59
							],
							"size": [
								1,
								2,
								10
							],
							"uv": [
								286,
								197
							]
						},
						{
							"origin": [
								24,
								41,
								59
							],
							"size": [
								1,
								2,
								10
							],
							"uv": [
								38,
								288
							]
						},
						{
							"origin": [
								24,
								41,
								47
							],
							"size": [
								1,
								2,
								10
							],
							"uv": [
								98,
								288
							]
						},
						{
							"origin": [
								24,
								29,
								47
							],
							"size": [
								1,
								2,
								10
							],
							"uv": [
								288,
								122
							]
						},
						{
							"origin": [
								24,
								29,
								83
							],
							"size": [
								1,
								2,
								8
							],
							"uv": [
								56,
								220
							]
						},
						{
							"origin": [
								23,
								19,
								7
							],
							"size": [
								1,
								38,
								80
							],
							"uv": [
								174,
								140
							]
						},
						{
							"origin": [
								-25,
								19,
								7
							],
							"size": [
								1,
								38,
								80
							],
							"uv": [
								174,
								140
							],
							"mirror": true
						},
						{
							"origin": [
								-26,
								17,
								7
							],
							"size": [
								2,
								2,
								82
							],
							"uv": [
								254,
								176
							]
						},
						{
							"origin": [
								-26,
								17,
								5
							],
							"size": [
								2,
								51,
								2
							],
							"uv": [
								235,
								138
							]
						},
						{
							"origin": [
								23,
								28,
								92
							],
							"size": [
								2,
								31,
								2
							],
							"pivot": [
								-1,
								18.5,
								93
							],
							"rotation": [
								10,
								0,
								0
							],
							"uv": [
								144,
								261
							]
						},
						{
							"origin": [
								-24,
								19,
								5
							],
							"size": [
								48,
								49,
								2
							],
							"uv": [
								0,
								0
							]
						},
						{
							"origin": [
								-26,
								65,
								0
							],
							"size": [
								50,
								3,
								5
							],
							"uv": [
								340,
								183
							]
						},
						{
							"origin": [
								-24.15797,
								27.4,
								2.7
							],
							"size": [
								48,
								1,
								82
							],
							"pivot": [
								-0.31594,
								0,
								0
							],
							"rotation": [
								-7.5,
								0,
								0
							],
							"uv": [
								165,
								0
							]
						},
						{
							"origin": [
								-26,
								28,
								92
							],
							"size": [
								2,
								31,
								2
							],
							"pivot": [
								-1,
								18.5,
								93
							],
							"rotation": [
								10,
								0,
								0
							],
							"uv": [
								136,
								261
							]
						},
						{
							"origin": [
								-23.65797,
								58,
								92
							],
							"size": [
								47,
								1,
								2
							],
							"pivot": [
								-0.65797,
								18.5,
								93
							],
							"rotation": [
								10,
								0,
								0
							],
							"uv": [
								0,
								111
							]
						},
						{
							"origin": [
								-24,
								27.54097,
								87.75322
							],
							"size": [
								48,
								30,
								1
							],
							"pivot": [
								0,
								42.54097,
								88.25322
							],
							"rotation": [
								10,
								0,
								0
							],
							"uv": [
								339,
								46
							]
						},
						{
							"origin": [
								22.84203,
								15.51587,
								87.24706
							],
							"size": [
								2,
								12,
								2
							],
							"pivot": [
								-0.15797,
								19.01587,
								92.24706
							],
							"rotation": [
								-20,
								0,
								0
							],
							"uv": [
								186,
								155
							]
						},
						{
							"origin": [
								-26.15797,
								15.51587,
								87.24706
							],
							"size": [
								2,
								12,
								2
							],
							"pivot": [
								-0.15797,
								19.01587,
								92.24706
							],
							"rotation": [
								-20,
								0,
								0
							],
							"uv": [
								167,
								155
							]
						},
						{
							"origin": [
								12,
								28,
								93
							],
							"size": [
								2,
								30,
								1
							],
							"pivot": [
								0,
								18.5,
								94
							],
							"rotation": [
								10,
								0,
								0
							],
							"uv": [
								278,
								260
							]
						},
						{
							"origin": [
								-14,
								28,
								93
							],
							"size": [
								2,
								30,
								1
							],
							"pivot": [
								-25,
								18.5,
								94
							],
							"rotation": [
								10,
								0,
								0
							],
							"uv": [
								240,
								258
							]
						},
						{
							"origin": [
								-1,
								28,
								93
							],
							"size": [
								2,
								30,
								1
							],
							"pivot": [
								-12,
								18.5,
								94
							],
							"rotation": [
								10,
								0,
								0
							],
							"uv": [
								248,
								177
							]
						}
					]
				},
				{
					"name": "dump_cover",
					"parent": "dump_container",
					"pivot": [
						-1.15797,
						28.01587,
						90.24706
					],
					"cubes": [
						{
							"origin": [
								-24,
								17.10536,
								86.26148
							],
							"size": [
								48,
								12,
								1
							],
							"pivot": [
								-1,
								17.01587,
								87.24706
							],
							"rotation": [
								-20,
								0,
								0
							],
							"uv": [
								340,
								201
							]
						},
						{
							"origin": [
								12,
								17.44738,
								87.20117
							],
							"size": [
								2,
								12,
								1
							],
							"pivot": [
								-1.15797,
								17.01587,
								87.24706
							],
							"rotation": [
								-20,
								0,
								0
							],
							"uv": [
								171,
								68
							]
						},
						{
							"origin": [
								13.84203,
								17.10536,
								86.26148
							],
							"size": [
								10,
								2,
								2
							],
							"pivot": [
								-1.15797,
								17.01587,
								87.24706
							],
							"rotation": [
								-20,
								0,
								0
							],
							"uv": [
								189,
								111
							]
						},
						{
							"origin": [
								0.84203,
								17.10536,
								86.26148
							],
							"size": [
								11,
								2,
								2
							],
							"pivot": [
								-1.15797,
								17.01587,
								87.24706
							],
							"rotation": [
								-20,
								0,
								0
							],
							"uv": [
								165,
								109
							]
						},
						{
							"origin": [
								-12.15797,
								17.10536,
								86.26148
							],
							"size": [
								11,
								2,
								2
							],
							"pivot": [
								-1.15797,
								17.01587,
								87.24706
							],
							"rotation": [
								-20,
								0,
								0
							],
							"uv": [
								0,
								150
							]
						},
						{
							"origin": [
								-14,
								17.44738,
								87.20117
							],
							"size": [
								2,
								12,
								1
							],
							"pivot": [
								-1.15797,
								17.01587,
								87.24706
							],
							"rotation": [
								-20,
								0,
								0
							],
							"uv": [
								165,
								68
							]
						},
						{
							"origin": [
								-24.15797,
								17.10536,
								86.26148
							],
							"size": [
								10,
								2,
								2
							],
							"pivot": [
								-1.15797,
								17.01587,
								87.24706
							],
							"rotation": [
								-20,
								0,
								0
							],
							"uv": [
								0,
								190
							]
						},
						{
							"origin": [
								-1,
								17.44738,
								87.20117
							],
							"size": [
								2,
								12,
								1
							],
							"pivot": [
								-1,
								17.01587,
								87.24706
							],
							"rotation": [
								-20,
								0,
								0
							],
							"uv": [
								108,
								80
							]
						}
					]
				},
				{
					"name": "body2",
					"parent": "body0",
					"pivot": [
						-0.34203,
						29,
						-36.5
					],
					"rotation": [
						55,
						0,
						0
					],
					"cubes": [
						{
							"origin": [
								-23,
								22,
								-45
							],
							"size": [
								46,
								6,
								11
							],
							"uv": [
								165,
								92
							]
						}
					]
				},
				{
					"name": "steer",
					"parent": "body2",
					"pivot": [
						11.65797,
						24.5,
						-33.95455
					],
					"rotation": [
						-25,
						0,
						0
					],
					"cubes": [
						{
							"origin": [
								8.15797,
								23,
								-32
							],
							"size": [
								7,
								3,
								1
							],
							"uv": [
								98,
								111
							]
						},
						{
							"origin": [
								11.15797,
								24.5,
								-36
							],
							"size": [
								1,
								1,
								4
							],
							"uv": [
								165,
								98
							]
						},
						{
							"origin": [
								10.15797,
								23.5,
								-36
							],
							"size": [
								3,
								1,
								4
							],
							"uv": [
								22,
								150
							]
						},
						{
							"origin": [
								7.15797,
								22,
								-32
							],
							"size": [
								1,
								5,
								1
							],
							"uv": [
								110,
								99
							]
						},
						{
							"origin": [
								8.15797,
								27,
								-32
							],
							"size": [
								1,
								1,
								1
							],
							"uv": [
								96,
								57
							]
						},
						{
							"origin": [
								9.15797,
								28,
								-32
							],
							"size": [
								5,
								1,
								1
							],
							"uv": [
								48,
								134
							]
						},
						{
							"origin": [
								14.15797,
								27,
								-32
							],
							"size": [
								1,
								1,
								1
							],
							"uv": [
								94,
								0
							]
						},
						{
							"origin": [
								15.15797,
								22,
								-32
							],
							"size": [
								1,
								5,
								1
							],
							"uv": [
								110,
								93
							]
						},
						{
							"origin": [
								14.15797,
								21,
								-32
							],
							"size": [
								1,
								1,
								1
							],
							"uv": [
								0,
								90
							]
						},
						{
							"origin": [
								9.15797,
								20,
								-32
							],
							"size": [
								5,
								1,
								1
							],
							"uv": [
								96,
								85
							]
						},
						{
							"origin": [
								8.15797,
								21,
								-32
							],
							"size": [
								1,
								1,
								1
							],
							"uv": [
								0,
								88
							]
						}
					]
				},
				{
					"name": "lever",
					"parent": "body0",
					"pivot": [
						1.65797,
						21.5,
						-24.5
					],
					"rotation": [
						20,
						0,
						0
					],
					"cubes": [
						{
							"origin": [
								1.15797,
								13,
								-25
							],
							"size": [
								2,
								17,
								2
							],
							"uv": [
								166,
								241
							]
						}
					]
				},
				{
					"name": "leg0",
					"pivot": [
						0,
						7.21903,
						-17.05891
					]
				},
				{
					"name": "leg1",
					"pivot": [
						0,
						7.23997,
						60.95273
					],
					"cubes": [
						{
							"origin": [
								19.5,
								-0.2111,
								58.94946
							],
							"size": [
								5,
								3,
								4
							],
							"uv": [
								268,
								319
							]
						},
						{
							"origin": [
								-24.5,
								-0.2111,
								58.94946
							],
							"size": [
								5,
								3,
								4
							],
							"uv": [
								250,
								319
							]
						},
						{
							"origin": [
								19.5,
								-7.7111,
								52.93984
							],
							"size": [
								5,
								3,
								4
							],
							"pivot": [
								0.5,
								-7.7111,
								71.93984
							],
							"rotation": [
								-30,
								0,
								0
							],
							"uv": [
								210,
								319
							]
						},
						{
							"origin": [
								-24.5,
								-7.7111,
								52.93984
							],
							"size": [
								5,
								3,
								4
							],
							"pivot": [
								-43.5,
								-7.7111,
								71.93984
							],
							"rotation": [
								-30,
								0,
								0
							],
							"uv": [
								319,
								136
							]
						},
						{
							"origin": [
								19.5,
								-11.20148,
								43.98536
							],
							"size": [
								5,
								3,
								4
							],
							"pivot": [
								0.5,
								-11.20148,
								62.98536
							],
							"rotation": [
								-60,
								0,
								0
							],
							"uv": [
								319,
								99
							]
						},
						{
							"origin": [
								-24.5,
								-11.20148,
								43.98536
							],
							"size": [
								5,
								3,
								4
							],
							"pivot": [
								-43.5,
								-11.20148,
								62.98536
							],
							"rotation": [
								-60,
								0,
								0
							],
							"uv": [
								224,
								315
							]
						},
						{
							"origin": [
								19.5,
								11.7171,
								58.94946
							],
							"size": [
								5,
								3,
								4
							],
							"uv": [
								314,
								92
							]
						},
						{
							"origin": [
								-24.5,
								6.7171,
								58.94946
							],
							"size": [
								5,
								1,
								4
							],
							"uv": [
								167,
								361
							]
						},
						{
							"origin": [
								19.5,
								6.7171,
								58.94946
							],
							"size": [
								5,
								1,
								4
							],
							"uv": [
								139,
								361
							]
						},
						{
							"origin": [
								-24.5,
								6.7171,
								58.94946
							],
							"size": [
								5,
								1,
								4
							],
							"pivot": [
								-22,
								7.2171,
								60.94946
							],
							"rotation": [
								30,
								0,
								0
							],
							"uv": [
								121,
								361
							]
						},
						{
							"origin": [
								19.5,
								6.7171,
								58.94946
							],
							"size": [
								5,
								1,
								4
							],
							"pivot": [
								22,
								7.2171,
								60.94946
							],
							"rotation": [
								30,
								0,
								0
							],
							"uv": [
								107,
								360
							]
						},
						{
							"origin": [
								-24.5,
								6.7171,
								58.94946
							],
							"size": [
								5,
								1,
								4
							],
							"pivot": [
								-22,
								7.2171,
								60.94946
							],
							"rotation": [
								60,
								0,
								0
							],
							"uv": [
								68,
								360
							]
						},
						{
							"origin": [
								19.5,
								6.7171,
								58.94946
							],
							"size": [
								5,
								1,
								4
							],
							"pivot": [
								22,
								7.2171,
								60.94946
							],
							"rotation": [
								60,
								0,
								0
							],
							"uv": [
								50,
								360
							]
						},
						{
							"origin": [
								-24.5,
								6.7171,
								58.94946
							],
							"size": [
								5,
								1,
								4
							],
							"pivot": [
								-22,
								7.2171,
								60.94946
							],
							"rotation": [
								90,
								0,
								0
							],
							"uv": [
								32,
								360
							]
						},
						{
							"origin": [
								19.5,
								6.7171,
								58.94946
							],
							"size": [
								5,
								1,
								4
							],
							"pivot": [
								22,
								7.2171,
								60.94946
							],
							"rotation": [
								90,
								0,
								0
							],
							"uv": [
								14,
								360
							]
						},
						{
							"origin": [
								-24.5,
								6.7171,
								58.94946
							],
							"size": [
								5,
								1,
								4
							],
							"pivot": [
								-22,
								7.2171,
								60.94946
							],
							"rotation": [
								120,
								0,
								0
							],
							"uv": [
								0,
								358
							]
						},
						{
							"origin": [
								19.5,
								6.7171,
								58.94946
							],
							"size": [
								5,
								1,
								4
							],
							"pivot": [
								22,
								7.2171,
								60.94946
							],
							"rotation": [
								120,
								0,
								0
							],
							"uv": [
								299,
								357
							]
						},
						{
							"origin": [
								-24.5,
								6.7171,
								58.94946
							],
							"size": [
								5,
								1,
								4
							],
							"pivot": [
								-22,
								7.2171,
								60.94946
							],
							"rotation": [
								150,
								0,
								0
							],
							"uv": [
								357,
								77
							]
						},
						{
							"origin": [
								19.5,
								6.7171,
								58.94946
							],
							"size": [
								5,
								1,
								4
							],
							"pivot": [
								22,
								7.2171,
								60.94946
							],
							"rotation": [
								150,
								0,
								0
							],
							"uv": [
								354,
								158
							]
						},
						{
							"origin": [
								-24.5,
								11.7171,
								58.94946
							],
							"size": [
								5,
								3,
								4
							],
							"uv": [
								196,
								313
							]
						},
						{
							"origin": [
								19.5,
								5.253,
								65.41356
							],
							"size": [
								5,
								4,
								3
							],
							"uv": [
								357,
								149
							]
						},
						{
							"origin": [
								-24.5,
								5.253,
								65.41356
							],
							"size": [
								5,
								4,
								3
							],
							"uv": [
								357,
								142
							]
						},
						{
							"origin": [
								19.5,
								14.92287,
								66.57382
							],
							"size": [
								5,
								4,
								3
							],
							"pivot": [
								0.5,
								9.92287,
								79.57382
							],
							"rotation": [
								30,
								0,
								0
							],
							"uv": [
								357,
								135
							]
						},
						{
							"origin": [
								-24.5,
								14.92287,
								66.57382
							],
							"size": [
								5,
								4,
								3
							],
							"pivot": [
								-43.5,
								9.92287,
								79.57382
							],
							"rotation": [
								30,
								0,
								0
							],
							"uv": [
								357,
								128
							]
						},
						{
							"origin": [
								19.5,
								23.87736,
								62.74369
							],
							"size": [
								5,
								4,
								3
							],
							"pivot": [
								0.5,
								18.87736,
								75.74369
							],
							"rotation": [
								60,
								0,
								0
							],
							"uv": [
								357,
								121
							]
						},
						{
							"origin": [
								-24.5,
								23.87736,
								62.74369
							],
							"size": [
								5,
								4,
								3
							],
							"pivot": [
								-43.5,
								18.87736,
								75.74369
							],
							"rotation": [
								60,
								0,
								0
							],
							"uv": [
								357,
								114
							]
						},
						{
							"origin": [
								19.5,
								4.7889,
								65.41356
							],
							"size": [
								5,
								4,
								3
							],
							"pivot": [
								22,
								7.02095,
								61.35139
							],
							"rotation": [
								-60,
								0,
								0
							],
							"uv": [
								95,
								357
							]
						},
						{
							"origin": [
								-24.5,
								4.7889,
								65.41356
							],
							"size": [
								5,
								4,
								3
							],
							"pivot": [
								-22,
								7.02095,
								61.35139
							],
							"rotation": [
								-60,
								0,
								0
							],
							"uv": [
								155,
								356
							]
						},
						{
							"origin": [
								19.5,
								5.02095,
								65.47574
							],
							"size": [
								5,
								4,
								3
							],
							"pivot": [
								22,
								7.253,
								61.41356
							],
							"rotation": [
								-30,
								0,
								0
							],
							"uv": [
								287,
								354
							]
						},
						{
							"origin": [
								-24.5,
								5.02095,
								65.47574
							],
							"size": [
								5,
								4,
								3
							],
							"pivot": [
								-22,
								7.253,
								61.41356
							],
							"rotation": [
								-30,
								0,
								0
							],
							"uv": [
								271,
								354
							]
						},
						{
							"origin": [
								19.5,
								5.253,
								53.48536
							],
							"size": [
								5,
								4,
								3
							],
							"uv": [
								255,
								354
							]
						},
						{
							"origin": [
								-24.5,
								5.253,
								53.48536
							],
							"size": [
								5,
								4,
								3
							],
							"uv": [
								239,
								354
							]
						},
						{
							"origin": [
								19.5,
								-2.07713,
								47.76997
							],
							"size": [
								5,
								4,
								3
							],
							"pivot": [
								0.5,
								-7.07713,
								71.76997
							],
							"rotation": [
								-30,
								0,
								0
							],
							"uv": [
								223,
								354
							]
						},
						{
							"origin": [
								-24.5,
								-2.07713,
								47.76997
							],
							"size": [
								5,
								4,
								3
							],
							"pivot": [
								-43.5,
								-7.07713,
								71.76997
							],
							"rotation": [
								-30,
								0,
								0
							],
							"uv": [
								207,
								354
							]
						},
						{
							"origin": [
								19.5,
								-5.56751,
								39.15523
							],
							"size": [
								5,
								4,
								3
							],
							"pivot": [
								0.5,
								-10.56751,
								63.15523
							],
							"rotation": [
								-60,
								0,
								0
							],
							"uv": [
								191,
								354
							]
						},
						{
							"origin": [
								-24.5,
								-5.56751,
								39.15523
							],
							"size": [
								5,
								4,
								3
							],
							"pivot": [
								-43.5,
								-10.56751,
								63.15523
							],
							"rotation": [
								-60,
								0,
								0
							],
							"uv": [
								175,
								354
							]
						},
						{
							"origin": [
								19.5,
								2.22095,
								56.01164
							],
							"size": [
								4,
								10,
								10
							],
							"inflate": -0.01,
							"uv": [
								194,
								258
							]
						},
						{
							"origin": [
								13.5,
								6.7171,
								58.94946
							],
							"size": [
								5,
								1,
								4
							],
							"pivot": [
								16,
								7.2171,
								60.94946
							],
							"rotation": [
								90,
								0,
								0
							],
							"uv": [
								354,
								109
							]
						},
						{
							"origin": [
								13.5,
								6.7171,
								58.94946
							],
							"size": [
								5,
								1,
								4
							],
							"pivot": [
								16,
								7.2171,
								60.94946
							],
							"rotation": [
								60,
								0,
								0
							],
							"uv": [
								354,
								102
							]
						},
						{
							"origin": [
								13.5,
								6.7171,
								58.94946
							],
							"size": [
								5,
								1,
								4
							],
							"pivot": [
								16,
								7.2171,
								60.94946
							],
							"rotation": [
								30,
								0,
								0
							],
							"uv": [
								354,
								95
							]
						},
						{
							"origin": [
								13.5,
								6.7171,
								58.94946
							],
							"size": [
								5,
								1,
								4
							],
							"uv": [
								353,
								246
							]
						},
						{
							"origin": [
								13.5,
								6.7171,
								58.94946
							],
							"size": [
								5,
								1,
								4
							],
							"pivot": [
								16,
								7.2171,
								60.94946
							],
							"rotation": [
								150,
								0,
								0
							],
							"uv": [
								353,
								239
							]
						},
						{
							"origin": [
								13.5,
								6.7171,
								58.94946
							],
							"size": [
								5,
								1,
								4
							],
							"pivot": [
								16,
								7.2171,
								60.94946
							],
							"rotation": [
								120,
								0,
								0
							],
							"uv": [
								353,
								165
							]
						},
						{
							"origin": [
								13.5,
								2.22095,
								56.01164
							],
							"size": [
								4,
								10,
								10
							],
							"inflate": -0.01,
							"uv": [
								166,
								258
							]
						},
						{
							"origin": [
								13.5,
								-0.2111,
								58.94946
							],
							"size": [
								5,
								3,
								4
							],
							"uv": [
								178,
								313
							]
						},
						{
							"origin": [
								13.5,
								4.7889,
								65.41356
							],
							"size": [
								5,
								4,
								3
							],
							"pivot": [
								16,
								7.02095,
								61.35139
							],
							"rotation": [
								-60,
								0,
								0
							],
							"uv": [
								139,
								354
							]
						},
						{
							"origin": [
								13.5,
								-7.7111,
								52.93984
							],
							"size": [
								5,
								3,
								4
							],
							"pivot": [
								-5.5,
								-7.7111,
								71.93984
							],
							"rotation": [
								-30,
								0,
								0
							],
							"uv": [
								268,
								312
							]
						},
						{
							"origin": [
								13.5,
								-11.20148,
								43.98536
							],
							"size": [
								5,
								3,
								4
							],
							"pivot": [
								-5.5,
								-11.20148,
								62.98536
							],
							"rotation": [
								-60,
								0,
								0
							],
							"uv": [
								250,
								312
							]
						},
						{
							"origin": [
								13.5,
								5.253,
								53.48536
							],
							"size": [
								5,
								4,
								3
							],
							"uv": [
								123,
								354
							]
						},
						{
							"origin": [
								13.5,
								-2.07713,
								47.76997
							],
							"size": [
								5,
								4,
								3
							],
							"pivot": [
								-5.5,
								-7.07713,
								71.76997
							],
							"rotation": [
								-30,
								0,
								0
							],
							"uv": [
								82,
								353
							]
						},
						{
							"origin": [
								13.5,
								11.7171,
								58.94946
							],
							"size": [
								5,
								3,
								4
							],
							"uv": [
								312,
								128
							]
						},
						{
							"origin": [
								13.5,
								-5.56751,
								39.15523
							],
							"size": [
								5,
								4,
								3
							],
							"pivot": [
								-5.5,
								-10.56751,
								63.15523
							],
							"rotation": [
								-60,
								0,
								0
							],
							"uv": [
								66,
								353
							]
						},
						{
							"origin": [
								13.5,
								23.87736,
								62.74369
							],
							"size": [
								5,
								4,
								3
							],
							"pivot": [
								-5.5,
								18.87736,
								75.74369
							],
							"rotation": [
								60,
								0,
								0
							],
							"uv": [
								50,
								353
							]
						},
						{
							"origin": [
								13.5,
								14.92287,
								66.57382
							],
							"size": [
								5,
								4,
								3
							],
							"pivot": [
								-5.5,
								9.92287,
								79.57382
							],
							"rotation": [
								30,
								0,
								0
							],
							"uv": [
								34,
								353
							]
						},
						{
							"origin": [
								13.5,
								5.253,
								65.41356
							],
							"size": [
								5,
								4,
								3
							],
							"uv": [
								18,
								353
							]
						},
						{
							"origin": [
								13.5,
								5.02095,
								65.47574
							],
							"size": [
								5,
								4,
								3
							],
							"pivot": [
								16,
								7.253,
								61.41356
							],
							"rotation": [
								-30,
								0,
								0
							],
							"uv": [
								314,
								351
							]
						},
						{
							"origin": [
								-23.5,
								2.22095,
								56.01164
							],
							"size": [
								4,
								10,
								10
							],
							"inflate": -0.01,
							"uv": [
								82,
								258
							]
						},
						{
							"origin": [
								-18.5,
								6.7171,
								58.94946
							],
							"size": [
								5,
								1,
								4
							],
							"uv": [
								0,
								353
							]
						},
						{
							"origin": [
								-18.5,
								6.7171,
								58.94946
							],
							"size": [
								5,
								1,
								4
							],
							"pivot": [
								-16,
								7.2171,
								60.94946
							],
							"rotation": [
								60,
								0,
								0
							],
							"uv": [
								352,
								253
							]
						},
						{
							"origin": [
								-18.5,
								6.7171,
								58.94946
							],
							"size": [
								5,
								1,
								4
							],
							"pivot": [
								-16,
								7.2171,
								60.94946
							],
							"rotation": [
								30,
								0,
								0
							],
							"uv": [
								108,
								352
							]
						},
						{
							"origin": [
								-18.5,
								6.7171,
								58.94946
							],
							"size": [
								5,
								1,
								4
							],
							"pivot": [
								-16,
								7.2171,
								60.94946
							],
							"rotation": [
								150,
								0,
								0
							],
							"uv": [
								214,
								349
							]
						},
						{
							"origin": [
								-18.5,
								6.7171,
								58.94946
							],
							"size": [
								5,
								1,
								4
							],
							"pivot": [
								-16,
								7.2171,
								60.94946
							],
							"rotation": [
								120,
								0,
								0
							],
							"uv": [
								196,
								349
							]
						},
						{
							"origin": [
								-18.5,
								6.7171,
								58.94946
							],
							"size": [
								5,
								1,
								4
							],
							"pivot": [
								-16,
								7.2171,
								60.94946
							],
							"rotation": [
								90,
								0,
								0
							],
							"uv": [
								178,
								349
							]
						},
						{
							"origin": [
								-17.5,
								2.22095,
								56.01164
							],
							"size": [
								4,
								10,
								10
							],
							"inflate": -0.01,
							"uv": [
								256,
								195
							]
						},
						{
							"origin": [
								-18.5,
								-7.7111,
								52.93984
							],
							"size": [
								5,
								3,
								4
							],
							"pivot": [
								-37.5,
								-7.7111,
								71.93984
							],
							"rotation": [
								-30,
								0,
								0
							],
							"uv": [
								312,
								119
							]
						},
						{
							"origin": [
								-18.5,
								-0.2111,
								58.94946
							],
							"size": [
								5,
								3,
								4
							],
							"uv": [
								312,
								112
							]
						},
						{
							"origin": [
								-18.5,
								4.7889,
								65.41356
							],
							"size": [
								5,
								4,
								3
							],
							"pivot": [
								-16,
								7.02095,
								61.35139
							],
							"rotation": [
								-60,
								0,
								0
							],
							"uv": [
								162,
								349
							]
						},
						{
							"origin": [
								-18.5,
								5.02095,
								65.47574
							],
							"size": [
								5,
								4,
								3
							],
							"pivot": [
								-16,
								7.253,
								61.41356
							],
							"rotation": [
								-30,
								0,
								0
							],
							"uv": [
								301,
								347
							]
						},
						{
							"origin": [
								-18.5,
								5.253,
								65.41356
							],
							"size": [
								5,
								4,
								3
							],
							"uv": [
								285,
								347
							]
						},
						{
							"origin": [
								-18.5,
								14.92287,
								66.57382
							],
							"size": [
								5,
								4,
								3
							],
							"pivot": [
								-37.5,
								9.92287,
								79.57382
							],
							"rotation": [
								30,
								0,
								0
							],
							"uv": [
								269,
								347
							]
						},
						{
							"origin": [
								-18.5,
								23.87736,
								62.74369
							],
							"size": [
								5,
								4,
								3
							],
							"pivot": [
								-37.5,
								18.87736,
								75.74369
							],
							"rotation": [
								60,
								0,
								0
							],
							"uv": [
								253,
								347
							]
						},
						{
							"origin": [
								-18.5,
								11.7171,
								58.94946
							],
							"size": [
								5,
								3,
								4
							],
							"uv": [
								310,
								211
							]
						},
						{
							"origin": [
								-18.5,
								-5.56751,
								39.15523
							],
							"size": [
								5,
								4,
								3
							],
							"pivot": [
								-37.5,
								-10.56751,
								63.15523
							],
							"rotation": [
								-60,
								0,
								0
							],
							"uv": [
								237,
								347
							]
						},
						{
							"origin": [
								-18.5,
								-2.07713,
								47.76997
							],
							"size": [
								5,
								4,
								3
							],
							"pivot": [
								-37.5,
								-7.07713,
								71.76997
							],
							"rotation": [
								-30,
								0,
								0
							],
							"uv": [
								146,
								347
							]
						},
						{
							"origin": [
								-18.5,
								5.253,
								53.48536
							],
							"size": [
								5,
								4,
								3
							],
							"uv": [
								130,
								347
							]
						},
						{
							"origin": [
								-18.5,
								-11.20148,
								43.98536
							],
							"size": [
								5,
								3,
								4
							],
							"pivot": [
								-37.5,
								-11.20148,
								62.98536
							],
							"rotation": [
								-60,
								0,
								0
							],
							"uv": [
								310,
								199
							]
						}
					]
				},
				{
					"name": "leg2",
					"pivot": [
						0,
						7.2,
						78
					],
					"cubes": [
						{
							"origin": [
								19.5,
								-0.23205,
								75.93782
							],
							"size": [
								5,
								3,
								4
							],
							"uv": [
								310,
								190
							]
						},
						{
							"origin": [
								-24.5,
								-0.23205,
								75.93782
							],
							"size": [
								5,
								3,
								4
							],
							"uv": [
								310,
								183
							]
						},
						{
							"origin": [
								19.5,
								-7.73205,
								69.9282
							],
							"size": [
								5,
								3,
								4
							],
							"pivot": [
								0.5,
								-7.73205,
								88.9282
							],
							"rotation": [
								-30,
								0,
								0
							],
							"uv": [
								308,
								160
							]
						},
						{
							"origin": [
								-24.5,
								-7.73205,
								69.9282
							],
							"size": [
								5,
								3,
								4
							],
							"pivot": [
								-43.5,
								-7.73205,
								88.9282
							],
							"rotation": [
								-30,
								0,
								0
							],
							"uv": [
								196,
								306
							]
						},
						{
							"origin": [
								19.5,
								-11.22243,
								60.97372
							],
							"size": [
								5,
								3,
								4
							],
							"pivot": [
								0.5,
								-11.22243,
								79.97372
							],
							"rotation": [
								-60,
								0,
								0
							],
							"uv": [
								178,
								306
							]
						},
						{
							"origin": [
								-24.5,
								-11.22243,
								60.97372
							],
							"size": [
								5,
								3,
								4
							],
							"pivot": [
								-43.5,
								-11.22243,
								79.97372
							],
							"rotation": [
								-60,
								0,
								0
							],
							"uv": [
								288,
								187
							]
						},
						{
							"origin": [
								19.5,
								11.69615,
								75.93782
							],
							"size": [
								5,
								3,
								4
							],
							"uv": [
								50,
								288
							]
						},
						{
							"origin": [
								-24.5,
								6.69615,
								75.93782
							],
							"size": [
								5,
								1,
								4
							],
							"uv": [
								112,
								347
							]
						},
						{
							"origin": [
								19.5,
								6.69615,
								75.93782
							],
							"size": [
								5,
								1,
								4
							],
							"uv": [
								312,
								342
							]
						},
						{
							"origin": [
								-24.5,
								6.69615,
								75.93782
							],
							"size": [
								5,
								1,
								4
							],
							"pivot": [
								-22,
								7.19615,
								77.93782
							],
							"rotation": [
								30,
								0,
								0
							],
							"uv": [
								294,
								342
							]
						},
						{
							"origin": [
								19.5,
								6.69615,
								75.93782
							],
							"size": [
								5,
								1,
								4
							],
							"pivot": [
								22,
								7.19615,
								77.93782
							],
							"rotation": [
								30,
								0,
								0
							],
							"uv": [
								276,
								342
							]
						},
						{
							"origin": [
								-24.5,
								6.69615,
								75.93782
							],
							"size": [
								5,
								1,
								4
							],
							"pivot": [
								-22,
								7.19615,
								77.93782
							],
							"rotation": [
								60,
								0,
								0
							],
							"uv": [
								258,
								342
							]
						},
						{
							"origin": [
								19.5,
								6.69615,
								75.93782
							],
							"size": [
								5,
								1,
								4
							],
							"pivot": [
								22,
								7.19615,
								77.93782
							],
							"rotation": [
								60,
								0,
								0
							],
							"uv": [
								240,
								342
							]
						},
						{
							"origin": [
								-24.5,
								6.69615,
								75.93782
							],
							"size": [
								5,
								1,
								4
							],
							"pivot": [
								-22,
								7.19615,
								77.93782
							],
							"rotation": [
								90,
								0,
								0
							],
							"uv": [
								339,
								77
							]
						},
						{
							"origin": [
								19.5,
								6.69615,
								75.93782
							],
							"size": [
								5,
								1,
								4
							],
							"pivot": [
								22,
								7.19615,
								77.93782
							],
							"rotation": [
								90,
								0,
								0
							],
							"uv": [
								198,
								333
							]
						},
						{
							"origin": [
								-24.5,
								6.69615,
								75.93782
							],
							"size": [
								5,
								1,
								4
							],
							"pivot": [
								-22,
								7.19615,
								77.93782
							],
							"rotation": [
								120,
								0,
								0
							],
							"uv": [
								228,
								332
							]
						},
						{
							"origin": [
								19.5,
								6.69615,
								75.93782
							],
							"size": [
								5,
								1,
								4
							],
							"pivot": [
								22,
								7.19615,
								77.93782
							],
							"rotation": [
								120,
								0,
								0
							],
							"uv": [
								308,
								167
							]
						},
						{
							"origin": [
								-24.5,
								6.69615,
								75.93782
							],
							"size": [
								5,
								1,
								4
							],
							"pivot": [
								-22,
								7.19615,
								77.93782
							],
							"rotation": [
								150,
								0,
								0
							],
							"uv": [
								134,
								294
							]
						},
						{
							"origin": [
								19.5,
								6.69615,
								75.93782
							],
							"size": [
								5,
								1,
								4
							],
							"pivot": [
								22,
								7.19615,
								77.93782
							],
							"rotation": [
								150,
								0,
								0
							],
							"uv": [
								0,
								294
							]
						},
						{
							"origin": [
								-24.5,
								11.69615,
								75.93782
							],
							"size": [
								5,
								3,
								4
							],
							"uv": [
								274,
								175
							]
						},
						{
							"origin": [
								19.5,
								5.23205,
								82.40192
							],
							"size": [
								5,
								4,
								3
							],
							"uv": [
								224,
								342
							]
						},
						{
							"origin": [
								-24.5,
								5.23205,
								82.40192
							],
							"size": [
								5,
								4,
								3
							],
							"uv": [
								208,
								342
							]
						},
						{
							"origin": [
								19.5,
								14.90192,
								83.56218
							],
							"size": [
								5,
								4,
								3
							],
							"pivot": [
								0.5,
								9.90192,
								96.56218
							],
							"rotation": [
								30,
								0,
								0
							],
							"uv": [
								192,
								342
							]
						},
						{
							"origin": [
								-24.5,
								14.90192,
								83.56218
							],
							"size": [
								5,
								4,
								3
							],
							"pivot": [
								-43.5,
								9.90192,
								96.56218
							],
							"rotation": [
								30,
								0,
								0
							],
							"uv": [
								176,
								342
							]
						},
						{
							"origin": [
								19.5,
								23.85641,
								79.73205
							],
							"size": [
								5,
								4,
								3
							],
							"pivot": [
								0.5,
								18.85641,
								92.73205
							],
							"rotation": [
								60,
								0,
								0
							],
							"uv": [
								160,
								342
							]
						},
						{
							"origin": [
								-24.5,
								23.85641,
								79.73205
							],
							"size": [
								5,
								4,
								3
							],
							"pivot": [
								-43.5,
								18.85641,
								92.73205
							],
							"rotation": [
								60,
								0,
								0
							],
							"uv": [
								341,
								162
							]
						},
						{
							"origin": [
								19.5,
								4.76795,
								82.40192
							],
							"size": [
								5,
								4,
								3
							],
							"pivot": [
								22,
								7,
								78.33975
							],
							"rotation": [
								-60,
								0,
								0
							],
							"uv": [
								341,
								155
							]
						},
						{
							"origin": [
								-24.5,
								4.76795,
								82.40192
							],
							"size": [
								5,
								4,
								3
							],
							"pivot": [
								-22,
								7,
								78.33975
							],
							"rotation": [
								-60,
								0,
								0
							],
							"uv": [
								341,
								148
							]
						},
						{
							"origin": [
								19.5,
								5,
								82.4641
							],
							"size": [
								5,
								4,
								3
							],
							"pivot": [
								22,
								7.23205,
								78.40192
							],
							"rotation": [
								-30,
								0,
								0
							],
							"uv": [
								341,
								141
							]
						},
						{
							"origin": [
								-24.5,
								5,
								82.4641
							],
							"size": [
								5,
								4,
								3
							],
							"pivot": [
								-22,
								7.23205,
								78.40192
							],
							"rotation": [
								-30,
								0,
								0
							],
							"uv": [
								341,
								134
							]
						},
						{
							"origin": [
								19.5,
								5.23205,
								70.47372
							],
							"size": [
								5,
								4,
								3
							],
							"uv": [
								341,
								127
							]
						},
						{
							"origin": [
								-24.5,
								5.23205,
								70.47372
							],
							"size": [
								5,
								4,
								3
							],
							"uv": [
								341,
								120
							]
						},
						{
							"origin": [
								19.5,
								-2.09808,
								64.75833
							],
							"size": [
								5,
								4,
								3
							],
							"pivot": [
								0.5,
								-7.09808,
								88.75833
							],
							"rotation": [
								-30,
								0,
								0
							],
							"uv": [
								341,
								113
							]
						},
						{
							"origin": [
								-24.5,
								-2.09808,
								64.75833
							],
							"size": [
								5,
								4,
								3
							],
							"pivot": [
								-43.5,
								-7.09808,
								88.75833
							],
							"rotation": [
								-30,
								0,
								0
							],
							"uv": [
								341,
								106
							]
						},
						{
							"origin": [
								19.5,
								-5.58846,
								56.14359
							],
							"size": [
								5,
								4,
								3
							],
							"pivot": [
								0.5,
								-10.58846,
								80.14359
							],
							"rotation": [
								-60,
								0,
								0
							],
							"uv": [
								341,
								99
							]
						},
						{
							"origin": [
								-24.5,
								-5.58846,
								56.14359
							],
							"size": [
								5,
								4,
								3
							],
							"pivot": [
								-43.5,
								-10.58846,
								80.14359
							],
							"rotation": [
								-60,
								0,
								0
							],
							"uv": [
								341,
								92
							]
						},
						{
							"origin": [
								19.5,
								2.2,
								73
							],
							"size": [
								4,
								10,
								10
							],
							"inflate": -0.01,
							"uv": [
								256,
								175
							]
						},
						{
							"origin": [
								13.5,
								6.69615,
								75.93782
							],
							"size": [
								5,
								1,
								4
							],
							"pivot": [
								16,
								7.19615,
								77.93782
							],
							"rotation": [
								90,
								0,
								0
							],
							"uv": [
								264,
								287
							]
						},
						{
							"origin": [
								13.5,
								6.69615,
								75.93782
							],
							"size": [
								5,
								1,
								4
							],
							"pivot": [
								16,
								7.19615,
								77.93782
							],
							"rotation": [
								60,
								0,
								0
							],
							"uv": [
								283,
								104
							]
						},
						{
							"origin": [
								13.5,
								6.69615,
								75.93782
							],
							"size": [
								5,
								1,
								4
							],
							"pivot": [
								16,
								7.19615,
								77.93782
							],
							"rotation": [
								30,
								0,
								0
							],
							"uv": [
								274,
								197
							]
						},
						{
							"origin": [
								13.5,
								6.69615,
								75.93782
							],
							"size": [
								5,
								1,
								4
							],
							"uv": [
								274,
								140
							]
						},
						{
							"origin": [
								13.5,
								6.69615,
								75.93782
							],
							"size": [
								5,
								1,
								4
							],
							"pivot": [
								16,
								7.19615,
								77.93782
							],
							"rotation": [
								150,
								0,
								0
							],
							"uv": [
								256,
								215
							]
						},
						{
							"origin": [
								13.5,
								6.69615,
								75.93782
							],
							"size": [
								5,
								1,
								4
							],
							"pivot": [
								16,
								7.19615,
								77.93782
							],
							"rotation": [
								120,
								0,
								0
							],
							"uv": [
								255,
								110
							]
						},
						{
							"origin": [
								13.5,
								2.2,
								73
							],
							"size": [
								4,
								10,
								10
							],
							"inflate": -0.01,
							"uv": [
								256,
								138
							]
						},
						{
							"origin": [
								13.5,
								-0.23205,
								75.93782
							],
							"size": [
								5,
								3,
								4
							],
							"uv": [
								265,
								124
							]
						},
						{
							"origin": [
								13.5,
								4.76795,
								82.40192
							],
							"size": [
								5,
								4,
								3
							],
							"pivot": [
								16,
								7,
								78.33975
							],
							"rotation": [
								-60,
								0,
								0
							],
							"uv": [
								340,
								250
							]
						},
						{
							"origin": [
								13.5,
								-7.73205,
								69.9282
							],
							"size": [
								5,
								3,
								4
							],
							"pivot": [
								-5.5,
								-7.73205,
								88.9282
							],
							"rotation": [
								-30,
								0,
								0
							],
							"uv": [
								26,
								262
							]
						},
						{
							"origin": [
								13.5,
								-11.22243,
								60.97372
							],
							"size": [
								5,
								3,
								4
							],
							"pivot": [
								-5.5,
								-11.22243,
								79.97372
							],
							"rotation": [
								-60,
								0,
								0
							],
							"uv": [
								184,
								258
							]
						},
						{
							"origin": [
								13.5,
								5.23205,
								70.47372
							],
							"size": [
								5,
								4,
								3
							],
							"uv": [
								340,
								243
							]
						},
						{
							"origin": [
								13.5,
								-2.09808,
								64.75833
							],
							"size": [
								5,
								4,
								3
							],
							"pivot": [
								-5.5,
								-7.09808,
								88.75833
							],
							"rotation": [
								-30,
								0,
								0
							],
							"uv": [
								340,
								236
							]
						},
						{
							"origin": [
								13.5,
								11.69615,
								75.93782
							],
							"size": [
								5,
								3,
								4
							],
							"uv": [
								26,
								242
							]
						},
						{
							"origin": [
								13.5,
								-5.58846,
								56.14359
							],
							"size": [
								5,
								4,
								3
							],
							"pivot": [
								-5.5,
								-10.58846,
								80.14359
							],
							"rotation": [
								-60,
								0,
								0
							],
							"uv": [
								144,
								340
							]
						},
						{
							"origin": [
								13.5,
								23.85641,
								79.73205
							],
							"size": [
								5,
								4,
								3
							],
							"pivot": [
								-5.5,
								18.85641,
								92.73205
							],
							"rotation": [
								60,
								0,
								0
							],
							"uv": [
								128,
								340
							]
						},
						{
							"origin": [
								13.5,
								14.90192,
								83.56218
							],
							"size": [
								5,
								4,
								3
							],
							"pivot": [
								-5.5,
								9.90192,
								96.56218
							],
							"rotation": [
								30,
								0,
								0
							],
							"uv": [
								112,
								340
							]
						},
						{
							"origin": [
								13.5,
								5.23205,
								82.40192
							],
							"size": [
								5,
								4,
								3
							],
							"uv": [
								216,
								329
							]
						},
						{
							"origin": [
								13.5,
								5,
								82.4641
							],
							"size": [
								5,
								4,
								3
							],
							"pivot": [
								16,
								7.23205,
								78.40192
							],
							"rotation": [
								-30,
								0,
								0
							],
							"uv": [
								319,
								175
							]
						},
						{
							"origin": [
								-23.5,
								2.2,
								73
							],
							"size": [
								4,
								10,
								10
							],
							"inflate": -0.01,
							"uv": [
								36,
								242
							]
						},
						{
							"origin": [
								-18.5,
								6.69615,
								75.93782
							],
							"size": [
								5,
								1,
								4
							],
							"uv": [
								241,
								109
							]
						},
						{
							"origin": [
								-18.5,
								6.69615,
								75.93782
							],
							"size": [
								5,
								1,
								4
							],
							"pivot": [
								-16,
								7.19615,
								77.93782
							],
							"rotation": [
								60,
								0,
								0
							],
							"uv": [
								227,
								110
							]
						},
						{
							"origin": [
								-18.5,
								6.69615,
								75.93782
							],
							"size": [
								5,
								1,
								4
							],
							"pivot": [
								-16,
								7.19615,
								77.93782
							],
							"rotation": [
								30,
								0,
								0
							],
							"uv": [
								213,
								109
							]
						},
						{
							"origin": [
								-18.5,
								6.69615,
								75.93782
							],
							"size": [
								5,
								1,
								4
							],
							"pivot": [
								-16,
								7.19615,
								77.93782
							],
							"rotation": [
								150,
								0,
								0
							],
							"uv": [
								209,
								51
							]
						},
						{
							"origin": [
								-18.5,
								6.69615,
								75.93782
							],
							"size": [
								5,
								1,
								4
							],
							"pivot": [
								-16,
								7.19615,
								77.93782
							],
							"rotation": [
								120,
								0,
								0
							],
							"uv": [
								182,
								76
							]
						},
						{
							"origin": [
								-18.5,
								6.69615,
								75.93782
							],
							"size": [
								5,
								1,
								4
							],
							"pivot": [
								-16,
								7.19615,
								77.93782
							],
							"rotation": [
								90,
								0,
								0
							],
							"uv": [
								68,
								131
							]
						},
						{
							"origin": [
								-17.5,
								2.2,
								73
							],
							"size": [
								4,
								10,
								10
							],
							"inflate": -0.01,
							"uv": [
								8,
								240
							]
						},
						{
							"origin": [
								-18.5,
								-7.73205,
								69.9282
							],
							"size": [
								5,
								3,
								4
							],
							"pivot": [
								-37.5,
								-7.73205,
								88.9282
							],
							"rotation": [
								-30,
								0,
								0
							],
							"uv": [
								28,
								230
							]
						},
						{
							"origin": [
								-18.5,
								-0.23205,
								75.93782
							],
							"size": [
								5,
								3,
								4
							],
							"uv": [
								0,
								230
							]
						},
						{
							"origin": [
								-18.5,
								4.76795,
								82.40192
							],
							"size": [
								5,
								4,
								3
							],
							"pivot": [
								-16,
								7,
								78.33975
							],
							"rotation": [
								-60,
								0,
								0
							],
							"uv": [
								82,
								292
							]
						},
						{
							"origin": [
								-18.5,
								5,
								82.4641
							],
							"size": [
								5,
								4,
								3
							],
							"pivot": [
								-16,
								7.23205,
								78.40192
							],
							"rotation": [
								-30,
								0,
								0
							],
							"uv": [
								206,
								278
							]
						},
						{
							"origin": [
								-18.5,
								5.23205,
								82.40192
							],
							"size": [
								5,
								4,
								3
							],
							"uv": [
								48,
								183
							]
						},
						{
							"origin": [
								-18.5,
								14.90192,
								83.56218
							],
							"size": [
								5,
								4,
								3
							],
							"pivot": [
								-37.5,
								9.90192,
								96.56218
							],
							"rotation": [
								30,
								0,
								0
							],
							"uv": [
								48,
								176
							]
						},
						{
							"origin": [
								-18.5,
								23.85641,
								79.73205
							],
							"size": [
								5,
								4,
								3
							],
							"pivot": [
								-37.5,
								18.85641,
								92.73205
							],
							"rotation": [
								60,
								0,
								0
							],
							"uv": [
								48,
								165
							]
						},
						{
							"origin": [
								-18.5,
								11.69615,
								75.93782
							],
							"size": [
								5,
								3,
								4
							],
							"uv": [
								69,
								186
							]
						},
						{
							"origin": [
								-18.5,
								-5.58846,
								56.14359
							],
							"size": [
								5,
								4,
								3
							],
							"pivot": [
								-37.5,
								-10.58846,
								80.14359
							],
							"rotation": [
								-60,
								0,
								0
							],
							"uv": [
								20,
								165
							]
						},
						{
							"origin": [
								-18.5,
								-2.09808,
								64.75833
							],
							"size": [
								5,
								4,
								3
							],
							"pivot": [
								-37.5,
								-7.09808,
								88.75833
							],
							"rotation": [
								-30,
								0,
								0
							],
							"uv": [
								48,
								158
							]
						},
						{
							"origin": [
								-18.5,
								5.23205,
								70.47372
							],
							"size": [
								5,
								4,
								3
							],
							"uv": [
								20,
								158
							]
						},
						{
							"origin": [
								-18.5,
								-11.22243,
								60.97372
							],
							"size": [
								5,
								3,
								4
							],
							"pivot": [
								-37.5,
								-11.22243,
								79.97372
							],
							"rotation": [
								-60,
								0,
								0
							],
							"uv": [
								69,
								168
							]
						}
					]
				},
				{
					"name": "tire0",
					"pivot": [
						21.97368,
						7.21903,
						-17.05891
					],
					"cubes": [
						{
							"origin": [
								19.5,
								-0.23205,
								-19.06218
							],
							"size": [
								5,
								3,
								4
							],
							"uv": [
								184,
								329
							]
						},
						{
							"origin": [
								19.5,
								-7.73205,
								-25.0718
							],
							"size": [
								5,
								3,
								4
							],
							"pivot": [
								0.5,
								-7.73205,
								-6.0718
							],
							"rotation": [
								-30,
								0,
								0
							],
							"uv": [
								268,
								326
							]
						},
						{
							"origin": [
								19.5,
								-11.22243,
								-34.02628
							],
							"size": [
								5,
								3,
								4
							],
							"pivot": [
								0.5,
								-11.22243,
								-15.02628
							],
							"rotation": [
								-60,
								0,
								0
							],
							"uv": [
								198,
								326
							]
						},
						{
							"origin": [
								19.5,
								11.69615,
								-19.06218
							],
							"size": [
								5,
								3,
								4
							],
							"uv": [
								184,
								320
							]
						},
						{
							"origin": [
								19.5,
								6.69615,
								-19.06218
							],
							"size": [
								5,
								1,
								4
							],
							"uv": [
								166,
								366
							]
						},
						{
							"origin": [
								19.5,
								6.69615,
								-19.06218
							],
							"size": [
								5,
								1,
								4
							],
							"pivot": [
								22,
								7.19615,
								-17.06218
							],
							"rotation": [
								30,
								0,
								0
							],
							"uv": [
								113,
								366
							]
						},
						{
							"origin": [
								19.5,
								6.69615,
								-19.06218
							],
							"size": [
								5,
								1,
								4
							],
							"pivot": [
								22,
								7.19615,
								-17.06218
							],
							"rotation": [
								60,
								0,
								0
							],
							"uv": [
								365,
								323
							]
						},
						{
							"origin": [
								19.5,
								6.69615,
								-19.06218
							],
							"size": [
								5,
								1,
								4
							],
							"pivot": [
								22,
								7.19615,
								-17.06218
							],
							"rotation": [
								90,
								0,
								0
							],
							"uv": [
								365,
								313
							]
						},
						{
							"origin": [
								19.5,
								6.69615,
								-19.06218
							],
							"size": [
								5,
								1,
								4
							],
							"pivot": [
								22,
								7.19615,
								-17.06218
							],
							"rotation": [
								120,
								0,
								0
							],
							"uv": [
								365,
								303
							]
						},
						{
							"origin": [
								19.5,
								6.69615,
								-19.06218
							],
							"size": [
								5,
								1,
								4
							],
							"pivot": [
								22,
								7.19615,
								-17.06218
							],
							"rotation": [
								150,
								0,
								0
							],
							"uv": [
								99,
								365
							]
						},
						{
							"origin": [
								19.5,
								5.23205,
								-12.59808
							],
							"size": [
								5,
								4,
								3
							],
							"uv": [
								64,
								365
							]
						},
						{
							"origin": [
								19.5,
								14.90192,
								-11.43782
							],
							"size": [
								5,
								4,
								3
							],
							"pivot": [
								0.5,
								9.90192,
								1.56218
							],
							"rotation": [
								30,
								0,
								0
							],
							"uv": [
								32,
								365
							]
						},
						{
							"origin": [
								19.5,
								23.85641,
								-15.26795
							],
							"size": [
								5,
								4,
								3
							],
							"pivot": [
								0.5,
								18.85641,
								-2.26795
							],
							"rotation": [
								60,
								0,
								0
							],
							"uv": [
								83,
								364
							]
						},
						{
							"origin": [
								19.5,
								4.76795,
								-12.59808
							],
							"size": [
								5,
								4,
								3
							],
							"pivot": [
								22,
								7,
								-16.66025
							],
							"rotation": [
								-60,
								0,
								0
							],
							"uv": [
								0,
								363
							]
						},
						{
							"origin": [
								19.5,
								5,
								-12.5359
							],
							"size": [
								5,
								4,
								3
							],
							"pivot": [
								22,
								7.23205,
								-16.59808
							],
							"rotation": [
								-30,
								0,
								0
							],
							"uv": [
								281,
								361
							]
						},
						{
							"origin": [
								19.5,
								5.23205,
								-24.52628
							],
							"size": [
								5,
								4,
								3
							],
							"uv": [
								249,
								361
							]
						},
						{
							"origin": [
								19.5,
								-2.09808,
								-30.24167
							],
							"size": [
								5,
								4,
								3
							],
							"pivot": [
								0.5,
								-7.09808,
								-6.24167
							],
							"rotation": [
								-30,
								0,
								0
							],
							"uv": [
								217,
								361
							]
						},
						{
							"origin": [
								19.5,
								-5.58846,
								-38.85641
							],
							"size": [
								5,
								4,
								3
							],
							"pivot": [
								0.5,
								-10.58846,
								-14.85641
							],
							"rotation": [
								-60,
								0,
								0
							],
							"uv": [
								185,
								361
							]
						},
						{
							"origin": [
								19.5,
								2.2,
								-22
							],
							"size": [
								4,
								10,
								10
							],
							"inflate": -0.01,
							"uv": [
								250,
								260
							]
						}
					]
				},
				{
					"name": "tire1",
					"pivot": [
						-21.97368,
						7.21903,
						-17.05891
					],
					"cubes": [
						{
							"origin": [
								-24.5,
								-0.23205,
								-19.06218
							],
							"size": [
								5,
								3,
								4
							],
							"uv": [
								166,
								327
							]
						},
						{
							"origin": [
								-24.5,
								-7.73205,
								-25.0718
							],
							"size": [
								5,
								3,
								4
							],
							"pivot": [
								-43.5,
								-7.73205,
								-6.0718
							],
							"rotation": [
								-30,
								0,
								0
							],
							"uv": [
								250,
								326
							]
						},
						{
							"origin": [
								-24.5,
								-11.22243,
								-34.02628
							],
							"size": [
								5,
								3,
								4
							],
							"pivot": [
								-43.5,
								-11.22243,
								-15.02628
							],
							"rotation": [
								-60,
								0,
								0
							],
							"uv": [
								224,
								322
							]
						},
						{
							"origin": [
								-24.5,
								6.69615,
								-19.06218
							],
							"size": [
								5,
								1,
								4
							],
							"uv": [
								366,
								251
							]
						},
						{
							"origin": [
								-24.5,
								6.69615,
								-19.06218
							],
							"size": [
								5,
								1,
								4
							],
							"pivot": [
								-22,
								7.19615,
								-17.06218
							],
							"rotation": [
								30,
								0,
								0
							],
							"uv": [
								131,
								366
							]
						},
						{
							"origin": [
								-24.5,
								6.69615,
								-19.06218
							],
							"size": [
								5,
								1,
								4
							],
							"pivot": [
								-22,
								7.19615,
								-17.06218
							],
							"rotation": [
								60,
								0,
								0
							],
							"uv": [
								365,
								328
							]
						},
						{
							"origin": [
								-24.5,
								6.69615,
								-19.06218
							],
							"size": [
								5,
								1,
								4
							],
							"pivot": [
								-22,
								7.19615,
								-17.06218
							],
							"rotation": [
								90,
								0,
								0
							],
							"uv": [
								365,
								318
							]
						},
						{
							"origin": [
								-24.5,
								6.69615,
								-19.06218
							],
							"size": [
								5,
								1,
								4
							],
							"pivot": [
								-22,
								7.19615,
								-17.06218
							],
							"rotation": [
								120,
								0,
								0
							],
							"uv": [
								365,
								308
							]
						},
						{
							"origin": [
								-24.5,
								6.69615,
								-19.06218
							],
							"size": [
								5,
								1,
								4
							],
							"pivot": [
								-22,
								7.19615,
								-17.06218
							],
							"rotation": [
								150,
								0,
								0
							],
							"uv": [
								365,
								298
							]
						},
						{
							"origin": [
								-24.5,
								11.69615,
								-19.06218
							],
							"size": [
								5,
								3,
								4
							],
							"uv": [
								166,
								320
							]
						},
						{
							"origin": [
								-24.5,
								5.23205,
								-12.59808
							],
							"size": [
								5,
								4,
								3
							],
							"uv": [
								48,
								365
							]
						},
						{
							"origin": [
								-24.5,
								14.90192,
								-11.43782
							],
							"size": [
								5,
								4,
								3
							],
							"pivot": [
								-43.5,
								9.90192,
								1.56218
							],
							"rotation": [
								30,
								0,
								0
							],
							"uv": [
								16,
								365
							]
						},
						{
							"origin": [
								-24.5,
								23.85641,
								-15.26795
							],
							"size": [
								5,
								4,
								3
							],
							"pivot": [
								-43.5,
								18.85641,
								-2.26795
							],
							"rotation": [
								60,
								0,
								0
							],
							"uv": [
								154,
								363
							]
						},
						{
							"origin": [
								-24.5,
								4.76795,
								-12.59808
							],
							"size": [
								5,
								4,
								3
							],
							"pivot": [
								-22,
								7,
								-16.66025
							],
							"rotation": [
								-60,
								0,
								0
							],
							"uv": [
								297,
								362
							]
						},
						{
							"origin": [
								-24.5,
								5,
								-12.5359
							],
							"size": [
								5,
								4,
								3
							],
							"pivot": [
								-22,
								7.23205,
								-16.59808
							],
							"rotation": [
								-30,
								0,
								0
							],
							"uv": [
								265,
								361
							]
						},
						{
							"origin": [
								-24.5,
								5.23205,
								-24.52628
							],
							"size": [
								5,
								4,
								3
							],
							"uv": [
								233,
								361
							]
						},
						{
							"origin": [
								-24.5,
								-2.09808,
								-30.24167
							],
							"size": [
								5,
								4,
								3
							],
							"pivot": [
								-43.5,
								-7.09808,
								-6.24167
							],
							"rotation": [
								-30,
								0,
								0
							],
							"uv": [
								201,
								361
							]
						},
						{
							"origin": [
								-24.5,
								-5.58846,
								-38.85641
							],
							"size": [
								5,
								4,
								3
							],
							"pivot": [
								-43.5,
								-10.58846,
								-14.85641
							],
							"rotation": [
								-60,
								0,
								0
							],
							"uv": [
								314,
								359
							]
						},
						{
							"origin": [
								-23.5,
								2.2,
								-22
							],
							"size": [
								4,
								10,
								10
							],
							"inflate": -0.01,
							"uv": [
								8,
								260
							]
						}
					]
				}
			]
		}
	]
}