{
	"file_path": "C:\\Users\\windows10\\AppData\\Local\\Packages\\Microsoft.MinecraftUWP_8wekyb3d8bbwe\\LocalState\\games\\com.mojang\\development_behavior_packs\\pack.name\\animation_controllers\\bd.json",
	"file_type": "animation_controller",
	"format_version": 1,
	"file_uuid": "3502fe43_1b95_4140_bedc_fdcdf00a4be4",
	"file_version": 11,
	"cache_content": {
		"children": [
			{
				"open": {
					"animation_controllers": {
						"controller.animation.miss": {
							"states": {
								"default": {
									"on_entry": [
										"/function miss",
										"@s stop_miss"
									],
									"transitions": [
										{
											"miss": "!query.has_target"
										}
									]
								},
								"miss": {
									"on_entry": [
										"@s stop_miss"
									],
									"transitions": [
										{
											"default": "query.mark_variant==555"
										}
									]
								}
							}
						},
						"controller.animation.bgm": {
							"states": {
								"default": {
									"on_entry": [
										"/playsound boss.sans.bgm @a"
									]
								}
							}
						},
						"controller.animation.blaster": {
							"states": {
								"default": {
									"on_entry": [
										"/playsound mob.blaster.bgm @a"
									],
									"transitions": [
										{
											"default": "variable.has_target==1"
										}
									]
								}
							}
						},
						"controller.animation.bgm2": {
							"states": {
								"default": {
									"on_entry": [
										"/playsound boss.sans2.bgm @a"
									],
									"on_exit": [
										"/stopsound @a"
									]
								}
							}
						},
						"controller.animation.miss2": {
							"states": {
								"default": {
									"on_entry": [
										"/function miss2",
										"@s stop_miss"
									],
									"transitions": [
										{
											"miss": "!query.has_target"
										}
									]
								},
								"miss": {
									"on_entry": [
										"@s stop_miss"
									],
									"transitions": [
										{
											"default": "query.mark_variant==555"
										}
									]
								}
							}
						}
					},
					"format_version": "1.10.0"
				},
				"key": "animation_controllers",
				"children": [
					{
						"open": {
							"controller.animation.miss": {
								"states": {
									"default": {
										"on_entry": [
											"/function miss",
											"@s stop_miss"
										],
										"transitions": [
											{
												"miss": "!query.has_target"
											}
										]
									},
									"miss": {
										"on_entry": [
											"@s stop_miss"
										],
										"transitions": [
											{
												"default": "query.mark_variant==555"
											}
										]
									}
								}
							},
							"controller.animation.bgm": {
								"states": {
									"default": {
										"on_entry": [
											"/playsound boss.sans.bgm @a"
										]
									}
								}
							},
							"controller.animation.blaster": {
								"states": {
									"default": {
										"on_entry": [
											"/playsound mob.blaster.bgm @a"
										],
										"transitions": [
											{
												"default": "variable.has_target==1"
											}
										]
									}
								}
							},
							"controller.animation.bgm2": {
								"states": {
									"default": {
										"on_entry": [
											"/playsound boss.sans2.bgm @a"
										],
										"on_exit": [
											"/stopsound @a"
										]
									}
								}
							},
							"controller.animation.miss2": {
								"states": {
									"default": {
										"on_entry": [
											"/function miss2",
											"@s stop_miss"
										],
										"transitions": [
											{
												"miss": "!query.has_target"
											}
										]
									},
									"miss": {
										"on_entry": [
											"@s stop_miss"
										],
										"transitions": [
											{
												"default": "query.mark_variant==555"
											}
										]
									}
								}
							}
						},
						"key": "controller.animation.miss",
						"is_minified": true,
						"children": {
							"states": {
								"default": {
									"on_entry": [
										"/function miss",
										"@s stop_miss"
									],
									"transitions": [
										{
											"miss": "!query.has_target"
										}
									]
								},
								"miss": {
									"on_entry": [
										"@s stop_miss"
									],
									"transitions": [
										{
											"default": "query.mark_variant==555"
										}
									]
								}
							}
						}
					},
					{
						"open": {
							"controller.animation.miss": {
								"states": {
									"default": {
										"on_entry": [
											"/function miss",
											"@s stop_miss"
										],
										"transitions": [
											{
												"miss": "!query.has_target"
											}
										]
									},
									"miss": {
										"on_entry": [
											"@s stop_miss"
										],
										"transitions": [
											{
												"default": "query.mark_variant==555"
											}
										]
									}
								}
							},
							"controller.animation.bgm": {
								"states": {
									"default": {
										"on_entry": [
											"/playsound boss.sans.bgm @a"
										]
									}
								}
							},
							"controller.animation.blaster": {
								"states": {
									"default": {
										"on_entry": [
											"/playsound mob.blaster.bgm @a"
										],
										"transitions": [
											{
												"default": "variable.has_target==1"
											}
										]
									}
								}
							},
							"controller.animation.bgm2": {
								"states": {
									"default": {
										"on_entry": [
											"/playsound boss.sans2.bgm @a"
										],
										"on_exit": [
											"/stopsound @a"
										]
									}
								}
							},
							"controller.animation.miss2": {
								"states": {
									"default": {
										"on_entry": [
											"/function miss2",
											"@s stop_miss"
										],
										"transitions": [
											{
												"miss": "!query.has_target"
											}
										]
									},
									"miss": {
										"on_entry": [
											"@s stop_miss"
										],
										"transitions": [
											{
												"default": "query.mark_variant==555"
											}
										]
									}
								}
							}
						},
						"key": "controller.animation.bgm",
						"children": [
							{
								"open": {
									"states": {
										"default": {
											"on_entry": [
												"/playsound boss.sans.bgm @a"
											]
										}
									}
								},
								"key": "states",
								"children": [
									{
										"open": {
											"default": {
												"on_entry": [
													"/playsound boss.sans.bgm @a"
												]
											}
										},
										"key": "default",
										"children": [
											{
												"open": {
													"on_entry": [
														"/playsound boss.sans.bgm @a"
													]
												},
												"key": "on_entry",
												"is_minified": true,
												"children": [
													"/playsound boss.sans.bgm @a"
												]
											}
										]
									}
								]
							}
						]
					},
					{
						"open": {
							"controller.animation.miss": {
								"states": {
									"default": {
										"on_entry": [
											"/function miss",
											"@s stop_miss"
										],
										"transitions": [
											{
												"miss": "!query.has_target"
											}
										]
									},
									"miss": {
										"on_entry": [
											"@s stop_miss"
										],
										"transitions": [
											{
												"default": "query.mark_variant==555"
											}
										]
									}
								}
							},
							"controller.animation.bgm": {
								"states": {
									"default": {
										"on_entry": [
											"/playsound boss.sans.bgm @a"
										]
									}
								}
							},
							"controller.animation.blaster": {
								"states": {
									"default": {
										"on_entry": [
											"/playsound mob.blaster.bgm @a"
										],
										"transitions": [
											{
												"default": "variable.has_target==1"
											}
										]
									}
								}
							},
							"controller.animation.bgm2": {
								"states": {
									"default": {
										"on_entry": [
											"/playsound boss.sans2.bgm @a"
										],
										"on_exit": [
											"/stopsound @a"
										]
									}
								}
							},
							"controller.animation.miss2": {
								"states": {
									"default": {
										"on_entry": [
											"/function miss2",
											"@s stop_miss"
										],
										"transitions": [
											{
												"miss": "!query.has_target"
											}
										]
									},
									"miss": {
										"on_entry": [
											"@s stop_miss"
										],
										"transitions": [
											{
												"default": "query.mark_variant==555"
											}
										]
									}
								}
							}
						},
						"key": "controller.animation.blaster",
						"children": [
							{
								"open": {
									"states": {
										"default": {
											"on_entry": [
												"/playsound mob.blaster.bgm @a"
											],
											"transitions": [
												{
													"default": "variable.has_target==1"
												}
											]
										}
									}
								},
								"key": "states",
								"children": [
									{
										"open": {
											"default": {
												"on_entry": [
													"/playsound mob.blaster.bgm @a"
												],
												"transitions": [
													{
														"default": "variable.has_target==1"
													}
												]
											}
										},
										"key": "default",
										"children": [
											{
												"open": {
													"on_entry": [
														"/playsound mob.blaster.bgm @a"
													],
													"transitions": [
														{
															"default": "variable.has_target==1"
														}
													]
												},
												"key": "on_entry",
												"is_minified": true,
												"children": [
													"/playsound mob.blaster.bgm @a"
												]
											},
											{
												"open": {
													"on_entry": [
														"/playsound mob.blaster.bgm @a"
													],
													"transitions": [
														{
															"default": "variable.has_target==1"
														}
													]
												},
												"key": "transitions",
												"children": [
													{
														"open": [
															{
																"default": "variable.has_target==1"
															}
														],
														"is_minified": true,
														"children": {
															"default": "variable.has_target==1"
														}
													}
												]
											}
										]
									}
								]
							}
						]
					},
					{
						"open": {
							"controller.animation.miss": {
								"states": {
									"default": {
										"on_entry": [
											"/function miss",
											"@s stop_miss"
										],
										"transitions": [
											{
												"miss": "!query.has_target"
											}
										]
									},
									"miss": {
										"on_entry": [
											"@s stop_miss"
										],
										"transitions": [
											{
												"default": "query.mark_variant==555"
											}
										]
									}
								}
							},
							"controller.animation.bgm": {
								"states": {
									"default": {
										"on_entry": [
											"/playsound boss.sans.bgm @a"
										]
									}
								}
							},
							"controller.animation.blaster": {
								"states": {
									"default": {
										"on_entry": [
											"/playsound mob.blaster.bgm @a"
										],
										"transitions": [
											{
												"default": "variable.has_target==1"
											}
										]
									}
								}
							},
							"controller.animation.bgm2": {
								"states": {
									"default": {
										"on_entry": [
											"/playsound boss.sans2.bgm @a"
										],
										"on_exit": [
											"/stopsound @a"
										]
									}
								}
							},
							"controller.animation.miss2": {
								"states": {
									"default": {
										"on_entry": [
											"/function miss2",
											"@s stop_miss"
										],
										"transitions": [
											{
												"miss": "!query.has_target"
											}
										]
									},
									"miss": {
										"on_entry": [
											"@s stop_miss"
										],
										"transitions": [
											{
												"default": "query.mark_variant==555"
											}
										]
									}
								}
							}
						},
						"key": "controller.animation.bgm2",
						"children": [
							{
								"open": {
									"states": {
										"default": {
											"on_entry": [
												"/playsound boss.sans2.bgm @a"
											],
											"on_exit": [
												"/stopsound @a"
											]
										}
									}
								},
								"key": "states",
								"children": [
									{
										"open": {
											"default": {
												"on_entry": [
													"/playsound boss.sans2.bgm @a"
												],
												"on_exit": [
													"/stopsound @a"
												]
											}
										},
										"key": "default",
										"children": [
											{
												"open": {
													"on_entry": [
														"/playsound boss.sans2.bgm @a"
													],
													"on_exit": [
														"/stopsound @a"
													]
												},
												"key": "on_entry",
												"is_minified": true,
												"children": [
													"/playsound boss.sans2.bgm @a"
												]
											},
											{
												"open": {
													"on_entry": [
														"/playsound boss.sans2.bgm @a"
													],
													"on_exit": [
														"/stopsound @a"
													]
												},
												"key": "on_exit",
												"is_minified": true,
												"children": [
													"/stopsound @a"
												]
											}
										]
									}
								]
							}
						]
					},
					{
						"open": {
							"controller.animation.miss": {
								"states": {
									"default": {
										"on_entry": [
											"/function miss",
											"@s stop_miss"
										],
										"transitions": [
											{
												"miss": "!query.has_target"
											}
										]
									},
									"miss": {
										"on_entry": [
											"@s stop_miss"
										],
										"transitions": [
											{
												"default": "query.mark_variant==555"
											}
										]
									}
								}
							},
							"controller.animation.bgm": {
								"states": {
									"default": {
										"on_entry": [
											"/playsound boss.sans.bgm @a"
										]
									}
								}
							},
							"controller.animation.blaster": {
								"states": {
									"default": {
										"on_entry": [
											"/playsound mob.blaster.bgm @a"
										],
										"transitions": [
											{
												"default": "variable.has_target==1"
											}
										]
									}
								}
							},
							"controller.animation.bgm2": {
								"states": {
									"default": {
										"on_entry": [
											"/playsound boss.sans2.bgm @a"
										],
										"on_exit": [
											"/stopsound @a"
										]
									}
								}
							},
							"controller.animation.miss2": {
								"states": {
									"default": {
										"on_entry": [
											"/function miss2",
											"@s stop_miss"
										],
										"transitions": [
											{
												"miss": "!query.has_target"
											}
										]
									},
									"miss": {
										"on_entry": [
											"@s stop_miss"
										],
										"transitions": [
											{
												"default": "query.mark_variant==555"
											}
										]
									}
								}
							}
						},
						"key": "controller.animation.miss2",
						"children": [
							{
								"open": {
									"states": {
										"default": {
											"on_entry": [
												"/function miss2",
												"@s stop_miss"
											],
											"transitions": [
												{
													"miss": "!query.has_target"
												}
											]
										},
										"miss": {
											"on_entry": [
												"@s stop_miss"
											],
											"transitions": [
												{
													"default": "query.mark_variant==555"
												}
											]
										}
									}
								},
								"key": "states",
								"children": [
									{
										"open": {
											"default": {
												"on_entry": [
													"/function miss2",
													"@s stop_miss"
												],
												"transitions": [
													{
														"miss": "!query.has_target"
													}
												]
											},
											"miss": {
												"on_entry": [
													"@s stop_miss"
												],
												"transitions": [
													{
														"default": "query.mark_variant==555"
													}
												]
											}
										},
										"key": "default",
										"children": [
											{
												"open": {
													"on_entry": [
														"/function miss2",
														"@s stop_miss"
													],
													"transitions": [
														{
															"miss": "!query.has_target"
														}
													]
												},
												"key": "on_entry",
												"is_minified": true,
												"children": [
													"/function miss2",
													"@s stop_miss"
												]
											},
											{
												"key": "transitions",
												"is_minified": true,
												"children": [
													{
														"miss": "!query.has_target"
													}
												]
											}
										]
									},
									{
										"open": {
											"default": {
												"on_entry": [
													"/function miss2",
													"@s stop_miss"
												],
												"transitions": [
													{
														"miss": "!query.has_target"
													}
												]
											},
											"miss": {
												"on_entry": [
													"@s stop_miss"
												],
												"transitions": [
													{
														"default": "query.mark_variant==555"
													}
												]
											}
										},
										"key": "miss",
										"children": [
											{
												"open": {
													"on_entry": [
														"@s stop_miss"
													],
													"transitions": [
														{
															"default": "query.mark_variant==555"
														}
													]
												},
												"key": "on_entry",
												"is_minified": true,
												"children": [
													"@s stop_miss"
												]
											},
											{
												"open": {
													"on_entry": [
														"@s stop_miss"
													],
													"transitions": [
														{
															"default": "query.mark_variant==555"
														}
													]
												},
												"key": "transitions",
												"is_minified": true,
												"children": [
													{
														"default": "query.mark_variant==555"
													}
												]
											}
										]
									}
								]
							}
						]
					}
				]
			},
			{
				"data": "1.10.0",
				"key": "format_version"
			}
		]
	}
}