{
	"format_version": "1.10.0",
	"minecraft:entity": {
		"description": {
			"identifier": "bd:scp111_breath",
			"is_spawnable": false,
			"is_summonable": true,
			"is_experimental": false,
			"runtime_identifier": "minecraft:snowball"
		},
		"component_groups": {
			"minecraft:despawn": {
				"minecraft:despawn": {}
			},
			"minecraft:start_despawn": {
				"minecraft:timer": {
				"looping": true,
				"time": 6,
				"time_down_event": {
					"event": "minecraft:despawn",
					"target": "self"
					}
				}
			}
		},
		"components": {
			"minecraft:type_family": {
				"family": [ "fire" ]
			},
			
			"minecraft:collision_box": {
				"width": 0.01,
				"height": 0.01
			},
			"minecraft:scale": {
				"value": 0.01
			},
            "minecraft:explode": {
            "fuseLength": 0.4,
            "fuseLit": true,
            "power": 0,
            "causesFire": true
            },
			"minecraft:projectile": {
				"onHit": {
					"impact_damage": {
	    				"damage": [ 2, 5 ],
                        "catchFire": true,
						"knockback": false
					},
                    "catch_fire": {
                        "fireAffectedByGriefing": false
                    }
				},
				"destroy_on_hurt": true,
				"power": 0.1,
				"gravity": 0,
				"inertia": 1.5,
				"uncertaintyBase": 0,
				"uncertaintyMultiplier": 0.2,
				"offset": [-0.15, 1.5, 0],
                "catchFire": true
			},
			"minecraft:spawn_entity": [
              {
                "min_wait_time": 0,
                "max_wait_time": 0,
                "single_use": true,
                "spawn_entity": "XX:XX",
                "spawn_sound": "purr",
                "num_to_spawn": 1
              }
            ],
            "minecraft:pushable": {
              "is_pushable": false,
              "is_pushable_by_piston": true
            },
			"minecraft:physics": {}
		},
		"events": {
			"minecraft:entity_spawned": {
				"add": {
						"component_groups": [
							"minecraft:start_despawn"
						]
					}
				}
			},
			"minecraft:despawn": {
				"add": {
					"component_groups": [
						"minecraft:despawn"
					]
				}
			}
		}
	}
}