{
  "format_version": "1.10.0",
  "animation_controllers": {
    "controller.animation.comeback": {
      "states": {
        "default": {
          "transitions": [
            {
              "comeback": "!query.is_alive && !query.is_illager_captain"
            }
          ]
        },
        "comeback": {
          "transitions": [
            {
              "default": "!query.is_alive && !query.is_illager_captain"
            }
          ],
          "on_entry": [
            "@s wg:comeback"
          ]
        }
      }
    }
  }
}
