{
	"format_version": "1.8.0",
	"animations": {
		"animation.asgore.general": {
			"loop": true,
			"animation_length": 0.08,
			"bones": {
				"rightarm2": {
					"rotation": [-17.5, 0, 0]
				},
				"righthand2": {
					"rotation": [0, -100, 0]
				},
				"trident": {
					"position": [0, 0, -70]
				},
				"leftarm2": {
					"rotation": [72.5, 0, 0]
				}
			}
		},
		"animation.asgore.walk": {
			"loop": true,
			"animation_length": 1.04,
			"bones": {
				"cape": {
					"rotation": [40, 0, 0]
				},
				"leftleg": {
					"rotation": {
						"0.0": [30, 0, 0],
						"0.52": [-52.5, 0, 0],
						"1.04": [30, 0, 0]
					}
				},
				"leftleg2": {
					"rotation": [35, 0, 0]
				},
				"rightleg": {
					"rotation": {
						"0.0": [-50, 0, 0],
						"0.52": [37.5, 0, 0],
						"1.04": [-50, 0, 0]
					}
				},
				"rightleg2": {
					"rotation": [30, 0, 0]
				},
				"rightarm2": {
					"rotation": [0, 0, 112.5]
				},
				"righthand2": {
					"rotation": [0, 5, 0]
				},
				"trident": {
					"position": [0, 0, -63]
				},
				"leftarm2": {
					"rotation": [60, 0, 0]
				},
				"lefthand": {
					"rotation": [0, -7.5, 0]
				}
			}
		},
		"animation.asgore.attack": {
			"animation_length": 3.12,
			"bones": {
				"all": {
					"rotation": [0, 50, 0]
				},
				"body": {
					"rotation": {
						"0.0": [0, -150, 0],
						"1.04": [0, 5, 0],
						"2.16": [0, -150, 0],
						"3.12": [0, 5, 0]
					}
				},
				"rightarm2": {
					"rotation": [0, 0, -105]
				},
				"righthand2": {
					"rotation": [0, -2.5, 0]
				},
				"trident": {
					"position": [0, 0, -21]
				},
				"leftarm2": {
					"rotation": [110, 0, 0]
				},
				"head": {
					"rotation": {
						"0.0": [0, -42.5, 0],
						"0.52": [0, -70, 0],
						"1.04": [0, -42.5, 0]
					}
				}
			}
		}
	}
}