{
	"format_version": "1.8.0",
	"animations": {
		"animation.asgore.dead": {
			"loop": "hold_on_last_frame",
			"animation_length": 0.52,
			"bones": {
				"all": {
					"rotation": [0, 0, 0],
					"position": {
						"0.0": [0, 0, 0],
						"0.52": [0, -16, 0]
					}
				},
				"body": {
					"rotation": {
						"0.0": [0, 0, 0],
						"0.52": [7.5, 0, 0]
					}
				},
				"rightarm2": {
					"rotation": [77.5, 0, 0]
				},
				"leftarm": {
					"rotation": {
						"0.0": [0, 0, 0],
						"0.52": [35, 0, 0]
					}
				},
				"leftarm2": {
					"rotation": {
						"0.0": [0, 0, 0],
						"0.52": [0, 0, -57.5]
					}
				},
				"cape": {
					"rotation": {
						"0.0": [0, 0, 0],
						"0.52": [40, 0, 0]
					}
				},
				"head": {
					"rotation": {
						"0.0": [0, 0, 0],
						"0.52": [20, 0, 0]
					}
				},
				"leftleg": {
					"rotation": {
						"0.0": [0, 0, 0],
						"0.52": [-67.5, 0, 0]
					}
				},
				"leftleg2": {
					"rotation": {
						"0.0": [0, 0, 0],
						"0.52": [70, 0, 0]
					}
				},
				"rightleg": {
					"rotation": [0, 0, 0]
				},
				"rightleg2": {
					"rotation": {
						"0.0": [0, 0, 0],
						"0.52": [90, 0, 0]
					},
					"position": [0, -3, 0]
				}
			}
		}
	}
}