{
	"lamborghini.lamborghini.drive": {
		"category": "neutral",
		"sounds": [
		  "sounds/lamborghini/lamborghini/drive"
		]
	},
	"lamborghini.lamborghini.startup": {
		"category": "neutral",
		"sounds": [
		  "sounds/lamborghini/lamborghini/startup"
		]
	},
	"lamborghini.lamborghini.hit" : {
         "__use_legacy_max_distance" : "true",
         "category" : "neutral",
         "sounds" : [
            "sounds/lamborghini/hit1",
            "sounds/lamborghini/hit2",
            "sounds/lamborghini/hit3"
        ]
    }
}