{
    "format_version": "1.13.0",
    "minecraft:feature_rules": {
        "description": {
            "identifier": "minecraft:savanna_scattering_bushes",
            "places_feature": "minecraft:bush_acacia_feature"
        },
        "conditions": {
            "placement_pass": "surface_pass",
            "minecraft:biome_filter": [
                {
          "all_of": [
			{
              "test": "has_biome_tag",
              "operator": "==",
              "value": "savanna"
            }
          ]
        }
            ]
        },
        "distribution": {
            "iterations": 16,
            "scatter_chance": 15.0,
            "x": {
                "distribution": "uniform",
                "extent": [
                    0,
                    16
                ]
            },
            "y": {
                "distribution": "uniform",
                "extent": [
                    "query.heightmap(variable.worldx, variable.worldz) + 0",
                    "query.heightmap(variable.worldx, variable.worldz) + 1 + 0"
                ]
            },
            "z": {
                "distribution": "uniform",
                "extent": [
                    0,
                    16
                ]
            }
        }
    }
}