{
  "format_version": "1.8.0",
  "minecraft:entity": {
    "description": {
      "identifier": "cd:chaos_camp",
      "is_spawnable": false,
      "is_summonable": true,
      "is_experimental": false,
	  "scripts": {
	    "animate": [ "walk" ]
	  },
	  "animations": {
	    "walk": "controller.animation.chaos_camp"
	  }
    },

    "components": {
      "minecraft:collision_box": {
        "width": 0,
        "height": 0
      },
	  "minecraft:type_family": {
	    "family": [ "despawnfa" ]
	  },
	  "minecraft:despawn": {
	    "filters": {
		  "all_of": [
		    { "test": "is_family", "subject": "self", "value": "despawnfa" }
		  ]
		}
	  },
      "minecraft:damage_sensor": [
       {
         "deals_damage": false
         }
       ],
      "minecraft:health": {
        "value": 1,
        "max": 1
      },
      "minecraft:physics": {
         "has_gravity": false,
         "has_collision": false
      }
    }
  }
}