{
	"entity_sounds": {
		"entities": {
//SUZUKI
			"hp:angkot_suzuki": {
				"events": {
					"ambient": "vehicle.angkot_suzuki.say",
					"death": "vehicle.angkot_suzuki.death",
					"startup": "vehicle.angkot_suzuki.rev",
					"eat": {
						"pitch": [0.80, 1.0],
						"sound": "vehicle.angkot_suzuki.fix",
						"volume": [0.50, 1.10]
					},
					"boost": {
						"pitch": 1.12,
						"sound": "vehicle.angkot_suzuki.boost",
						"volume": 1.2
					},
					"hurt": {
						"pitch": [0.80, 1.20],
						"sound": "vehicle.angkot_suzuki.hurt",
						"volume": 0.70
					},
					"step": {
						"sound": "vehicle.angkot_suzuki.move",
						"volume": 14,
						"pitch": [
							1.2,
							0.85
						]
					}
				}
			},
			"hp:angkot_suzuki.toys": {
				"events": {
					"ambient": "vehicle.angkot_suzuki.say",
					"death": "vehicle.angkot_suzuki.death",
					"startup": "vehicle.angkot_suzuki.rev",
					"eat": {
						"pitch": [0.80, 1.0],
						"sound": "vehicle.angkot_suzuki.fix",
						"volume": [0.50, 1.10]
					},
					"boost": {
						"pitch": 1.12,
						"sound": "vehicle.angkot_suzuki.boost",
						"volume": 1.2
					},
					"hurt": {
						"pitch": [0.80, 1.20],
						"sound": "vehicle.angkot_suzuki.hurt",
						"volume": 0.70
					},
					"step": {
						"sound": "vehicle.angkot_suzuki.move",
						"volume": 14,
						"pitch": [
							1.2,
							0.85
						]
					}
				}
			},
//KIJANG
			"hp:angkot_kijang": {
				"events": {
					"ambient": "vehicle.angkot_kijang.say",
					"death": "vehicle.angkot_kijang.death",
					"startup": "vehicle.angkot_kijang.rev",
					"eat": {
						"pitch": [0.80, 1.0],
						"sound": "vehicle.angkot_kijang.fix",
						"volume": [0.50, 1.10]
					},
					"boost": {
						"pitch": 1.12,
						"sound": "vehicle.angkot_kijang.boost",
						"volume": 1.2
					},
					"hurt": {
						"pitch": [0.80, 1.20],
						"sound": "vehicle.angkot_kijang.hurt",
						"volume": 0.70
					},
					"step": {
						"sound": "vehicle.angkot_kijang.move",
						"volume": 14,
						"pitch": [
							1.2,
							0.85
						]
					}
				}
			},
			"hp:angkot_kijang.toys": {
				"events": {
					"ambient": "vehicle.angkot_kijang.say",
					"death": "vehicle.angkot_kijang.death",
					"startup": "vehicle.angkot_kijang.rev",
					"eat": {
						"pitch": [0.80, 1.0],
						"sound": "vehicle.angkot_kijang.fix",
						"volume": [0.50, 1.10]
					},
					"boost": {
						"pitch": 1.12,
						"sound": "vehicle.angkot_kijang.boost",
						"volume": 1.2
					},
					"hurt": {
						"pitch": [0.80, 1.20],
						"sound": "vehicle.angkot_kijang.hurt",
						"volume": 0.70
					},
					"step": {
						"sound": "vehicle.angkot_kijang.move",
						"volume": 14,
						"pitch": [
							1.2,
							0.85
						]
					}
				}
			},
//KIJANG_REAR
			"hp:angkot_kijang_rear": {
				"events": {
					"ambient": "vehicle.angkot_kijang_rear.say",
					"death": "vehicle.angkot_kijang_rear.death",
					"startup": "vehicle.angkot_kijang_rear.rev",
					"eat": {
						"pitch": [0.80, 1.0],
						"sound": "vehicle.angkot_kijang_rear.fix",
						"volume": [0.50, 1.10]
					},
					"boost": {
						"pitch": 1.12,
						"sound": "vehicle.angkot_kijang_rear.boost",
						"volume": 1.2
					},
					"hurt": {
						"pitch": [0.80, 1.20],
						"sound": "vehicle.angkot_kijang_rear.hurt",
						"volume": 0.70
					},
					"step": {
						"sound": "vehicle.angkot_kijang_rear.move",
						"volume": 14,
						"pitch": [
							1.2,
							0.85
						]
					}
				}
			},
			"hp:angkot_kijang_rear.toys": {
				"events": {
					"ambient": "vehicle.angkot_kijang_rear.say",
					"death": "vehicle.angkot_kijang_rear.death",
					"startup": "vehicle.angkot_kijang_rear.rev",
					"eat": {
						"pitch": [0.80, 1.0],
						"sound": "vehicle.angkot_kijang_rear.fix",
						"volume": [0.50, 1.10]
					},
					"boost": {
						"pitch": 1.12,
						"sound": "vehicle.angkot_kijang_rear.boost",
						"volume": 1.2
					},
					"hurt": {
						"pitch": [0.80, 1.20],
						"sound": "vehicle.angkot_kijang_rear.hurt",
						"volume": 0.70
					},
					"step": {
						"sound": "vehicle.angkot_kijang_rear.move",
						"volume": 14,
						"pitch": [
							1.2,
							0.85
						]
					}
				}
			},
//JETBUS MERCY SHORT
			"hp:jetbus_mercy_short": {
				"events": {
					"ambient": "vehicle.jetbus_mercy_short.say",
					"death": "vehicle.jetbus_mercy_short.death",
					"startup": "vehicle.jetbus_mercy_short.rev",
					"eat": {
						"pitch": [0.80, 1.0],
						"sound": "vehicle.jetbus_mercy_short.fix",
						"volume": [0.50, 1.10]
					},
					"boost": {
						"pitch": 1.12,
						"sound": "vehicle.jetbus_mercy_short.boost",
						"volume": 1.2
					},
					"hurt": {
						"pitch": [0.80, 1.20],
						"sound": "vehicle.jetbus_mercy_short.hurt",
						"volume": 0.70
					},
					"step": {
						"sound": "vehicle.jetbus_mercy_short.move",
						"volume": 14,
						"pitch": [
							1.2,
							0.85
						]
					}
				}
			},
			"hp:jetbus_mercy_short.toys": {
				"events": {
					"ambient": "vehicle.jetbus_mercy_short.say",
					"death": "vehicle.jetbus_mercy_short.death",
					"startup": "vehicle.jetbus_mercy_short.rev",
					"eat": {
						"pitch": [0.80, 1.0],
						"sound": "vehicle.jetbus_mercy_short.fix",
						"volume": [0.50, 1.10]
					},
					"boost": {
						"pitch": 1.12,
						"sound": "vehicle.jetbus_mercy_short.boost",
						"volume": 1.2
					},
					"hurt": {
						"pitch": [0.80, 1.20],
						"sound": "vehicle.jetbus_mercy_short.hurt",
						"volume": 0.70
					},
					"step": {
						"sound": "vehicle.jetbus_mercy_short.move",
						"volume": 14,
						"pitch": [
							1.2,
							0.85
						]
					}
				}
			},
//JETBUS MERCY LONG
			"hp:jetbus_mercy_long": {
				"events": {
					"ambient": "vehicle.jetbus_mercy_long.say",
					"death": "vehicle.jetbus_mercy_long.death",
					"startup": "vehicle.jetbus_mercy_long.rev",
					"eat": {
						"pitch": [0.80, 1.0],
						"sound": "vehicle.jetbus_mercy_long.fix",
						"volume": [0.50, 1.10]
					},
					"boost": {
						"pitch": 1.12,
						"sound": "vehicle.jetbus_mercy_long.boost",
						"volume": 1.2
					},
					"hurt": {
						"pitch": [0.80, 1.20],
						"sound": "vehicle.jetbus_mercy_long.hurt",
						"volume": 0.70
					},
					"step": {
						"sound": "vehicle.jetbus_mercy_long.move",
						"volume": 14,
						"pitch": [
							1.2,
							0.85
						]
					}
				}
			},
			"hp:jetbus_mercy_long.toys": {
				"events": {
					"ambient": "vehicle.jetbus_mercy_long.say",
					"death": "vehicle.jetbus_mercy_long.death",
					"startup": "vehicle.jetbus_mercy_long.rev",
					"eat": {
						"pitch": [0.80, 1.0],
						"sound": "vehicle.jetbus_mercy_long.fix",
						"volume": [0.50, 1.10]
					},
					"boost": {
						"pitch": 1.12,
						"sound": "vehicle.jetbus_mercy_long.boost",
						"volume": 1.2
					},
					"hurt": {
						"pitch": [0.80, 1.20],
						"sound": "vehicle.jetbus_mercy_long.hurt",
						"volume": 0.70
					},
					"step": {
						"sound": "vehicle.jetbus_mercy_long.move",
						"volume": 14,
						"pitch": [
							1.2,
							0.85
						]
					}
				}
			},
//TOYOTA LIMO
			"hp:toyota_limo": {
				"events": {
					"ambient": "vehicle.toyota_limo.say",
					"death": "vehicle.toyota_limo.death",
					"startup": "vehicle.toyota_limo.rev",
					"eat": {
						"pitch": [0.80, 1.0],
						"sound": "vehicle.toyota_limo.fix",
						"volume": [0.50, 1.10]
					},
					"boost": {
						"pitch": 1.12,
						"sound": "vehicle.toyota_limo.boost",
						"volume": 1.2
					},
					"hurt": {
						"pitch": [0.80, 1.20],
						"sound": "vehicle.toyota_limo.hurt",
						"volume": 0.70
					},
					"step": {
						"sound": "vehicle.toyota_limo.move",
						"volume": 14,
						"pitch": [
							1.2,
							0.85
						]
					}
				}
			},
			"hp:toyota_limo.toys": {
				"events": {
					"ambient": "vehicle.toyota_limo.say",
					"death": "vehicle.toyota_limo.death",
					"startup": "vehicle.toyota_limo.rev",
					"eat": {
						"pitch": [0.80, 1.0],
						"sound": "vehicle.toyota_limo.fix",
						"volume": [0.50, 1.10]
					},
					"boost": {
						"pitch": 1.12,
						"sound": "vehicle.toyota_limo.boost",
						"volume": 1.2
					},
					"hurt": {
						"pitch": [0.80, 1.20],
						"sound": "vehicle.toyota_limo.hurt",
						"volume": 0.70
					},
					"step": {
						"sound": "vehicle.toyota_limo.move",
						"volume": 14,
						"pitch": [
							1.2,
							0.85
						]
					}
				}
			},
//TUKTUK
			"hp:tuktuk": {
				"events": {
					"ambient": "vehicle.tuktuk.say",
					"death": "vehicle.tuktuk.death",
					"startup": "vehicle.tuktuk.rev",
					"eat": {
						"pitch": [0.80, 1.0],
						"sound": "vehicle.tuktuk.fix",
						"volume": [0.50, 1.10]
					},
					"boost": {
						"pitch": 1.12,
						"sound": "vehicle.tuktuk.boost",
						"volume": 1.2
					},
					"hurt": {
						"pitch": [0.80, 1.20],
						"sound": "vehicle.tuktuk.hurt",
						"volume": 0.70
					},
					"step": {
						"sound": "vehicle.tuktuk.move",
						"volume": 14,
						"pitch": [
							1.2,
							0.85
						]
					}
				}
			},
			"hp:tuktuk.toys": {
				"events": {
					"ambient": "vehicle.tuktuk.say",
					"death": "vehicle.tuktuk.death",
					"startup": "vehicle.tuktuk.rev",
					"eat": {
						"pitch": [0.80, 1.0],
						"sound": "vehicle.tuktuk.fix",
						"volume": [0.50, 1.10]
					},
					"boost": {
						"pitch": 1.12,
						"sound": "vehicle.tuktuk.boost",
						"volume": 1.2
					},
					"hurt": {
						"pitch": [0.80, 1.20],
						"sound": "vehicle.tuktuk.hurt",
						"volume": 0.70
					},
					"step": {
						"sound": "vehicle.tuktuk.move",
						"volume": 14,
						"pitch": [
							1.2,
							0.85
						]
					}
				}
			},
//TRANSJAKARTA
			"hp:transjakarta": {
				"events": {
					"ambient": "vehicle.transjakarta.say",
					"death": "vehicle.transjakarta.death",
					"startup": "vehicle.transjakarta.rev",
					"eat": {
						"pitch": [0.80, 1.0],
						"sound": "vehicle.transjakarta.fix",
						"volume": [0.50, 1.10]
					},
					"boost": {
						"pitch": 1.12,
						"sound": "vehicle.transjakarta.boost",
						"volume": 1.2
					},
					"hurt": {
						"pitch": [0.80, 1.20],
						"sound": "vehicle.transjakarta.hurt",
						"volume": 0.70
					},
					"step": {
						"sound": "vehicle.transjakarta.move",
						"volume": 14,
						"pitch": [
							1.2,
							0.85
						]
					}
				}
			},
			"hp:transjakarta.toys": {
				"events": {
					"ambient": "vehicle.transjakarta.say",
					"death": "vehicle.transjakarta.death",
					"startup": "vehicle.transjakarta.rev",
					"eat": {
						"pitch": [0.80, 1.0],
						"sound": "vehicle.transjakarta.fix",
						"volume": [0.50, 1.10]
					},
					"boost": {
						"pitch": 1.12,
						"sound": "vehicle.transjakarta.boost",
						"volume": 1.2
					},
					"hurt": {
						"pitch": [0.80, 1.20],
						"sound": "vehicle.transjakarta.hurt",
						"volume": 0.70
					},
					"step": {
						"sound": "vehicle.transjakarta.move",
						"volume": 14,
						"pitch": [
							1.2,
							0.85
						]
					}
				}
			},
			//BANDROS
			"hp:bandros": {
				"events": {
					"ambient": "vehicle.bandros.say",
					"death": "vehicle.bandros.death",
					"startup": "vehicle.bandros.rev",
					"eat": {
						"pitch": [0.80, 1.0],
						"sound": "vehicle.bandros.fix",
						"volume": [0.50, 1.10]
					},
					"boost": {
						"pitch": 1.12,
						"sound": "vehicle.bandros.boost",
						"volume": 1.2
					},
					"hurt": {
						"pitch": [0.80, 1.20],
						"sound": "vehicle.bandros.hurt",
						"volume": 0.70
					},
					"step": {
						"sound": "vehicle.bandros.move",
						"volume": 14,
						"pitch": [
							1.2,
							0.85
						]
					}
				}
			},
			"hp:bandros.toys": {
				"events": {
					"ambient": "vehicle.bandros.say",
					"death": "vehicle.bandros.death",
					"startup": "vehicle.bandros.rev",
					"eat": {
						"pitch": [0.80, 1.0],
						"sound": "vehicle.bandros.fix",
						"volume": [0.50, 1.10]
					},
					"boost": {
						"pitch": 1.12,
						"sound": "vehicle.bandros.boost",
						"volume": 1.2
					},
					"hurt": {
						"pitch": [0.80, 1.20],
						"sound": "vehicle.bandros.hurt",
						"volume": 0.70
					},
					"step": {
						"sound": "vehicle.bandros.move",
						"volume": 14,
						"pitch": [
							1.2,
							0.85
						]
					}
				}
			},
//KOPAJA
			"hp:kopaja": {
				"events": {
					"ambient": "vehicle.bandros.say",
					"death": "vehicle.bandros.death",
					"startup": "vehicle.bandros.rev",
					"eat": {
						"pitch": [0.80, 1.0],
						"sound": "vehicle.bandros.fix",
						"volume": [0.50, 1.10]
					},
					"boost": {
						"pitch": 1.12,
						"sound": "vehicle.bandros.boost",
						"volume": 1.2
					},
					"hurt": {
						"pitch": [0.80, 1.20],
						"sound": "vehicle.bandros.hurt",
						"volume": 0.70
					},
					"step": {
						"sound": "vehicle.bandros.move",
						"volume": 14,
						"pitch": [
							1.2,
							0.85
						]
					}
				}
			},
			"hp:kopaja.toys": {
				"events": {
					"ambient": "vehicle.bandros.say",
					"death": "vehicle.bandros.death",
					"startup": "vehicle.bandros.rev",
					"eat": {
						"pitch": [0.80, 1.0],
						"sound": "vehicle.bandros.fix",
						"volume": [0.50, 1.10]
					},
					"boost": {
						"pitch": 1.12,
						"sound": "vehicle.bandros.boost",
						"volume": 1.2
					},
					"hurt": {
						"pitch": [0.80, 1.20],
						"sound": "vehicle.bandros.hurt",
						"volume": 0.70
					},
					"step": {
						"sound": "vehicle.bandros.move",
						"volume": 14,
						"pitch": [
							1.2,
							0.85
						]
					}
				}
			},
//BECAK
			"hp:becak": {
				"events": {
					"ambient": "vehicle.becak.say",
					"death": "vehicle.becak.death",
					"startup": "vehicle.becak.rev",
					"eat": {
						"pitch": [0.80, 1.0],
						"sound": "vehicle.becak.fix",
						"volume": [0.50, 1.10]
					},
					"boost": {
						"pitch": 1.12,
						"sound": "vehicle.becak.boost",
						"volume": 1.2
					},
					"hurt": {
						"pitch": [0.80, 1.20],
						"sound": "vehicle.becak.hurt",
						"volume": 0.70
					},
					"step": {
						"sound": "vehicle.becak.move",
						"volume": 14,
						"pitch": [
							1.2,
							0.85
						]
					}
				}
			},
			"hp:becak.toys": {
				"events": {
					"ambient": "vehicle.becak.say",
					"death": "vehicle.becak.death",
					"startup": "vehicle.becak.rev",
					"eat": {
						"pitch": [0.80, 1.0],
						"sound": "vehicle.becak.fix",
						"volume": [0.50, 1.10]
					},
					"boost": {
						"pitch": 1.12,
						"sound": "vehicle.becak.boost",
						"volume": 1.2
					},
					"hurt": {
						"pitch": [0.80, 1.20],
						"sound": "vehicle.becak.hurt",
						"volume": 0.70
					},
					"step": {
						"sound": "vehicle.becak.move",
						"volume": 14,
						"pitch": [
							1.2,
							0.85
						]
					}
				}
			},
//DELMAN
			"hp:delman": {
				"events": {
					"ambient": "vehicle.delman.say",
					"death": "vehicle.delman.death",
					"startup": "vehicle.delman.rev",
					"eat": {
						"pitch": [0.80, 1.0],
						"sound": "vehicle.delman.fix",
						"volume": [0.50, 1.10]
					},
					"boost": {
						"pitch": 1.12,
						"sound": "vehicle.delman.boost",
						"volume": 1.2
					},
					"hurt": {
						"pitch": [0.80, 1.20],
						"sound": "vehicle.delman.hurt",
						"volume": 0.70
					},
					"step": {
						"sound": "vehicle.delman.move",
						"volume": 14,
						"pitch": [
							1.2,
							0.85
						]
					}
				}
			},
			"hp:delman.toys": {
				"events": {
					"ambient": "vehicle.delman.say",
					"death": "vehicle.delman.death",
					"startup": "vehicle.delman.rev",
					"eat": {
						"pitch": [0.80, 1.0],
						"sound": "vehicle.delman.fix",
						"volume": [0.50, 1.10]
					},
					"boost": {
						"pitch": 1.12,
						"sound": "vehicle.delman.boost",
						"volume": 1.2
					},
					"hurt": {
						"pitch": [0.80, 1.20],
						"sound": "vehicle.delman.hurt",
						"volume": 0.70
					},
					"step": {
						"sound": "vehicle.delman.move",
						"volume": 14,
						"pitch": [
							1.2,
							0.85
						]
					}
				}
			},
//BEMO
			"hp:bemo": {
				"events": {
					"ambient": "vehicle.bemo.say",
					"death": "vehicle.bemo.death",
					"startup": "vehicle.bemo.rev",
					"eat": {
						"pitch": [0.80, 1.0],
						"sound": "vehicle.bemo.fix",
						"volume": [0.50, 1.10]
					},
					"boost": {
						"pitch": 1.12,
						"sound": "vehicle.bemo.boost",
						"volume": 1.2
					},
					"hurt": {
						"pitch": [0.80, 1.20],
						"sound": "vehicle.bemo.hurt",
						"volume": 0.70
					},
					"step": {
						"sound": "vehicle.bemo.move",
						"volume": 14,
						"pitch": [
							1.2,
							0.85
						]
					}
				}
			},
			"hp:bemo.toys": {
				"events": {
					"ambient": "vehicle.bemo.say",
					"death": "vehicle.bemo.death",
					"startup": "vehicle.bemo.rev",
					"eat": {
						"pitch": [0.80, 1.0],
						"sound": "vehicle.bemo.fix",
						"volume": [0.50, 1.10]
					},
					"boost": {
						"pitch": 1.12,
						"sound": "vehicle.bemo.boost",
						"volume": 1.2
					},
					"hurt": {
						"pitch": [0.80, 1.20],
						"sound": "vehicle.bemo.hurt",
						"volume": 0.70
					},
					"step": {
						"sound": "vehicle.bemo.move",
						"volume": 14,
						"pitch": [
							1.2,
							0.85
						]
					}
				}
			}
		}
	}
}