{
	"format_version": "1.8.0",
	"animations": {
		"animation.mitsubishi_montero.turn": {
			"loop": true,
			"bones": {
				"steer": {
					"rotation": [
						0,
						0,
						"math.max(-15,math.min(15,query.yaw_speed*0.5))*-query.modified_move_speed*0.7"
					]
				},
				"tire0": {
					"rotation": [
						0,
						"math.max(-15,math.min(15,query.yaw_speed*0.5))",
						0
					]
				},
				"tire1": {
					"rotation": [
						0,
						"math.max(-15,math.min(15,query.yaw_speed*0.5))",
						0
					]
				}
			}
		},
		"animation.mitsubishi_montero.move": {
			"loop": true,
			"animation_length": 1,
			"bones": {
				"leg1": {
					"rotation": {
						"0.0": [
							0,
							0,
							0
						],
						"1.0": [
							360,
							0,
							0
						]
					}
				},
				"tire0": {
					"rotation": {
						"0.0": [
							0,
							0,
							0
						],
						"1.0": [
							360,
							0,
							0
						]
					}
				},
				"tire1": {
					"rotation": {
						"0.0": [
							0,
							0,
							0
						],
						"1.0": [
							360,
							0,
							0
						]
					}
				}
			}
		},
		"animation.mitsubishi_montero.open": {
			"loop": "hold_on_last_frame",
			"animation_length": 1,
			"bones": {
				"door0": {
					"rotation": {
						"0.0": [
							0,
							0,
							0
						],
						"1.0": [
							0,
							60,
							0
						]
					}
				},
				"door1": {
					"rotation": {
						"0.0": [
							0,
							0,
							0
						],
						"1.0": [
							0,
							-60,
							0
						]
					}
				},
				"door2": {
					"rotation": {
						"0.0": [
							0,
							0,
							0
						],
						"1.0": [
							0,
							60,
							0
						]
					}
				},
				"door3": {
					"rotation": {
						"0.0": [
							0,
							0,
							0
						],
						"1.0": [
							0,
							-60,
							0
						]
					}
				}
			},
			"sound_effects": {
				"0.0": {
					"effect": "montero_door_open"
				}
			}
		},
		"animation.mitsubishi_montero.close": {
			"loop": "hold_on_last_frame",
			"animation_length": 1,
			"bones": {
				"door0": {
					"rotation": {
						"0.0": [
							0,
							60,
							0
						],
						"1.0": [
							0,
							0,
							0
						]
					}
				},
				"door1": {
					"rotation": {
						"0.0": [
							0,
							-60,
							0
						],
						"1.0": [
							0,
							0,
							0
						]
					}
				},
				"door2": {
					"rotation": {
						"0.0": [
							0,
							60,
							0
						],
						"1.0": [
							0,
							0,
							0
						]
					}
				},
				"door3": {
					"rotation": {
						"0.0": [
							0,
							-60,
							0
						],
						"1.0": [
							0,
							0,
							0
						]
					}
				}
			},
			"sound_effects": {
				"0.0": {
					"effect": "montero_door_close"
				}
			}
		},
		"animation.mitsubishi_montero.close2": {
			"loop": true,
			"bones": {
				"door0": {
					"rotation": [
						0,
						-60,
						0
					]
				},
				"door1": {
					"rotation": [
						0,
						60,
						0
					]
				},
				"door2": {
					"rotation": [
						0,
						-60,
						0
					]
				},
				"door3": {
					"rotation": [
						0,
						60,
						0
					]
				}
			}
		}
	}
}