{
	"format_version": "1.12.0",
	"minecraft:geometry": [
		{
			"description": {
				"identifier": "geometry.simple_vehicles.pedicab",
				"texture_width": 256,
				"texture_height": 256,
				"visible_bounds_width": 4,
				"visible_bounds_height": 4.5,
				"visible_bounds_offset": [
					0,
					1.75,
					0
				]
			},
			"bones": [
				{
					"name": "bike",
					"pivot": [
						10,
						0,
						0
					]
				},
				{
					"name": "body",
					"parent": "bike",
					"pivot": [
						10,
						2,
						-2
					],
					"cubes": [
						{
							"origin": [
								9,
								7,
								17
							],
							"size": [
								2,
								2,
								1
							],
							"uv": [
								14,
								114
							]
						},
						{
							"origin": [
								8,
								8,
								18
							],
							"size": [
								4,
								3,
								1
							],
							"uv": [
								52,
								91
							]
						},
						{
							"origin": [
								8,
								8.22099,
								16.25328
							],
							"size": [
								4,
								9,
								1
							],
							"pivot": [
								10,
								10.72099,
								16.75328
							],
							"rotation": [
								20,
								0,
								0
							],
							"uv": [
								14,
								74
							]
						},
						{
							"origin": [
								9,
								4,
								-3
							],
							"size": [
								2,
								12,
								3
							],
							"uv": [
								30,
								40
							]
						},
						{
							"origin": [
								-19,
								5,
								-12
							],
							"size": [
								20,
								1,
								21
							],
							"uv": [
								0,
								220
							]
						},
						{
							"origin": [
								-19,
								8.56929,
								-16.88197
							],
							"size": [
								20,
								5,
								1
							],
							"uv": [
								48,
								140
							]
						},
						{
							"origin": [
								-19,
								20.33269,
								-16.7588
							],
							"size": [
								20,
								6,
								1
							],
							"pivot": [
								10,
								17.33269,
								0.2412
							],
							"rotation": [
								55,
								0,
								0
							],
							"uv": [
								48,
								146
							]
						},
						{
							"origin": [
								-19,
								6,
								-1
							],
							"size": [
								20,
								4,
								10
							],
							"uv": [
								0,
								155
							]
						},
						{
							"origin": [
								-18,
								10,
								7
							],
							"size": [
								18,
								9,
								1
							],
							"uv": [
								84,
								200
							]
						},
						{
							"origin": [
								-14,
								19,
								7
							],
							"size": [
								10,
								4,
								1
							],
							"uv": [
								84,
								200
							]
						},
						{
							"origin": [
								-18,
								10,
								6
							],
							"size": [
								18,
								9,
								1
							],
							"uv": [
								84,
								200
							]
						},
						{
							"origin": [
								-14,
								19,
								6
							],
							"size": [
								10,
								4,
								1
							],
							"uv": [
								84,
								200
							]
						},
						{
							"origin": [
								1,
								9,
								-11
							],
							"size": [
								7,
								1,
								2
							],
							"uv": [
								66,
								210
							]
						},
						{
							"origin": [
								0,
								6,
								-12
							],
							"size": [
								1,
								8,
								2
							],
							"uv": [
								76,
								242
							]
						},
						{
							"origin": [
								0,
								12,
								-9.4
							],
							"size": [
								1,
								2,
								23
							],
							"uv": [
								65,
								175
							]
						},
						{
							"origin": [
								0,
								15,
								-10.2
							],
							"size": [
								1,
								2,
								23
							],
							"uv": [
								65,
								175
							]
						},
						{
							"origin": [
								0,
								15,
								-15.4
							],
							"size": [
								1,
								2,
								23
							],
							"uv": [
								65,
								175
							]
						},
						{
							"origin": [
								-19,
								14.5,
								-5
							],
							"size": [
								1,
								2,
								18
							],
							"uv": [
								0,
								194
							]
						},
						{
							"origin": [
								-19,
								11,
								-5
							],
							"size": [
								1,
								1,
								17
							],
							"uv": [
								1,
								196
							]
						},
						{
							"origin": [
								-19,
								12,
								-5
							],
							"size": [
								1,
								3,
								1
							],
							"uv": [
								33,
								214
							]
						},
						{
							"origin": [
								-19,
								6,
								-5
							],
							"size": [
								1,
								5,
								1
							],
							"uv": [
								29,
								214
							]
						},
						{
							"origin": [
								0,
								11,
								-10
							],
							"size": [
								1,
								3,
								1
							],
							"uv": [
								33,
								214
							]
						},
						{
							"origin": [
								0,
								6,
								-10
							],
							"size": [
								1,
								5,
								1
							],
							"uv": [
								29,
								214
							]
						},
						{
							"origin": [
								-19,
								6,
								-3
							],
							"size": [
								1,
								5,
								1
							],
							"uv": [
								82,
								113
							]
						},
						{
							"origin": [
								-19,
								12,
								-3
							],
							"size": [
								1,
								3,
								1
							],
							"uv": [
								82,
								113
							]
						},
						{
							"origin": [
								0,
								8,
								-9
							],
							"size": [
								1,
								2,
								8
							],
							"uv": [
								66,
								200
							]
						},
						{
							"origin": [
								0,
								11,
								-16
							],
							"size": [
								1,
								2,
								4
							],
							"uv": [
								67,
								216
							]
						},
						{
							"origin": [
								0,
								8,
								-16
							],
							"size": [
								1,
								2,
								5
							],
							"uv": [
								82,
								113
							]
						},
						{
							"origin": [
								0,
								12,
								-16
							],
							"size": [
								1,
								2,
								5
							],
							"uv": [
								82,
								113
							]
						},
						{
							"origin": [
								1,
								9,
								7
							],
							"size": [
								7,
								1,
								2
							],
							"uv": [
								66,
								213
							]
						},
						{
							"origin": [
								-19,
								34.18222,
								-9.0155
							],
							"size": [
								20,
								1,
								17
							],
							"uv": [
								82,
								157
							]
						},
						{
							"origin": [
								0,
								43.18222,
								-12.0155
							],
							"size": [
								20,
								1,
								25
							],
							"uv": [
								82,
								113
							]
						},
						{
							"origin": [
								-6,
								39.18222,
								-9.0155
							],
							"size": [
								9,
								1,
								17
							],
							"pivot": [
								-1,
								39.68222,
								0.4845
							],
							"rotation": [
								0,
								0,
								-70
							],
							"uv": [
								82,
								139
							]
						},
						{
							"origin": [
								-19,
								34.04136,
								-31.21667
							],
							"size": [
								1,
								1,
								23
							],
							"pivot": [
								-9,
								34.54136,
								-8.71667
							],
							"rotation": [
								70,
								0,
								0
							],
							"uv": [
								0,
								118
							]
						},
						{
							"origin": [
								0,
								34.04136,
								-31.21667
							],
							"size": [
								1,
								1,
								23
							],
							"pivot": [
								-9,
								34.54136,
								-8.71667
							],
							"rotation": [
								70,
								0,
								0
							],
							"uv": [
								44,
								116
							]
						},
						{
							"origin": [
								-18,
								34.04136,
								-11.21667
							],
							"size": [
								18,
								1,
								3
							],
							"pivot": [
								-9,
								34.54136,
								-8.71667
							],
							"rotation": [
								70,
								0,
								0
							],
							"uv": [
								120,
								122
							]
						},
						{
							"origin": [
								-19,
								14.66987,
								10.16025
							],
							"size": [
								20,
								1,
								6
							],
							"pivot": [
								12,
								9.66987,
								20.16025
							],
							"rotation": [
								30,
								0,
								0
							],
							"uv": [
								0,
								148
							]
						},
						{
							"origin": [
								-19,
								11.58338,
								-18.56413
							],
							"size": [
								20,
								1,
								24
							],
							"pivot": [
								12,
								6.58338,
								9.43587
							],
							"rotation": [
								-75,
								0,
								0
							],
							"uv": [
								0,
								169
							]
						},
						{
							"origin": [
								7,
								5,
								-4
							],
							"size": [
								1,
								5,
								5
							],
							"uv": [
								0,
								60
							]
						},
						{
							"origin": [
								8,
								16,
								-2
							],
							"size": [
								4,
								1,
								17
							],
							"uv": [
								0,
								22
							]
						},
						{
							"origin": [
								9,
								16,
								-9
							],
							"size": [
								2,
								1,
								7
							],
							"uv": [
								12,
								40
							]
						},
						{
							"origin": [
								8,
								7,
								-2
							],
							"size": [
								1,
								2,
								19.9
							],
							"uv": [
								42,
								0
							]
						},
						{
							"origin": [
								8,
								9,
								7
							],
							"size": [
								1,
								7,
								1.9
							],
							"uv": [
								12,
								98
							]
						},
						{
							"origin": [
								11,
								9,
								7
							],
							"size": [
								1,
								7,
								1.9
							],
							"uv": [
								8,
								98
							]
						},
						{
							"origin": [
								11,
								7,
								-3
							],
							"size": [
								1,
								2,
								20.9
							],
							"uv": [
								0,
								0
							]
						},
						{
							"origin": [
								9,
								8,
								-11
							],
							"size": [
								2,
								3,
								2
							],
							"uv": [
								0,
								98
							]
						},
						{
							"origin": [
								9,
								11,
								-11
							],
							"size": [
								2,
								12,
								2
							],
							"uv": [
								12,
								60
							]
						},
						{
							"origin": [
								9,
								5.69439,
								-2.20774
							],
							"size": [
								2,
								9,
								2
							],
							"pivot": [
								10,
								4.19439,
								-1.20774
							],
							"rotation": [
								62.5,
								0,
								0
							],
							"uv": [
								40,
								74
							]
						},
						{
							"origin": [
								8,
								17,
								-3
							],
							"size": [
								4,
								2,
								6
							],
							"uv": [
								42,
								30
							]
						}
					]
				},
				{
					"name": "pedal",
					"parent": "body",
					"pivot": [
						9.5,
						7.5,
						-1.5
					],
					"cubes": [
						{
							"origin": [
								14,
								9,
								-3
							],
							"size": [
								3,
								1,
								3
							],
							"uv": [
								56,
								85
							]
						},
						{
							"origin": [
								13,
								7,
								-2
							],
							"size": [
								1,
								3,
								1
							],
							"uv": [
								20,
								114
							]
						},
						{
							"origin": [
								6,
								7,
								-2
							],
							"size": [
								7,
								1,
								1
							],
							"uv": [
								0,
								85
							]
						},
						{
							"origin": [
								5,
								5,
								-2
							],
							"size": [
								1,
								3,
								1
							],
							"uv": [
								24,
								114
							]
						},
						{
							"origin": [
								2,
								5,
								-3
							],
							"size": [
								3,
								1,
								3
							],
							"uv": [
								68,
								85
							]
						}
					]
				},
				{
					"name": "handle",
					"parent": "bike",
					"pivot": [
						10,
						20,
						-10
					],
					"cubes": [
						{
							"origin": [
								7,
								6,
								-21.5
							],
							"size": [
								2,
								3,
								3
							],
							"uv": [
								10,
								91
							]
						},
						{
							"origin": [
								8,
								19.39156,
								-11.7924
							],
							"size": [
								4,
								3,
								3
							],
							"uv": [
								24,
								78
							]
						},
						{
							"origin": [
								12,
								13.39156,
								-18.7924
							],
							"size": [
								3,
								3,
								3
							],
							"uv": [
								16,
								85
							]
						},
						{
							"origin": [
								12,
								13.39156,
								-15.7924
							],
							"size": [
								1,
								3,
								2
							],
							"uv": [
								0,
								114
							]
						},
						{
							"origin": [
								13,
								14.39156,
								-15.7924
							],
							"size": [
								1,
								1,
								1
							],
							"uv": [
								28,
								114
							]
						},
						{
							"origin": [
								7,
								25.39156,
								-11.2924
							],
							"size": [
								6,
								2,
								2
							],
							"uv": [
								24,
								74
							]
						},
						{
							"origin": [
								12.60488,
								25.39156,
								-10.2912
							],
							"size": [
								5,
								2,
								2
							],
							"pivot": [
								16.60488,
								26.39156,
								-9.2912
							],
							"rotation": [
								0,
								-15,
								0
							],
							"uv": [
								42,
								85
							]
						},
						{
							"origin": [
								2.29289,
								25.39156,
								-11.06766
							],
							"size": [
								5,
								2,
								2
							],
							"pivot": [
								6.29289,
								26.39156,
								-10.06766
							],
							"rotation": [
								0,
								15,
								0
							],
							"uv": [
								28,
								85
							]
						},
						{
							"origin": [
								8.01704,
								22.26215,
								-10.7924
							],
							"size": [
								1,
								4,
								1
							],
							"pivot": [
								8.51704,
								22.26215,
								-10.2924
							],
							"rotation": [
								0,
								0,
								-15
							],
							"uv": [
								10,
								114
							]
						},
						{
							"origin": [
								10.98296,
								22.26215,
								-10.7924
							],
							"size": [
								1,
								4,
								1
							],
							"pivot": [
								11.48296,
								22.26215,
								-10.2924
							],
							"rotation": [
								0,
								0,
								15
							],
							"uv": [
								6,
								114
							]
						},
						{
							"origin": [
								8,
								7,
								-21.5
							],
							"size": [
								1,
								18,
								2
							],
							"pivot": [
								8,
								7.5,
								-20.5
							],
							"rotation": [
								-37.5,
								0,
								0
							],
							"uv": [
								6,
								40
							]
						},
						{
							"origin": [
								11,
								7,
								-21.5
							],
							"size": [
								1,
								18,
								2
							],
							"pivot": [
								8,
								7.5,
								-20.5
							],
							"rotation": [
								-37.5,
								0,
								0
							],
							"uv": [
								0,
								40
							]
						},
						{
							"origin": [
								11,
								6,
								-21.5
							],
							"size": [
								2,
								3,
								3
							],
							"uv": [
								0,
								91
							]
						}
					]
				},
				{
					"name": "leg0",
					"parent": "handle",
					"pivot": [
						10,
						7.5575,
						-19.97901
					],
					"cubes": [
						{
							"origin": [
								9,
								0,
								-21
							],
							"size": [
								2,
								2,
								2
							],
							"uv": [
								64,
								110
							]
						},
						{
							"origin": [
								9,
								2,
								-21
							],
							"size": [
								2,
								5,
								2
							],
							"uv": [
								36,
								91
							]
						},
						{
							"origin": [
								9,
								13.11501,
								-20.95803
							],
							"size": [
								2,
								2,
								2
							],
							"uv": [
								40,
								106
							]
						},
						{
							"origin": [
								9,
								8.11501,
								-20.95803
							],
							"size": [
								2,
								5,
								2
							],
							"uv": [
								44,
								91
							]
						},
						{
							"origin": [
								9,
								6.51925,
								-14.36228
							],
							"size": [
								2,
								2,
								2
							],
							"uv": [
								16,
								110
							]
						},
						{
							"origin": [
								9,
								6.51925,
								-19.36228
							],
							"size": [
								2,
								2,
								5
							],
							"uv": [
								0,
								74
							]
						},
						{
							"origin": [
								9,
								6.59575,
								-27.59575
							],
							"size": [
								2,
								2,
								2
							],
							"uv": [
								32,
								102
							]
						},
						{
							"origin": [
								9,
								6.59575,
								-25.59575
							],
							"size": [
								2,
								2,
								5
							],
							"uv": [
								34,
								60
							]
						},
						{
							"origin": [
								9,
								6.59575,
								-25.59575
							],
							"size": [
								2,
								2,
								5
							],
							"pivot": [
								10,
								7.5575,
								-19.97901
							],
							"rotation": [
								45,
								0,
								0
							],
							"uv": [
								20,
								60
							]
						},
						{
							"origin": [
								9,
								6.51925,
								-19.36228
							],
							"size": [
								2,
								2,
								5
							],
							"pivot": [
								10,
								7.5575,
								-19.97901
							],
							"rotation": [
								45,
								0,
								0
							],
							"uv": [
								20,
								67
							]
						},
						{
							"origin": [
								9,
								2,
								-21
							],
							"size": [
								2,
								5,
								2
							],
							"pivot": [
								10,
								7.5575,
								-19.97901
							],
							"rotation": [
								45,
								0,
								0
							],
							"uv": [
								20,
								91
							]
						},
						{
							"origin": [
								9,
								8.11501,
								-20.95803
							],
							"size": [
								2,
								5,
								2
							],
							"pivot": [
								10,
								7.5575,
								-19.97901
							],
							"rotation": [
								45,
								0,
								0
							],
							"uv": [
								28,
								91
							]
						},
						{
							"origin": [
								9,
								8.22636,
								-14.58702
							],
							"size": [
								2,
								2,
								2
							],
							"pivot": [
								10,
								9.22636,
								-13.58702
							],
							"rotation": [
								15,
								0,
								0
							],
							"uv": [
								8,
								110
							]
						},
						{
							"origin": [
								9,
								4.88865,
								-27.37101
							],
							"size": [
								2,
								2,
								2
							],
							"pivot": [
								10,
								5.88865,
								-26.37101
							],
							"rotation": [
								15,
								0,
								0
							],
							"uv": [
								0,
								106
							]
						},
						{
							"origin": [
								9,
								9.81713,
								-15.24594
							],
							"size": [
								2,
								2,
								2
							],
							"pivot": [
								10,
								10.81713,
								-14.24594
							],
							"rotation": [
								30,
								0,
								0
							],
							"uv": [
								0,
								110
							]
						},
						{
							"origin": [
								9,
								3.29788,
								-26.71209
							],
							"size": [
								2,
								2,
								2
							],
							"pivot": [
								10,
								4.29788,
								-25.71209
							],
							"rotation": [
								30,
								0,
								0
							],
							"uv": [
								8,
								106
							]
						},
						{
							"origin": [
								9,
								11.18315,
								-16.29413
							],
							"size": [
								2,
								2,
								2
							],
							"pivot": [
								10,
								12.18315,
								-15.29413
							],
							"rotation": [
								45,
								0,
								0
							],
							"uv": [
								64,
								106
							]
						},
						{
							"origin": [
								9,
								1.93185,
								-25.6639
							],
							"size": [
								2,
								2,
								2
							],
							"pivot": [
								10,
								2.93185,
								-24.6639
							],
							"rotation": [
								45,
								0,
								0
							],
							"uv": [
								16,
								106
							]
						},
						{
							"origin": [
								9,
								12.23134,
								-17.66015
							],
							"size": [
								2,
								2,
								2
							],
							"pivot": [
								10,
								13.23134,
								-16.66015
							],
							"rotation": [
								60,
								0,
								0
							],
							"uv": [
								56,
								106
							]
						},
						{
							"origin": [
								9,
								0.88366,
								-24.29788
							],
							"size": [
								2,
								2,
								2
							],
							"pivot": [
								10,
								1.88366,
								-23.29788
							],
							"rotation": [
								60,
								0,
								0
							],
							"uv": [
								24,
								106
							]
						},
						{
							"origin": [
								9,
								12.89026,
								-19.25092
							],
							"size": [
								2,
								2,
								2
							],
							"pivot": [
								10,
								13.89026,
								-18.25092
							],
							"rotation": [
								75,
								0,
								0
							],
							"uv": [
								48,
								106
							]
						},
						{
							"origin": [
								9,
								0.22474,
								-22.70711
							],
							"size": [
								2,
								2,
								2
							],
							"pivot": [
								10,
								1.22474,
								-21.70711
							],
							"rotation": [
								75,
								0,
								0
							],
							"uv": [
								32,
								106
							]
						},
						{
							"origin": [
								9,
								0.22474,
								-19.29289
							],
							"size": [
								2,
								2,
								2
							],
							"pivot": [
								10,
								1.22474,
								-18.29289
							],
							"rotation": [
								15,
								0,
								0
							],
							"uv": [
								56,
								110
							]
						},
						{
							"origin": [
								9,
								12.89026,
								-22.66514
							],
							"size": [
								2,
								2,
								2
							],
							"pivot": [
								10,
								13.89026,
								-21.66514
							],
							"rotation": [
								15,
								0,
								0
							],
							"uv": [
								16,
								98
							]
						},
						{
							"origin": [
								9,
								0.8664,
								-17.64289
							],
							"size": [
								2,
								2,
								2
							],
							"pivot": [
								10,
								1.8664,
								-16.64289
							],
							"rotation": [
								27.5,
								0,
								0
							],
							"uv": [
								48,
								110
							]
						},
						{
							"origin": [
								9,
								12.24861,
								-24.31514
							],
							"size": [
								2,
								2,
								2
							],
							"pivot": [
								10,
								13.24861,
								-23.31514
							],
							"rotation": [
								27.5,
								0,
								0
							],
							"uv": [
								16,
								102
							]
						},
						{
							"origin": [
								9,
								1.85535,
								-16.29413
							],
							"size": [
								2,
								2,
								2
							],
							"pivot": [
								10,
								2.85535,
								-15.29413
							],
							"rotation": [
								45,
								0,
								0
							],
							"uv": [
								40,
								110
							]
						},
						{
							"origin": [
								9,
								11.25966,
								-25.6639
							],
							"size": [
								2,
								2,
								2
							],
							"pivot": [
								10,
								12.25966,
								-24.6639
							],
							"rotation": [
								45,
								0,
								0
							],
							"uv": [
								24,
								98
							]
						},
						{
							"origin": [
								9,
								3.22137,
								-15.24594
							],
							"size": [
								2,
								2,
								2
							],
							"pivot": [
								10,
								4.22137,
								-14.24594
							],
							"rotation": [
								60,
								0,
								0
							],
							"uv": [
								32,
								110
							]
						},
						{
							"origin": [
								9,
								9.89363,
								-26.71209
							],
							"size": [
								2,
								2,
								2
							],
							"pivot": [
								10,
								10.89363,
								-25.71209
							],
							"rotation": [
								60,
								0,
								0
							],
							"uv": [
								32,
								98
							]
						},
						{
							"origin": [
								9,
								4.81214,
								-14.58702
							],
							"size": [
								2,
								2,
								2
							],
							"pivot": [
								10,
								5.81214,
								-13.58702
							],
							"rotation": [
								75,
								0,
								0
							],
							"uv": [
								24,
								110
							]
						},
						{
							"origin": [
								9,
								8.30286,
								-27.37101
							],
							"size": [
								2,
								2,
								2
							],
							"pivot": [
								10,
								9.30286,
								-26.37101
							],
							"rotation": [
								75,
								0,
								0
							],
							"uv": [
								24,
								102
							]
						}
					]
				},
				{
					"name": "leg1",
					"parent": "bike",
					"pivot": [
						10,
						7.5575,
						7.92099
					],
					"cubes": [
						{
							"origin": [
								9,
								0,
								7
							],
							"size": [
								2,
								2,
								2
							],
							"uv": [
								64,
								110
							]
						},
						{
							"origin": [
								9,
								2,
								7
							],
							"size": [
								2,
								5,
								2
							],
							"uv": [
								36,
								91
							]
						},
						{
							"origin": [
								9,
								13.11501,
								7.04197
							],
							"size": [
								2,
								2,
								2
							],
							"uv": [
								40,
								106
							]
						},
						{
							"origin": [
								9,
								8.11501,
								7.04197
							],
							"size": [
								2,
								5,
								2
							],
							"uv": [
								44,
								91
							]
						},
						{
							"origin": [
								9,
								6.51925,
								13.63772
							],
							"size": [
								2,
								2,
								2
							],
							"uv": [
								16,
								110
							]
						},
						{
							"origin": [
								9,
								6.51925,
								8.63772
							],
							"size": [
								2,
								2,
								5
							],
							"uv": [
								0,
								74
							]
						},
						{
							"origin": [
								9,
								6.59575,
								0.40425
							],
							"size": [
								2,
								2,
								2
							],
							"uv": [
								32,
								102
							]
						},
						{
							"origin": [
								9,
								6.59575,
								2.40425
							],
							"size": [
								2,
								2,
								5
							],
							"uv": [
								34,
								60
							]
						},
						{
							"origin": [
								9,
								6.59575,
								2.40425
							],
							"size": [
								2,
								2,
								5
							],
							"pivot": [
								10,
								7.5575,
								8.02099
							],
							"rotation": [
								45,
								0,
								0
							],
							"uv": [
								20,
								60
							]
						},
						{
							"origin": [
								9,
								6.51925,
								8.63772
							],
							"size": [
								2,
								2,
								5
							],
							"pivot": [
								10,
								7.5575,
								8.02099
							],
							"rotation": [
								45,
								0,
								0
							],
							"uv": [
								20,
								67
							]
						},
						{
							"origin": [
								9,
								2,
								7
							],
							"size": [
								2,
								5,
								2
							],
							"pivot": [
								10,
								7.5575,
								8.02099
							],
							"rotation": [
								45,
								0,
								0
							],
							"uv": [
								20,
								91
							]
						},
						{
							"origin": [
								9,
								8.11501,
								7.04197
							],
							"size": [
								2,
								5,
								2
							],
							"pivot": [
								10,
								7.5575,
								8.02099
							],
							"rotation": [
								45,
								0,
								0
							],
							"uv": [
								28,
								91
							]
						},
						{
							"origin": [
								9,
								8.22636,
								13.41298
							],
							"size": [
								2,
								2,
								2
							],
							"pivot": [
								10,
								9.22636,
								14.41298
							],
							"rotation": [
								15,
								0,
								0
							],
							"uv": [
								8,
								110
							]
						},
						{
							"origin": [
								9,
								4.88865,
								0.62899
							],
							"size": [
								2,
								2,
								2
							],
							"pivot": [
								10,
								5.88865,
								1.62899
							],
							"rotation": [
								15,
								0,
								0
							],
							"uv": [
								0,
								106
							]
						},
						{
							"origin": [
								9,
								9.81713,
								12.75406
							],
							"size": [
								2,
								2,
								2
							],
							"pivot": [
								10,
								10.81713,
								13.75406
							],
							"rotation": [
								30,
								0,
								0
							],
							"uv": [
								0,
								110
							]
						},
						{
							"origin": [
								9,
								3.29788,
								1.28791
							],
							"size": [
								2,
								2,
								2
							],
							"pivot": [
								10,
								4.29788,
								2.28791
							],
							"rotation": [
								30,
								0,
								0
							],
							"uv": [
								8,
								106
							]
						},
						{
							"origin": [
								9,
								11.18315,
								11.70587
							],
							"size": [
								2,
								2,
								2
							],
							"pivot": [
								10,
								12.18315,
								12.70587
							],
							"rotation": [
								45,
								0,
								0
							],
							"uv": [
								64,
								106
							]
						},
						{
							"origin": [
								9,
								1.93185,
								2.3361
							],
							"size": [
								2,
								2,
								2
							],
							"pivot": [
								10,
								2.93185,
								3.3361
							],
							"rotation": [
								45,
								0,
								0
							],
							"uv": [
								16,
								106
							]
						},
						{
							"origin": [
								9,
								12.23134,
								10.33985
							],
							"size": [
								2,
								2,
								2
							],
							"pivot": [
								10,
								13.23134,
								11.33985
							],
							"rotation": [
								60,
								0,
								0
							],
							"uv": [
								56,
								106
							]
						},
						{
							"origin": [
								9,
								0.88366,
								3.70212
							],
							"size": [
								2,
								2,
								2
							],
							"pivot": [
								10,
								1.88366,
								4.70212
							],
							"rotation": [
								60,
								0,
								0
							],
							"uv": [
								24,
								106
							]
						},
						{
							"origin": [
								9,
								12.89026,
								8.74908
							],
							"size": [
								2,
								2,
								2
							],
							"pivot": [
								10,
								13.89026,
								9.74908
							],
							"rotation": [
								75,
								0,
								0
							],
							"uv": [
								48,
								106
							]
						},
						{
							"origin": [
								9,
								0.22474,
								5.29289
							],
							"size": [
								2,
								2,
								2
							],
							"pivot": [
								10,
								1.22474,
								6.29289
							],
							"rotation": [
								75,
								0,
								0
							],
							"uv": [
								32,
								106
							]
						},
						{
							"origin": [
								9,
								0.22474,
								8.70711
							],
							"size": [
								2,
								2,
								2
							],
							"pivot": [
								10,
								1.22474,
								9.70711
							],
							"rotation": [
								15,
								0,
								0
							],
							"uv": [
								56,
								110
							]
						},
						{
							"origin": [
								9,
								12.89026,
								5.33486
							],
							"size": [
								2,
								2,
								2
							],
							"pivot": [
								10,
								13.89026,
								6.33486
							],
							"rotation": [
								15,
								0,
								0
							],
							"uv": [
								16,
								98
							]
						},
						{
							"origin": [
								9,
								0.8664,
								10.35711
							],
							"size": [
								2,
								2,
								2
							],
							"pivot": [
								10,
								1.8664,
								11.35711
							],
							"rotation": [
								27.5,
								0,
								0
							],
							"uv": [
								48,
								110
							]
						},
						{
							"origin": [
								9,
								12.24861,
								3.68486
							],
							"size": [
								2,
								2,
								2
							],
							"pivot": [
								10,
								13.24861,
								4.68486
							],
							"rotation": [
								27.5,
								0,
								0
							],
							"uv": [
								16,
								102
							]
						},
						{
							"origin": [
								9,
								1.85535,
								11.70587
							],
							"size": [
								2,
								2,
								2
							],
							"pivot": [
								10,
								2.85535,
								12.70587
							],
							"rotation": [
								45,
								0,
								0
							],
							"uv": [
								40,
								110
							]
						},
						{
							"origin": [
								9,
								11.25966,
								2.3361
							],
							"size": [
								2,
								2,
								2
							],
							"pivot": [
								10,
								12.25966,
								3.3361
							],
							"rotation": [
								45,
								0,
								0
							],
							"uv": [
								24,
								98
							]
						},
						{
							"origin": [
								9,
								3.22137,
								12.75406
							],
							"size": [
								2,
								2,
								2
							],
							"pivot": [
								10,
								4.22137,
								13.75406
							],
							"rotation": [
								60,
								0,
								0
							],
							"uv": [
								32,
								110
							]
						},
						{
							"origin": [
								9,
								9.89363,
								1.28791
							],
							"size": [
								2,
								2,
								2
							],
							"pivot": [
								10,
								10.89363,
								2.28791
							],
							"rotation": [
								60,
								0,
								0
							],
							"uv": [
								32,
								98
							]
						},
						{
							"origin": [
								9,
								4.81214,
								13.41298
							],
							"size": [
								2,
								2,
								2
							],
							"pivot": [
								10,
								5.81214,
								14.41298
							],
							"rotation": [
								75,
								0,
								0
							],
							"uv": [
								24,
								110
							]
						},
						{
							"origin": [
								9,
								8.30286,
								0.62899
							],
							"size": [
								2,
								2,
								2
							],
							"pivot": [
								10,
								9.30286,
								1.62899
							],
							"rotation": [
								75,
								0,
								0
							],
							"uv": [
								24,
								102
							]
						}
					]
				},
				{
					"name": "leg2",
					"parent": "bike",
					"pivot": [
						-20,
						7.5575,
						2.92099
					],
					"cubes": [
						{
							"origin": [
								-21,
								0,
								2
							],
							"size": [
								2,
								2,
								2
							],
							"uv": [
								64,
								110
							]
						},
						{
							"origin": [
								-21,
								2,
								2
							],
							"size": [
								2,
								5,
								2
							],
							"uv": [
								36,
								91
							]
						},
						{
							"origin": [
								-21,
								13.11501,
								2.04197
							],
							"size": [
								2,
								2,
								2
							],
							"uv": [
								40,
								106
							]
						},
						{
							"origin": [
								-21,
								8.11501,
								2.04197
							],
							"size": [
								2,
								5,
								2
							],
							"uv": [
								44,
								91
							]
						},
						{
							"origin": [
								-21,
								6.51925,
								8.63772
							],
							"size": [
								2,
								2,
								2
							],
							"uv": [
								16,
								110
							]
						},
						{
							"origin": [
								-21,
								6.51925,
								3.63772
							],
							"size": [
								2,
								2,
								5
							],
							"uv": [
								0,
								74
							]
						},
						{
							"origin": [
								-21,
								6.59575,
								-4.59575
							],
							"size": [
								2,
								2,
								2
							],
							"uv": [
								32,
								102
							]
						},
						{
							"origin": [
								-21,
								6.59575,
								-2.59575
							],
							"size": [
								2,
								2,
								5
							],
							"uv": [
								34,
								60
							]
						},
						{
							"origin": [
								-21,
								6.59575,
								-2.59575
							],
							"size": [
								2,
								2,
								5
							],
							"pivot": [
								-20,
								7.5575,
								3.02099
							],
							"rotation": [
								45,
								0,
								0
							],
							"uv": [
								20,
								60
							]
						},
						{
							"origin": [
								-21,
								6.51925,
								3.63772
							],
							"size": [
								2,
								2,
								5
							],
							"pivot": [
								-20,
								7.5575,
								3.02099
							],
							"rotation": [
								45,
								0,
								0
							],
							"uv": [
								20,
								67
							]
						},
						{
							"origin": [
								-21,
								2,
								2
							],
							"size": [
								2,
								5,
								2
							],
							"pivot": [
								-20,
								7.5575,
								3.02099
							],
							"rotation": [
								45,
								0,
								0
							],
							"uv": [
								20,
								91
							]
						},
						{
							"origin": [
								-21,
								8.11501,
								2.04197
							],
							"size": [
								2,
								5,
								2
							],
							"pivot": [
								-20,
								7.5575,
								3.02099
							],
							"rotation": [
								45,
								0,
								0
							],
							"uv": [
								28,
								91
							]
						},
						{
							"origin": [
								-21,
								8.22636,
								8.41298
							],
							"size": [
								2,
								2,
								2
							],
							"pivot": [
								-20,
								9.22636,
								9.41298
							],
							"rotation": [
								15,
								0,
								0
							],
							"uv": [
								8,
								110
							]
						},
						{
							"origin": [
								-21,
								4.88865,
								-4.37101
							],
							"size": [
								2,
								2,
								2
							],
							"pivot": [
								-20,
								5.88865,
								-3.37101
							],
							"rotation": [
								15,
								0,
								0
							],
							"uv": [
								0,
								106
							]
						},
						{
							"origin": [
								-21,
								9.81713,
								7.75406
							],
							"size": [
								2,
								2,
								2
							],
							"pivot": [
								-20,
								10.81713,
								8.75406
							],
							"rotation": [
								30,
								0,
								0
							],
							"uv": [
								0,
								110
							]
						},
						{
							"origin": [
								-21,
								3.29788,
								-3.71209
							],
							"size": [
								2,
								2,
								2
							],
							"pivot": [
								-20,
								4.29788,
								-2.71209
							],
							"rotation": [
								30,
								0,
								0
							],
							"uv": [
								8,
								106
							]
						},
						{
							"origin": [
								-21,
								11.18315,
								6.70587
							],
							"size": [
								2,
								2,
								2
							],
							"pivot": [
								-20,
								12.18315,
								7.70587
							],
							"rotation": [
								45,
								0,
								0
							],
							"uv": [
								64,
								106
							]
						},
						{
							"origin": [
								-21,
								1.93185,
								-2.6639
							],
							"size": [
								2,
								2,
								2
							],
							"pivot": [
								-20,
								2.93185,
								-1.6639
							],
							"rotation": [
								45,
								0,
								0
							],
							"uv": [
								16,
								106
							]
						},
						{
							"origin": [
								-21,
								12.23134,
								5.33985
							],
							"size": [
								2,
								2,
								2
							],
							"pivot": [
								-20,
								13.23134,
								6.33985
							],
							"rotation": [
								60,
								0,
								0
							],
							"uv": [
								56,
								106
							]
						},
						{
							"origin": [
								-21,
								0.88366,
								-1.29788
							],
							"size": [
								2,
								2,
								2
							],
							"pivot": [
								-20,
								1.88366,
								-0.29788
							],
							"rotation": [
								60,
								0,
								0
							],
							"uv": [
								24,
								106
							]
						},
						{
							"origin": [
								-21,
								12.89026,
								3.74908
							],
							"size": [
								2,
								2,
								2
							],
							"pivot": [
								-20,
								13.89026,
								4.74908
							],
							"rotation": [
								75,
								0,
								0
							],
							"uv": [
								48,
								106
							]
						},
						{
							"origin": [
								-21,
								0.22474,
								0.29289
							],
							"size": [
								2,
								2,
								2
							],
							"pivot": [
								-20,
								1.22474,
								1.29289
							],
							"rotation": [
								75,
								0,
								0
							],
							"uv": [
								32,
								106
							]
						},
						{
							"origin": [
								-21,
								0.22474,
								3.70711
							],
							"size": [
								2,
								2,
								2
							],
							"pivot": [
								-20,
								1.22474,
								4.70711
							],
							"rotation": [
								15,
								0,
								0
							],
							"uv": [
								56,
								110
							]
						},
						{
							"origin": [
								-21,
								12.89026,
								0.33486
							],
							"size": [
								2,
								2,
								2
							],
							"pivot": [
								-20,
								13.89026,
								1.33486
							],
							"rotation": [
								15,
								0,
								0
							],
							"uv": [
								16,
								98
							]
						},
						{
							"origin": [
								-21,
								0.8664,
								5.35711
							],
							"size": [
								2,
								2,
								2
							],
							"pivot": [
								-20,
								1.8664,
								6.35711
							],
							"rotation": [
								27.5,
								0,
								0
							],
							"uv": [
								48,
								110
							]
						},
						{
							"origin": [
								-21,
								12.24861,
								-1.31514
							],
							"size": [
								2,
								2,
								2
							],
							"pivot": [
								-20,
								13.24861,
								-0.31514
							],
							"rotation": [
								27.5,
								0,
								0
							],
							"uv": [
								16,
								102
							]
						},
						{
							"origin": [
								-21,
								1.85535,
								6.70587
							],
							"size": [
								2,
								2,
								2
							],
							"pivot": [
								-20,
								2.85535,
								7.70587
							],
							"rotation": [
								45,
								0,
								0
							],
							"uv": [
								40,
								110
							]
						},
						{
							"origin": [
								-21,
								11.25966,
								-2.6639
							],
							"size": [
								2,
								2,
								2
							],
							"pivot": [
								-20,
								12.25966,
								-1.6639
							],
							"rotation": [
								45,
								0,
								0
							],
							"uv": [
								24,
								98
							]
						},
						{
							"origin": [
								-21,
								3.22137,
								7.75406
							],
							"size": [
								2,
								2,
								2
							],
							"pivot": [
								-20,
								4.22137,
								8.75406
							],
							"rotation": [
								60,
								0,
								0
							],
							"uv": [
								32,
								110
							]
						},
						{
							"origin": [
								-21,
								9.89363,
								-3.71209
							],
							"size": [
								2,
								2,
								2
							],
							"pivot": [
								-20,
								10.89363,
								-2.71209
							],
							"rotation": [
								60,
								0,
								0
							],
							"uv": [
								32,
								98
							]
						},
						{
							"origin": [
								-21,
								4.81214,
								8.41298
							],
							"size": [
								2,
								2,
								2
							],
							"pivot": [
								-20,
								5.81214,
								9.41298
							],
							"rotation": [
								75,
								0,
								0
							],
							"uv": [
								24,
								110
							]
						},
						{
							"origin": [
								-21,
								8.30286,
								-4.37101
							],
							"size": [
								2,
								2,
								2
							],
							"pivot": [
								-20,
								9.30286,
								-3.37101
							],
							"rotation": [
								75,
								0,
								0
							],
							"uv": [
								24,
								102
							]
						}
					]
				}
			]
		}
	]
}