{
    "format_version": "1.16.0",
    "minecraft:block": {
      "description": {
        "identifier": "loled:kitchen_microwave",
        "properties": {
          "loled:face": [
            1,
            2,
            3,
            4,
            5
          ]
        }
      },
      "components": {
        "minecraft:material_instances": {
          "*": {
            "texture": "microwave",
            "render_method": "alpha_test"
          }
        },
        "minecraft:pick_collision": {
          "origin": [
            -8,
            0,
            -5
          ],
          "size": [
            16,
            11,
            11
          ]
        },
        "minecraft:entity_collision": {
          "origin": [
            -8,
            0,
            -5
          ],
          "size": [
            16,
            11,
            11
          ]
        },
        "minecraft:creative_category": {
          "group": "itemGroup.name.kitchen",
          "category": "construction"
        },
        "minecraft:loot": "loot_tables/kitchen/kitchen_microwave.json",
        "minecraft:geometry": "geometry.microwave",
        "minecraft:on_player_placing": {
          "event": "loled:rotate"
        },
        "minecraft:destroy_time": 1,
        "minecraft:friction": 0.6,
        "minecraft:crafting_table": {
          "grid_size": 3,
          "custom_description": "Microwave",
          "crafting_tags": [
            "furnace"
          ]
        },
        "minecraft:map_color": "#00ff00",
        "minecraft:flammable": {
          "flame_odds": 0,
          "burn_odds": 0
        },
        "minecraft:block_light_absorption": 0.5,
        "minecraft:block_light_emission": 0.2
      },
      "events": {
        "loled:rotate": {
          "set_block_property": {
            "loled:face": "(query.cardinal_player_facing)"
          }
        }
      },
      "permutations": [
        {
          "condition": "query.block_property('loled:face') == 2",
          "components": {
            "minecraft:block_light_emission": 0
          }
        },
        {
          "condition": "query.block_property('loled:face') == 3",
          "components": {
            "minecraft:rotation": [
              0,
              180,
              0
            ]
          }
        },
        {
          "condition": "query.block_property('loled:face') == 4",
          "components": {
            "minecraft:rotation": [
              0,
              90,
              0
            ]
          }
        },
        {
          "condition": "query.block_property('loled:face') == 5",
          "components": {
            "minecraft:rotation": [
              0,
              270,
              0
            ]
          }
        }
      ]
    }
  }