{"format_version":"1.16.100","minecraft:block":{"description":{"identifier":"loled:kitchen_fridge","properties":{"loled:face":[0,1,2,3],"loled:on":[0,1,2]}},"components":{"minecraft:material_instances":{"*":{"texture":"fridge","render_method":"alpha_test"}},"minecraft:creative_category":{"group":"itemGroup.name.kitchen","category":"construction"},"minecraft:loot":"loot_tables/kitchen/kitchen_fridge.json","minecraft:geometry":"geometry.fridge_close","minecraft:destroy_time":2,"minecraft:block_light_absorption":0,"minecraft:unwalkable":true,"minecraft:entity_collision":{"origin":[-8,0,-8],"size":[16,16,16]},"minecraft:pick_collision":{"origin":[-8,0,-8],"size":[16,16,16]},"minecraft:on_placed":{"event":"loled:open"},"minecraft:on_interact":{"event":"loled:toggle"},"minecraft:on_player_placing":{"event":"loled:face"}},"permutations":[{"condition":"query.block_property('loled:face') == 0","components":{"minecraft:rotation":[0,180,0]}},{"condition":"query.block_property('loled:face') == 1","components":{"minecraft:rotation":[0,0,0]}},{"condition":"query.block_property('loled:face') == 2","components":{"minecraft:rotation":[0,270,0]}},{"condition":"query.block_property('loled:face') == 3","components":{"minecraft:rotation":[0,90,0]}},{"condition":"query.block_property('loled:on') == 1","components":{"minecraft:geometry":"geometry.fridge","minecraft:block_light_absorption":0,"minecraft:entity_collision":{"origin":[-8,0,-6],"size":[16,16,14]},"minecraft:pick_collision":{"origin":[-8,0,-6],"size":[16,16,14]},"minecraft:on_placed":{"event":"nothing"},"minecraft:on_interact":{"event":"nothing"},"minecraft:ticking":{"looping":true,"range":[5,5],"on_tick":{"event":"loled:normal"}}}},{"condition":"query.block_property('loled:on') == 2","components":{"minecraft:geometry":"geometry.fridge_close","minecraft:block_light_absorption":0,"minecraft:entity_collision":{"origin":[-8,0,-8],"size":[16,16,16]},"minecraft:pick_collision":{"origin":[-8,0,-8],"size":[16,16,16]},"minecraft:on_placed":{"event":"nothing"},"minecraft:on_interact":{"event":"loled:toggle"}}}],"events":{"loled:face":{"set_block_property":{"loled:face":"query.cardinal_facing_2d-2"},"set_block_at_pos":{"block_type":{"name":"loled:colision"},"block_offset":[0,1,0]}},"loled:open":{"run_command":{"command":"summon furniture:fridge_abrir item.spawn_egg.entity.furniture:fridge_abrir.name ~~~"}},"loled:normal":{"set_block_property":{"loled:on":2},"run_command":{"command":"playsound block.barrel.close @p ~~~ 1 1"}},"loled:toggle":{"set_block_property":{"loled:on":1},"run_command":{"command":"playsound block.barrel.open @p ~~~ 1 1"}}}}}