{
    "format_version": "1.18.0",
    "animation_controllers": {
        "controller.animation.player.baby" : {
            "initial_state": "idle",
            "states": {
                "idle" : {
                    "transitions": [
                        {"baby" : "query.is_baby"}
                    ],
                    "blend_transition" : 0.2
                },
                "baby" : {
                    "animations": [ 
                        
                        "mobs_baby"
                    
                    
                    
                    ],
                    "transitions": [
                        {"idle" : "!query.is_baby"}
                    ],
                    "blend_transition" : 0.2
                }
            }
        }
    }
}